DATE;TIME;ZAT;OZNAKA;TIP_DOK;BR_DOK;POBROJ;MAG;IMEMAG;KOMINT;IMEKOM;DATUM;VALUTA;PLATENO;AZUR;NALOG;DOLGUVA;POBARUVA;FAKIZNOS;TRANSPORT;CARINA;UTOVAR;TROSOCI;NACINISPOR;TOVARLIST;VOZILO;PRIMIL;PORIZJAVA;MANIPUL;SIFCAR;IMECAR;SIFTRANS;IMETRANS;SIFSPED;IMESPED;DDV19;DDV5;DOK1;DOK2;DOK3;DOK4
19.11.2025;08:15:03;;;5;000001;;100;\OR^E;100;MAGACIN \OR^E;08.01.2025;08.01.2025;;;;;;0,00;0,00;0,00;1,000000;0,00;;;;;;0,00;0;;0;;0;;0,00;0,00;;;;
14.01.2025;08:36:58;;;2;000001;;100;\OR^E;1265;ORION KOMERC;08.01.2025;15.01.2025;;;;69246,00;;65949,00;0,00;0,00;0,000000;0,00;D;;;;;0,00;0;;0;;0;;0,00;3297,00;;;;
14.01.2025;08:39:55;;;2;000002;GIGO TREJD-4 radi[ani (toploteka);100;\OR^E;2008;GIGO-TREJD;08.01.2025;15.01.2025;;;;10473,50;;9975,00;0,00;0,00;0,000000;0,00;D;;;;;0,00;0;;0;;0;;0,00;498,50;;;;
14.01.2025;08:40:04;;;2;000003;GIGO TREJD-4 radi[ani;100;\OR^E;2008;GIGO-TREJD;08.01.2025;15.01.2025;;;;8678,00;;8265,00;0,00;0,00;0,000000;0,00;D;;;;;0,00;0;;0;;0;;0,00;413,00;;;;
14.01.2025;08:40:51;;;2;000004;SUPER TINEKS-11 lisa;100;\OR^E;1201;TINEKS MT;09.01.2025;09.04.2025;;;;7686,00;;7320,00;0,00;0,00;0,000000;0,00;D;;;;;0,00;0;;0;;0;;0,00;366,00;;;;
14.01.2025;08:42:19;;;2;000005;podr.ramstore vardar;100;\OR^E;971;RAMSTORE MAKEDONIJA DOO SKOPJE;08.01.2025;09.03.2025;;;;4441,50;;4230,00;0,00;0,00;0,000000;0,00;D;;;;;0,00;0;;0;;0;;0,00;211,50;;;;
25.06.2025;12:50:00;;;2;000006;VERO-9 n.banka Full plate;100;\OR^E;1050;VEROPULOS DOOEL SKOPJE;08.01.2025;09.03.2025;;;;12478,00;;11884,00;0,00;0,00;0,000000;0,00;D;;;;;0,00;0;;0;;0;;0,00;594,00;;;;
14.01.2025;08:46:01;;;2;000007;VERO-8 ^air;100;\OR^E;1050;VEROPULOS DOOEL SKOPJE;09.01.2025;10.03.2025;;;;2278,50;;2170,00;0,00;0,00;0,000000;0,00;D;;;;;0,00;0;;0;;0;;0,00;108,50;;;;
14.01.2025;08:46:40;;;2;000008;;100;\OR^E;877;INTEGRAL DOOEL;09.01.2025;24.01.2025;;;;12316,50;;11729,50;0,00;0,00;0,000000;0,00;D;;;;;0,00;0;;0;;0;;0,00;587,00;;;;
14.01.2025;08:48:04;;;2;000009;leptokarija;100;\OR^E;1168;TP SENDVI^ARA 7;08.01.2025;15.01.2025;;;;8798,00;;8379,00;0,00;0,00;0,000000;0,00;D;;;;;0,00;0;;0;;0;;0,00;419,00;;;;
14.01.2025;08:48:38;;;2;000010;GIGO TREJD-2 gor^e;100;\OR^E;2008;GIGO-TREJD;08.01.2025;15.01.2025;;;;10283,00;;9793,00;0,00;0,00;0,000000;0,00;D;;;;;0,00;0;;0;;0;;0,00;490,00;;;;
14.01.2025;08:52:52;;;2;000011;REPTIL-10 butel;100;\OR^E;1225;REPTIL DPTU;09.01.2025;08.02.2025;;;;2373,00;;2260,00;0,00;0,00;0,000000;0,00;D;;;;;0,00;0;;0;;0;;0,00;113,00;;;;
14.01.2025;08:54:00;;;2;000012;REPTIL-17 kozle;100;\OR^E;1225;REPTIL DPTU;09.01.2025;08.02.2025;;;;8451,00;;8048,50;0,00;0,00;0,000000;0,00;D;;;;;0,00;0;;0;;0;;0,00;402,50;;;;
14.01.2025;08:55:21;;;2;000013;ambasada;100;\OR^E;1168;TP SENDVI^ARA 7;09.01.2025;16.01.2025;;;;8798,00;;8379,00;0,00;0,00;0,000000;0,00;D;;;;;0,00;0;;0;;0;;0,00;419,00;;;;
14.01.2025;08:56:03;;;2;000014;;100;\OR^E;165;MRE@A DOO;09.01.2025;16.01.2025;;;;63774,50;;60737,50;0,00;0,00;0,000000;0,00;D;;;;;0,00;0;;0;;0;;0,00;3037,00;;;;
14.01.2025;08:58:05;;;2;000015;VERO-2 taftalixe;100;\OR^E;1050;VEROPULOS DOOEL SKOPJE;09.01.2025;10.03.2025;;;;15698,00;;14950,50;0,00;0,00;0,000000;0,00;D;;;;;0,00;0;;0;;0;;0,00;747,50;;;;
14.01.2025;09:15:52;;;2;000016;TINEKS piom;100;\OR^E;1201;TINEKS MT;09.01.2025;09.04.2025;;;;7287,50;;6940,50;0,00;0,00;0,000000;0,00;D;;;;;0,00;0;;0;;0;;0,00;347,00;;;;
14.01.2025;09:17:40;;;2;000017;aerodrom;100;\OR^E;1168;TP SENDVI^ARA 7;09.01.2025;16.01.2025;;;;8798,00;;8379,00;0,00;0,00;0,000000;0,00;D;;;;;0,00;0;;0;;0;;0,00;419,00;;;;
14.01.2025;09:18:24;;;2;000018;SUPER TINEKS-15 maj^in dom;100;\OR^E;1201;TINEKS MT;13.01.2025;13.04.2025;;;;5712,50;;5440,50;0,00;0,00;0,000000;0,00;D;;;;;0,00;0;;0;;0;;0,00;272,00;;;;
14.01.2025;09:19:27;;;2;000019;TINEKS karpo[-3;100;\OR^E;1201;TINEKS MT;13.01.2025;13.04.2025;;;;1586,00;;1510,50;0,00;0,00;0,000000;0,00;D;;;;;0,00;0;;0;;0;;0,00;75,50;;;;
14.01.2025;09:20:36;;;2;000020;TINEKS delikatesen (buWakovec);100;\OR^E;1201;TINEKS MT;13.01.2025;13.04.2025;;;;4126,50;;3930,00;0,00;0,00;0,000000;0,00;D;;;;;0,00;0;;0;;0;;0,00;196,50;;;;
14.01.2025;09:22:09;;;2;000021;podr.ramstore city moll;100;\OR^E;971;RAMSTORE MAKEDONIJA DOO SKOPJE;13.01.2025;14.03.2025;;;;4793,50;;4565,00;0,00;0,00;0,000000;0,00;D;;;;;0,00;0;;0;;0;;0,00;228,50;;;;
14.01.2025;09:23:08;;;2;000022;VERO-10 k.voda;100;\OR^E;1050;VEROPULOS DOOEL SKOPJE;13.01.2025;14.03.2025;;;;4735,50;;4510,00;0,00;0,00;0,000000;0,00;D;;;;;0,00;0;;0;;0;;0,00;225,50;;;;
14.01.2025;09:24:42;;;2;000023;GIGO TREJD-1 maxari;100;\OR^E;2008;GIGO-TREJD;13.01.2025;20.01.2025;;;;5147,50;;4902,00;0,00;0,00;0,000000;0,00;D;;;;;0,00;0;;0;;0;;0,00;245,50;;;;
14.01.2025;09:25:35;;;2;000024;makpetrol;100;\OR^E;1168;TP SENDVI^ARA 7;10.01.2025;17.01.2025;;;;8798,00;;8379,00;0,00;0,00;0,000000;0,00;D;;;;;0,00;0;;0;;0;;0,00;419,00;;;;
14.01.2025;09:26:03;;;2;000025;;100;\OR^E;866;BTA MAKEDONIJA DOOEL;10.01.2025;09.02.2025;;;;11901,00;;11334,50;0,00;0,00;0,000000;0,00;D;;;;;0,00;0;;0;;0;;0,00;566,50;;;;
14.01.2025;09:26:44;;;2;000026;aerodrom;100;\OR^E;24;PLANET PI ES DOOOEL;13.01.2025;13.01.2025;;;;2425,00;;2309,50;0,00;0,00;0,000000;0,00;D;;;;;0,00;0;;0;;0;;0,00;115,50;;;;
14.01.2025;09:28:01;;;2;000027;ZUR market-9 maxari;100;\OR^E;874;T.D.GRANDPROM ZUR DOO;10.01.2025;09.02.2025;;;;1764,00;;1680,00;0,00;0,00;0,000000;0,00;D;;;;;0,00;0;;0;;0;;0,00;84,00;;;;
14.01.2025;09:28:46;;;2;000028;REPTIL-13 maxari;100;\OR^E;1225;REPTIL DPTU;10.01.2025;09.02.2025;;;;9720,00;;9257,00;0,00;0,00;0,000000;0,00;D;;;;;0,00;0;;0;;0;;0,00;463,00;;;;
14.01.2025;09:31:09;;;2;000029;magacin saraj;100;\OR^E;187;DAUTI-KOMERC KE[&KERI;13.01.2025;12.02.2025;;;;144837,00;;137940,00;0,00;0,00;0,000000;0,00;D;;;;;0,00;0;;0;;0;;0,00;6897,00;;;;
14.01.2025;09:30:54;;;5;000002;;100;\OR^E;100;MAGACIN \OR^E;13.01.2025;13.01.2025;;;;;;0,00;0,00;0,00;1,000000;0,00;;;;;;0,00;0;;0;;0;;0,00;0,00;;;;
30.06.2025;10:01:51;;;2;000030;mesara buWakovec;100;\OR^E;895;TEOSA KOMPANI DOOEL SKOPJE;13.01.2025;20.01.2025;;;;10857,00;;10340,00;0,00;0,00;0,000000;0,00;D;;;;;0,00;0;;0;;0;;0,00;517,00;;;;
15.01.2025;08:21:39;;;2;000031;;100;\OR^E;1328;BONTE KOMPANI;14.01.2025;21.01.2025;;;;30882,50;;29412,00;0,00;0,00;0,000000;0,00;D;;;;;0,00;0;;0;;0;;0,00;1470,50;;;;
15.01.2025;08:23:32;;;2;000032;restoran;100;\OR^E;1168;TP SENDVI^ARA 7;14.01.2025;21.01.2025;;;;8798,00;;8379,00;0,00;0,00;0,000000;0,00;D;;;;;0,00;0;;0;;0;;0,00;419,00;;;;
15.01.2025;08:24:06;;;2;000033;VERO-6 bitola;100;\OR^E;1050;VEROPULOS DOOEL SKOPJE;14.01.2025;15.03.2025;;;;4736,00;;4510,00;0,00;0,00;0,000000;0,00;D;;;;;0,00;0;;0;;0;;0,00;226,00;;;;
15.01.2025;08:25:38;;;2;000034;SUPER TINEKS-2 zebra;100;\OR^E;1201;TINEKS MT;14.01.2025;14.04.2025;;;;12810,50;;12200,50;0,00;0,00;0,000000;0,00;D;;;;;0,00;0;;0;;0;;0,00;610,00;;;;
16.01.2025;08:33:23;;;2;000035;SUPER TINEKS lisa;100;\OR^E;1201;TINEKS MT;15.01.2025;15.04.2025;;;;3969,00;;3780,00;0,00;0,00;0,000000;0,00;D;;;;;0,00;0;;0;;0;;0,00;189,00;;;;
15.01.2025;08:36:59;;;2;000036;VERO-3 tetovo;100;\OR^E;1050;VEROPULOS DOOEL SKOPJE;14.01.2025;15.03.2025;;;;15901,50;;15144,00;0,00;0,00;0,000000;0,00;D;;;;;0,00;0;;0;;0;;0,00;757,50;;;;
15.01.2025;08:38:01;;;2;000037;SUPER TINEKS-13 pra[ka;100;\OR^E;1201;TINEKS MT;14.01.2025;14.04.2025;;;;882,00;;840,00;0,00;0,00;0,000000;0,00;D;;;;;0,00;0;;0;;0;;0,00;42,00;;;;
15.01.2025;08:38:37;;;2;000038;ZUR market-3 przino;100;\OR^E;874;T.D.GRANDPROM ZUR DOO;14.01.2025;13.02.2025;;;;2709,00;;2580,00;0,00;0,00;0,000000;0,00;D;;;;;0,00;0;;0;;0;;0,00;129,00;;;;
15.01.2025;08:39:15;;;2;000039;TINEKS karpo[-4;100;\OR^E;1201;TINEKS MT;14.01.2025;14.04.2025;;;;2735,50;;2605,00;0,00;0,00;0,000000;0,00;D;;;;;0,00;0;;0;;0;;0,00;130,50;;;;
15.01.2025;08:40:14;;;2;000040;REPTIL-5 karpo[;100;\OR^E;1225;REPTIL DPTU;14.01.2025;13.02.2025;;;;3081,00;;2934,50;0,00;0,00;0,000000;0,00;D;;;;;0,00;0;;0;;0;;0,00;146,50;;;;
15.01.2025;08:41:12;;;2;000041;SUPER TINEKS-10 cveten;100;\OR^E;1201;TINEKS MT;14.01.2025;14.04.2025;;;;3853,50;;3670,00;0,00;0,00;0,000000;0,00;D;;;;;0,00;0;;0;;0;;0,00;183,50;;;;
29.10.2025;12:30:58;;;2;000042;;100;\OR^E;1371;SER@;14.01.2025;21.01.2025;;;;4608,50;;4389,00;0,00;0,00;0,000000;0,00;D;;;;;0,00;0;;0;;0;;0,00;219,50;;;;
15.01.2025;09:15:00;;;5;000003;;100;\OR^E;100;MAGACIN \OR^E;14.01.2025;14.01.2025;;;;;;0,00;0,00;0,00;1,000000;0,00;;;;;;0,00;0;;0;;0;;0,00;0,00;;;;
15.01.2025;09:16:01;;;2;000043;GIGO TREJD-1 maxari;100;\OR^E;2008;GIGO-TREJD;15.01.2025;22.01.2025;;;;5418,00;;5160,00;0,00;0,00;0,000000;0,00;D;;;;;0,00;0;;0;;0;;0,00;258,00;;;;
16.01.2025;15:43:38;;;2;000044;magacin saraj;100;\OR^E;63;DERVENT PRODUKT DOOEL SKOPJE;15.01.2025;22.01.2025;;;;11855,00;;11290,50;0,00;0,00;0,000000;0,00;D;;;;;0,00;0;;0;;0;;0,00;564,50;;;;
16.01.2025;08:56:51;;;5;000004;;100;\OR^E;100;MAGACIN \OR^E;15.01.2025;15.01.2025;;;;;;0,00;0,00;0,00;1,000000;0,00;;;;;;0,00;0;;0;;0;;0,00;0,00;;;;
16.01.2025;08:40:03;;;2;000045;podr.ramstore g.lisi^e;100;\OR^E;971;RAMSTORE MAKEDONIJA DOO SKOPJE;15.01.2025;16.03.2025;;;;1984,50;;1890,00;0,00;0,00;0,000000;0,00;D;;;;;0,00;0;;0;;0;;0,00;94,50;;;;
16.01.2025;08:40:29;;;2;000046;VERO-7 gtc;100;\OR^E;1050;VEROPULOS DOOEL SKOPJE;15.01.2025;16.03.2025;;;;3885,00;;3700,00;0,00;0,00;0,000000;0,00;D;;;;;0,00;0;;0;;0;;0,00;185,00;;;;
16.01.2025;08:41:34;;;2;000047;TINEKS porta aerodrom;100;\OR^E;1201;TINEKS MT;15.01.2025;15.04.2025;;;;882,00;;840,00;0,00;0,00;0,000000;0,00;D;;;;;0,00;0;;0;;0;;0,00;42,00;;;;
16.01.2025;08:42:31;;;2;000048;ZUR market-18 rasadnik;100;\OR^E;874;T.D.GRANDPROM ZUR DOO;15.01.2025;14.02.2025;;;;7578,00;;7217,00;0,00;0,00;0,000000;0,00;D;;;;;0,00;0;;0;;0;;0,00;361,00;;;;
16.01.2025;08:49:43;;;2;000049;podr.ramstore taftalixe;100;\OR^E;971;RAMSTORE MAKEDONIJA DOO SKOPJE;16.01.2025;17.03.2025;;;;4126,50;;3930,00;0,00;0,00;0,000000;0,00;D;;;;;0,00;0;;0;;0;;0,00;196,50;;;;
16.01.2025;08:50:32;;;2;000050;SUPER TINEKS-9 zlokukjani;100;\OR^E;1201;TINEKS MT;15.01.2025;15.04.2025;;;;4499,50;;4285,00;0,00;0,00;0,000000;0,00;D;;;;;0,00;0;;0;;0;;0,00;214,50;;;;
16.01.2025;08:52:13;;;2;000051;;100;\OR^E;1301;MEDISON T.P.;15.01.2025;22.01.2025;;;;17955,00;;17100,00;0,00;0,00;0,000000;0,00;D;;;;;0,00;0;;0;;0;;0,00;855,00;;;;
16.01.2025;08:53:16;;;2;000052;DIM market-2 k.voda;100;\OR^E;874;T.D.GRANDPROM ZUR DOO;15.01.2025;14.02.2025;;;;6738,00;;6417,00;0,00;0,00;0,000000;0,00;D;;;;;0,00;0;;0;;0;;0,00;321,00;;;;
16.01.2025;08:57:19;;;2;000053;DIM market-3 gazi baba;100;\OR^E;874;T.D.GRANDPROM ZUR DOO;15.01.2025;14.02.2025;;;;5418,00;;5160,00;0,00;0,00;0,000000;0,00;D;;;;;0,00;0;;0;;0;;0,00;258,00;;;;
16.01.2025;08:58:23;;;2;000054;DIM market-4 hrom;100;\OR^E;874;T.D.GRANDPROM ZUR DOO;15.01.2025;14.02.2025;;;;3591,00;;3420,00;0,00;0,00;0,000000;0,00;D;;;;;0,00;0;;0;;0;;0,00;171,00;;;;
16.01.2025;08:59:39;;;2;000055;DIM market-6 gor^e;100;\OR^E;874;T.D.GRANDPROM ZUR DOO;15.01.2025;14.02.2025;;;;5814,00;;5537,00;0,00;0,00;0,000000;0,00;D;;;;;0,00;0;;0;;0;;0,00;277,00;;;;
16.01.2025;09:01:00;;;2;000056;DIM market-7 aerodrom;100;\OR^E;874;T.D.GRANDPROM ZUR DOO;15.01.2025;14.02.2025;;;;5544,00;;5280,00;0,00;0,00;0,000000;0,00;D;;;;;0,00;0;;0;;0;;0,00;264,00;;;;
16.01.2025;09:02:15;;;2;000057;DIM market-14 karpo[-3;100;\OR^E;874;T.D.GRANDPROM ZUR DOO;15.01.2025;14.02.2025;;;;6078,00;;5788,50;0,00;0,00;0,000000;0,00;D;;;;;0,00;0;;0;;0;;0,00;289,50;;;;
16.01.2025;09:02:55;;;2;000058;;100;\OR^E;874;T.D.GRANDPROM ZUR DOO;16.01.2025;15.02.2025;;;;0,00;;0,00;0,00;0,00;0,000000;0,00;D;;;;;0,00;0;;0;;0;;0,00;0,00;;;;
16.01.2025;09:03:05;;;2;000059;;100;\OR^E;874;T.D.GRANDPROM ZUR DOO;15.01.2025;14.02.2025;;;;0,00;;0,00;0,00;0,00;0,000000;0,00;D;;;;;0,00;0;;0;;0;;0,00;0,00;;;;
16.01.2025;09:03:25;;;2;000060;;100;\OR^E;874;T.D.GRANDPROM ZUR DOO;15.01.2025;14.02.2025;;;;0,00;;0,00;0,00;0,00;0,000000;0,00;D;;;;;0,00;0;;0;;0;;0,00;0,00;;;;
16.01.2025;15:30:24;;;2;000061;;100;\OR^E;2056;ALTERA FUD DOO;16.01.2025;16.01.2025;;;;4630,50;;4410,00;0,00;0,00;0,000000;0,00;D;;;;;0,00;0;;0;;0;;0,00;220,50;;;;
16.01.2025;09:04:55;;;2;000062;ZUR market-21 gor^e;100;\OR^E;874;T.D.GRANDPROM ZUR DOO;15.01.2025;14.02.2025;;;;4734,00;;4509,00;0,00;0,00;0,000000;0,00;D;;;;;0,00;0;;0;;0;;0,00;225,00;;;;
16.01.2025;09:05:58;;;2;000063;podr.ramstore aerodrom;100;\OR^E;971;RAMSTORE MAKEDONIJA DOO SKOPJE;15.01.2025;16.03.2025;;;;3570,50;;3400,50;0,00;0,00;0,000000;0,00;D;;;;;0,00;0;;0;;0;;0,00;170,00;;;;
16.01.2025;15:47:17;;;2;000064;;100;\OR^E;1424;SOLETA DOO;15.01.2025;14.02.2025;;;;1610,00;;1533,50;0,00;0,00;0,000000;0,00;D;;;;;0,00;0;;0;;0;;0,00;76,50;;;;
20.01.2025;08:40:57;;;2;000065;VERO-2 taftalixe;100;\OR^E;1050;VEROPULOS DOOEL SKOPJE;16.01.2025;17.03.2025;;;;10532,00;;10030,50;0,00;0,00;0,000000;0,00;D;;;;;0,00;0;;0;;0;;0,00;501,50;;;;
20.01.2025;08:42:21;;;2;000066;VERO-13 limak;100;\OR^E;1050;VEROPULOS DOOEL SKOPJE;16.01.2025;17.03.2025;;;;1580,50;;1505,00;0,00;0,00;0,000000;0,00;D;;;;;0,00;0;;0;;0;;0,00;75,50;;;;
29.10.2025;12:31:13;;;2;000067;VERO-9 n.banka;100;\OR^E;1050;VEROPULOS DOOEL SKOPJE;16.01.2025;17.03.2025;;;;11603,00;;11050,50;0,00;0,00;0,000000;0,00;D;;;;;0,00;0;;0;;0;;0,00;552,50;;;;
17.01.2025;08:14:44;;;2;000068;podr.ramstore city moll;100;\OR^E;971;RAMSTORE MAKEDONIJA DOO SKOPJE;16.01.2025;17.03.2025;;;;3728,00;;3550,50;0,00;0,00;0,000000;0,00;D;;;;;0,00;0;;0;;0;;0,00;177,50;;;;
27.02.2025;10:11:42;;;2;000069;;100;\OR^E;1028;MAKROPROM;16.01.2025;23.01.2025;;;;19491,50;;18563,00;0,00;0,00;0,000000;0,00;D;;;;;0,00;0;;0;;0;;0,00;928,50;;;;
20.01.2025;08:47:21;;;2;000070;TINEKS-delikatesen (vodno);100;\OR^E;1201;TINEKS MT;16.01.2025;16.04.2025;;;;3748,50;;3570,00;0,00;0,00;0,000000;0,00;D;;;;;0,00;0;;0;;0;;0,00;178,50;;;;
16.01.2025;16:01:26;;;2;000071;ZUR market-19 dra^evo;100;\OR^E;874;T.D.GRANDPROM ZUR DOO;16.01.2025;15.02.2025;;;;6981,00;;6648,50;0,00;0,00;0,000000;0,00;D;;;;;0,00;0;;0;;0;;0,00;332,50;;;;
16.01.2025;16:02:34;;;2;000072;ZUR market-7 dra^evo;100;\OR^E;874;T.D.GRANDPROM ZUR DOO;16.01.2025;15.02.2025;;;;4536,00;;4320,00;0,00;0,00;0,000000;0,00;D;;;;;0,00;0;;0;;0;;0,00;216,00;;;;
16.01.2025;16:03:22;;;2;000073;DIM market-1 s.stajkovci;100;\OR^E;874;T.D.GRANDPROM ZUR DOO;16.01.2025;15.02.2025;;;;8031,00;;7648,50;0,00;0,00;0,000000;0,00;D;;;;;0,00;0;;0;;0;;0,00;382,50;;;;
30.05.2025;14:02:10;;;2;000074;DIM market-8 d.lisi^e;100;\OR^E;874;T.D.GRANDPROM ZUR DOO;16.01.2025;15.02.2025;;;;4494,00;;4280,00;0,00;0,00;0,000000;0,00;D;;;;;0,00;0;;0;;0;;0,00;214,00;;;;
16.01.2025;16:06:23;;;2;000075;DIM market-17 ^ento (pazarot);100;\OR^E;874;T.D.GRANDPROM ZUR DOO;16.01.2025;15.02.2025;;;;6447,00;;6140,00;0,00;0,00;0,000000;0,00;D;;;;;0,00;0;;0;;0;;0,00;307,00;;;;
16.01.2025;16:06:13;;;5;000005;;100;\OR^E;100;MAGACIN \OR^E;16.01.2025;16.01.2025;;;;;;0,00;0,00;0,00;1,000000;0,00;;;;;;0,00;0;;0;;0;;0,00;0,00;;;;
16.01.2025;16:07:42;;;2;000076;DIM market-18 ^ento;100;\OR^E;874;T.D.GRANDPROM ZUR DOO;16.01.2025;15.02.2025;;;;6738,00;;6417,00;0,00;0,00;0,000000;0,00;D;;;;;0,00;0;;0;;0;;0,00;321,00;;;;
16.01.2025;16:08:33;;;2;000077;DIM market-21 v.bolnica;100;\OR^E;874;T.D.GRANDPROM ZUR DOO;16.01.2025;15.02.2025;;;;4251,00;;4048,50;0,00;0,00;0,000000;0,00;D;;;;;0,00;0;;0;;0;;0,00;202,50;;;;
16.01.2025;16:09:23;;;2;000078;;100;\OR^E;1348;KVATRO;16.01.2025;23.01.2025;;;;16386,00;;15605,00;0,00;0,00;0,000000;0,00;D;;;;;0,00;0;;0;;0;;0,00;781,00;;;;
20.01.2025;08:47:31;;;2;000079;;100;\OR^E;1095;BOMAGO;16.01.2025;23.01.2025;;;;64877,50;;61788,00;0,00;0,00;0,000000;0,00;D;;;;;0,00;0;;0;;0;;0,00;3089,50;;;;
16.01.2025;16:11:21;;;2;000080;;100;\OR^E;877;INTEGRAL DOOEL;16.01.2025;31.01.2025;;;;15020,00;;14304,00;0,00;0,00;0,000000;0,00;D;;;;;0,00;0;;0;;0;;0,00;716,00;;;;
16.01.2025;16:13:24;;;2;000081;mesara ^ento;100;\OR^E;225;KARNIVOR DOOEL SKOPJE;16.01.2025;23.01.2025;;;;6835,00;;6510,00;0,00;0,00;0,000000;0,00;D;;;;;0,00;0;;0;;0;;0,00;325,00;;;;
11.03.2025;09:55:04;;;2;000082;;100;\OR^E;1321;MB-DOO;16.01.2025;23.01.2025;;;;6005,00;;5719,00;0,00;0,00;0,000000;0,00;D;;;;;0,00;0;;0;;0;;0,00;286,00;;;;
16.01.2025;16:15:58;;;2;000083;;100;\OR^E;883;SPECIJAL PRODUKT DOOEL;16.01.2025;16.01.2025;;;;38334,00;;36508,50;0,00;0,00;0,000000;0,00;D;;;;;0,00;0;;0;;0;;0,00;1825,50;;;;
16.01.2025;16:16:52;;;2;000084;VERO-5 centar;100;\OR^E;1050;VEROPULOS DOOEL SKOPJE;16.01.2025;17.03.2025;;;;6971,00;;6639,00;0,00;0,00;0,000000;0,00;D;;;;;0,00;0;;0;;0;;0,00;332,00;;;;
20.01.2025;08:47:08;;;2;000085;podr.ramstore vodno;100;\OR^E;971;RAMSTORE MAKEDONIJA DOO SKOPJE;16.01.2025;17.03.2025;;;;3276,50;;3120,50;0,00;0,00;0,000000;0,00;D;;;;;0,00;0;;0;;0;;0,00;156,00;;;;
17.01.2025;09:08:45;;;9;000001;;100;\OR^E;828;ISBS DOOEL SKOPJE;09.01.2025;09.01.2025;;;;7800,00;;7428,50;0,00;0,00;0,000000;0,00;D;;;;;0,00;0;;0;;0;;0,00;371,50;;;;
22.01.2025;15:03:06;;;9;000002;;100;\OR^E;67;PICERIJA PICIKATO TETOVO;17.01.2025;17.01.2025;;;;0,00;;0,00;0,00;0,00;0,000000;0,00;D;;;;;0,00;0;;0;;0;;0,00;0,00;;;;
23.01.2025;09:11:06;;;5;000006;;100;\OR^E;100;MAGACIN \OR^E;17.01.2025;17.01.2025;;;;;;0,00;0,00;0,00;1,000000;0,00;;;;;;0,00;0;;0;;0;;0,00;0,00;;;;
20.01.2025;08:46:34;;;2;000086;;100;\OR^E;885;TRGOPRODUKT DOO STRUMICA;17.01.2025;17.01.2025;;;;41895,00;;39900,00;0,00;0,00;0,000000;0,00;D;;;;;0,00;0;;0;;0;;0,00;1995,00;;;;
24.01.2025;15:33:11;;;5;000007;;100;\OR^E;100;MAGACIN \OR^E;20.01.2025;20.01.2025;;;;;;0,00;0,00;0,00;1,000000;0,00;;;;;;0,00;0;;0;;0;;0,00;0,00;;;;
20.01.2025;14:55:40;;;2;000087;restoran fotka;100;\OR^E;902;LUKSEMURG KOMERC PERO DOOEL SKOPJE;20.01.2025;27.01.2025;;;;2425,50;;2310,00;0,00;0,00;0,000000;0,00;D;;;;;0,00;0;;0;;0;;0,00;115,50;;;;
20.01.2025;14:56:25;;;2;000088;;100;\OR^E;1434;MARJAN-KOOP DOOEL SKOPJE;20.01.2025;27.01.2025;;;;5187,00;;4940,00;0,00;0,00;0,000000;0,00;D;;;;;0,00;0;;0;;0;;0,00;247,00;;;;
22.01.2025;08:11:33;;;9;000003;;100;\OR^E;1005;AFRO-KOM SKOPJE;22.01.2025;22.01.2025;;;;18246,00;;17377,00;0,00;0,00;0,000000;0,00;D;;;;;0,00;0;;0;;0;;0,00;869,00;;;;
06.05.2025;14:46:33;;;5;000008;;100;\OR^E;100;MAGACIN \OR^E;22.01.2025;22.01.2025;;;;;;0,00;0,00;0,00;1,000000;0,00;;;;;;0,00;0;;0;;0;;0,00;0,00;;;;
22.01.2025;08:12:07;;;9;000004;;100;\OR^E;1;ZORAN BITOLA;22.01.2025;06.02.2025;;;;7980,00;;7600,00;0,00;0,00;0,000000;0,00;D;;;;;0,00;0;;0;;0;;0,00;380,00;;;;
22.01.2025;08:20:47;;;2;000089;podr.ramstore capitol moll;100;\OR^E;971;RAMSTORE MAKEDONIJA DOO SKOPJE;21.01.2025;22.03.2025;;;;5565,50;;5300,50;0,00;0,00;0,000000;0,00;D;;;;;0,00;0;;0;;0;;0,00;265,00;;;;
22.01.2025;08:22:08;;;2;000090;VERO-1 aerodrom;100;\OR^E;1050;VEROPULOS DOOEL SKOPJE;21.01.2025;22.03.2025;;;;2572,50;;2450,00;0,00;0,00;0,000000;0,00;D;;;;;0,00;0;;0;;0;;0,00;122,50;;;;
23.01.2025;09:01:09;;;2;000091;VERO-7 gtc;100;\OR^E;1050;VEROPULOS DOOEL SKOPJE;21.01.2025;22.03.2025;;;;2688,50;;2560,50;0,00;0,00;0,000000;0,00;D;;;;;0,00;0;;0;;0;;0,00;128,00;;;;
22.01.2025;08:23:43;;;2;000092;podr.ramstore g.lisi^e;100;\OR^E;971;RAMSTORE MAKEDONIJA DOO SKOPJE;21.01.2025;22.03.2025;;;;3675,50;;3500,50;0,00;0,00;0,000000;0,00;D;;;;;0,00;0;;0;;0;;0,00;175,00;;;;
17.07.2025;10:41:05;;;2;000093;VERO-10 k.voda;100;\OR^E;1050;VEROPULOS DOOEL SKOPJE;21.01.2025;22.03.2025;;;;5302,50;;5050,00;0,00;0,00;0,000000;0,00;D;;;;;0,00;0;;0;;0;;0,00;252,50;;;;
22.01.2025;08:25:13;;;2;000094;VERO-2 taftalixe;100;\OR^E;1050;VEROPULOS DOOEL SKOPJE;21.01.2025;22.03.2025;;;;9828,00;;9360,00;0,00;0,00;0,000000;0,00;D;;;;;0,00;0;;0;;0;;0,00;468,00;;;;
23.01.2025;09:02:03;;;2;000095;VERO-12 karpo[-4;100;\OR^E;1050;VEROPULOS DOOEL SKOPJE;22.01.2025;23.03.2025;;;;7691,50;;7325,00;0,00;0,00;0,000000;0,00;D;;;;;0,00;0;;0;;0;;0,00;366,50;;;;
24.01.2025;08:21:14;;;2;000096;VERO-13 dajmond;100;\OR^E;1050;VEROPULOS DOOEL SKOPJE;23.01.2025;24.03.2025;;;;3537,50;;3369,00;0,00;0,00;0,000000;0,00;D;;;;;0,00;0;;0;;0;;0,00;168,50;;;;
23.01.2025;09:09:07;;;2;000097;SUPER TINEKS-11 lisa;100;\OR^E;1201;TINEKS MT;22.01.2025;22.04.2025;;;;5008,50;;4770,00;0,00;0,00;0,000000;0,00;D;;;;;0,00;0;;0;;0;;0,00;238,50;;;;
23.01.2025;09:11:46;;;2;000098;TINEKS centar-2;100;\OR^E;1201;TINEKS MT;22.01.2025;22.04.2025;;;;3454,50;;3290,00;0,00;0,00;0,000000;0,00;D;;;;;0,00;0;;0;;0;;0,00;164,50;;;;
23.01.2025;09:13:07;;;2;000099;TINEKS aerodrom;100;\OR^E;1201;TINEKS MT;22.01.2025;22.04.2025;;;;2573,00;;2450,50;0,00;0,00;0,000000;0,00;D;;;;;0,00;0;;0;;0;;0,00;122,50;;;;
23.01.2025;09:17:05;;;2;000100;TINEKS hrom;100;\OR^E;1201;TINEKS MT;22.01.2025;22.04.2025;;;;9976,00;;9501,00;0,00;0,00;0,000000;0,00;D;;;;;0,00;0;;0;;0;;0,00;475,00;;;;
24.01.2025;15:32:49;;;5;000009;;100;\OR^E;100;MAGACIN \OR^E;22.01.2025;22.01.2025;;;;;;0,00;0,00;0,00;1,000000;0,00;;;;;;0,00;0;;0;;0;;0,00;0,00;;;;
23.01.2025;09:19:12;;;2;000101;;100;\OR^E;156;BOSA DVA;22.01.2025;29.01.2025;;;;20588,50;;19608,00;0,00;0,00;0,000000;0,00;D;;;;;0,00;0;;0;;0;;0,00;980,50;;;;
23.01.2025;09:31:06;;;2;000102;;100;\OR^E;866;BTA MAKEDONIJA DOOEL;22.01.2025;21.02.2025;;;;11466,00;;10920,00;0,00;0,00;0,000000;0,00;D;;;;;0,00;0;;0;;0;;0,00;546,00;;;;
23.01.2025;09:34:06;;;2;000103;aerodrom;100;\OR^E;1168;TP SENDVI^ARA 7;22.01.2025;29.01.2025;;;;8798,00;;8379,00;0,00;0,00;0,000000;0,00;D;;;;;0,00;0;;0;;0;;0,00;419,00;;;;
23.01.2025;09:38:50;;;2;000104;TINEKS karpo[-3;100;\OR^E;1201;TINEKS MT;22.01.2025;22.04.2025;;;;3570,50;;3400,50;0,00;0,00;0,000000;0,00;D;;;;;0,00;0;;0;;0;;0,00;170,00;;;;
24.01.2025;08:21:25;;;2;000105;podr.ramstore star aerodrom;100;\OR^E;971;RAMSTORE MAKEDONIJA DOO SKOPJE;22.01.2025;23.03.2025;;;;6300,50;;6000,50;0,00;0,00;0,000000;0,00;D;;;;;0,00;0;;0;;0;;0,00;300,00;;;;
23.01.2025;09:46:16;;;2;000106;ZUR market-1 s.zelenikovo;100;\OR^E;874;T.D.GRANDPROM ZUR DOO;22.01.2025;23.03.2025;;;;3654,00;;3480,00;0,00;0,00;0,000000;0,00;D;;;;;0,00;0;;0;;0;;0,00;174,00;;;;
23.01.2025;09:47:14;;;2;000107;REPTIL-17 kozle;100;\OR^E;1225;REPTIL DPTU;22.01.2025;21.02.2025;;;;3369,00;;3209,00;0,00;0,00;0,000000;0,00;D;;;;;0,00;0;;0;;0;;0,00;160,00;;;;
23.01.2025;09:48:18;;;2;000108;REPTIL-1 ruzveltova;100;\OR^E;1225;REPTIL DPTU;22.01.2025;21.02.2025;;;;4431,00;;4220,00;0,00;0,00;0,000000;0,00;D;;;;;0,00;0;;0;;0;;0,00;211,00;;;;
24.01.2025;08:22:05;;;2;000109;VERO-11 tetovo;100;\OR^E;1050;VEROPULOS DOOEL SKOPJE;23.01.2025;24.03.2025;;;;1984,50;;1890,00;0,00;0,00;0,000000;0,00;D;;;;;0,00;0;;0;;0;;0,00;94,50;;;;
21.08.2025;08:28:48;;;2;000110;VERO-9 ful plate;100;\OR^E;1050;VEROPULOS DOOEL SKOPJE;23.01.2025;24.03.2025;;;;12180,00;;11600,00;0,00;0,00;0,000000;0,00;D;;;;;0,00;0;;0;;0;;0,00;580,00;;;;
24.01.2025;08:25:34;;;2;000111;TINEKS k.voda-1;100;\OR^E;1201;TINEKS MT;23.01.2025;23.04.2025;;;;5849,50;;5571,00;0,00;0,00;0,000000;0,00;D;;;;;0,00;0;;0;;0;;0,00;278,50;;;;
24.01.2025;08:27:36;;;2;000112;podr.ramstore city moll;100;\OR^E;971;RAMSTORE MAKEDONIJA DOO SKOPJE;23.01.2025;24.03.2025;;;;5995,50;;5710,00;0,00;0,00;0,000000;0,00;D;;;;;0,00;0;;0;;0;;0,00;285,50;;;;
24.01.2025;08:29:06;;;2;000113;SUPER TINEKS-1 godel;100;\OR^E;1201;TINEKS MT;23.01.2025;23.04.2025;;;;1586,00;;1510,50;0,00;0,00;0,000000;0,00;D;;;;;0,00;0;;0;;0;;0,00;75,50;;;;
24.01.2025;08:30:04;;;2;000114;SUPER TINEKS-3 prvomajska;100;\OR^E;1201;TINEKS MT;23.01.2025;23.04.2025;;;;4557,50;;4340,50;0,00;0,00;0,000000;0,00;D;;;;;0,00;0;;0;;0;;0,00;217,00;;;;
07.02.2025;14:50:46;;;2;000115;;100;\OR^E;877;INTEGRAL DOOEL;23.01.2025;09.03.2025;;;;12289,00;;11704,00;0,00;0,00;0,000000;0,00;D;;;;;0,00;0;;0;;0;;0,00;585,00;;;;
24.01.2025;08:32:35;;;2;000116;REPTIL-14 lisi^e;100;\OR^E;1225;REPTIL DPTU;23.01.2025;22.02.2025;;;;8880,00;;8457,00;0,00;0,00;0,000000;0,00;D;;;;;0,00;0;;0;;0;;0,00;423,00;;;;
24.01.2025;08:33:39;;;2;000117;;100;\OR^E;59;TIM VOJCEVSKI DOO SKOPJE;23.01.2025;23.01.2025;;;;2667,00;;2540,00;0,00;0,00;0,000000;0,00;D;;;;;0,00;0;;0;;0;;0,00;127,00;;;;
24.01.2025;15:26:10;;;2;000118;;100;\OR^E;165;MRE@A DOO;23.01.2025;30.01.2025;;;;41615,50;;39634,00;0,00;0,00;0,000000;0,00;D;;;;;0,00;0;;0;;0;;0,00;1981,50;;;;
24.01.2025;15:26:41;;;2;000119;VERO-8 ^air;100;\OR^E;1050;VEROPULOS DOOEL SKOPJE;24.01.2025;25.03.2025;;;;2866,50;;2730,00;0,00;0,00;0,000000;0,00;D;;;;;0,00;0;;0;;0;;0,00;136,50;;;;
27.01.2025;15:42:50;;;2;000120;;100;\OR^E;18;PAKET MARKET DOO-PODRUZNICA;24.01.2025;23.02.2025;;;;3595,00;;3424,00;0,00;0,00;0,000000;0,00;D;;;;;0,00;0;;0;;0;;0,00;171,00;;;;
24.01.2025;15:29:37;;;2;000121;podr.ramstore topana;100;\OR^E;971;RAMSTORE MAKEDONIJA DOO SKOPJE;24.01.2025;25.03.2025;;;;3550,00;;3381,00;0,00;0,00;0,000000;0,00;D;;;;;0,00;0;;0;;0;;0,00;169,00;;;;
24.01.2025;15:34:36;;;5;000010;;100;\OR^E;100;MAGACIN \OR^E;24.01.2025;24.01.2025;;;;;;0,00;0,00;0,00;1,000000;0,00;;;;;;0,00;0;;0;;0;;0,00;0,00;;;;
24.01.2025;15:30:45;;;2;000122;REPTIL-8 radi[ani;100;\OR^E;1225;REPTIL DPTU;24.01.2025;23.02.2025;;;;5607,00;;5340,00;0,00;0,00;0,000000;0,00;D;;;;;0,00;0;;0;;0;;0,00;267,00;;;;
24.01.2025;15:31:13;;;2;000123;REPTIL-10 butel;100;\OR^E;1225;REPTIL DPTU;24.01.2025;23.02.2025;;;;4326,00;;4120,00;0,00;0,00;0,000000;0,00;D;;;;;0,00;0;;0;;0;;0,00;206,00;;;;
24.01.2025;15:32:00;;;2;000124;SUPER TINEKS-15 maj^in dom;100;\OR^E;1201;TINEKS MT;24.01.2025;24.04.2025;;;;2866,50;;2730,00;0,00;0,00;0,000000;0,00;D;;;;;0,00;0;;0;;0;;0,00;136,50;;;;
24.01.2025;15:32:41;;;2;000125;makpetrol;100;\OR^E;1168;TP SENDVI^ARA 7;24.01.2025;31.01.2025;;;;8798,00;;8379,00;0,00;0,00;0,000000;0,00;D;;;;;0,00;0;;0;;0;;0,00;419,00;;;;
24.01.2025;15:34:46;;;2;000126;;100;\OR^E;57;ARISTOTELIS BROTHERS DOO;24.01.2025;31.01.2025;;;;4344,00;;4137,00;0,00;0,00;0,000000;0,00;D;;;;;0,00;0;;0;;0;;0,00;207,00;;;;
24.01.2025;15:35:25;;;2;000127;saraj;100;\OR^E;187;DAUTI-KOMERC KE[&KERI;24.01.2025;23.02.2025;;;;113116,50;;107730,00;0,00;0,00;0,000000;0,00;D;;;;;0,00;0;;0;;0;;0,00;5386,50;;;;
27.01.2025;08:41:59;;;9;000005;;100;\OR^E;14;FI[& CIPS SKOPJE;27.01.2025;27.01.2025;;;;1323,00;;1260,00;0,00;0,00;0,000000;0,00;D;;;;;0,00;0;;0;;0;;0,00;63,00;;;;
29.01.2025;11:01:08;;;5;000011;;100;\OR^E;100;MAGACIN \OR^E;27.01.2025;27.01.2025;;;;;;0,00;0,00;0,00;1,000000;0,00;;;;;;0,00;0;;0;;0;;0,00;0,00;;;;
27.01.2025;15:35:41;;;9;000006;;100;\OR^E;1423;GRADOTE DOOEL;28.01.2025;28.01.2025;;;;1365,00;;1300,00;0,00;0,00;0,000000;0,00;D;;;;;0,00;0;;0;;0;;0,00;65,00;;;;
27.01.2025;15:44:07;;;2;000128;leptokarija;100;\OR^E;1168;TP SENDVI^ARA 7;27.01.2025;03.02.2025;;;;8798,00;;8379,00;0,00;0,00;0,000000;0,00;D;;;;;0,00;0;;0;;0;;0,00;419,00;;;;
27.01.2025;15:46:55;;;2;000129;ZUR market-22 tagtalixe;100;\OR^E;874;T.D.GRANDPROM ZUR DOO;27.01.2025;03.02.2025;;;;8361,00;;7963,00;0,00;0,00;0,000000;0,00;D;;;;;0,00;0;;0;;0;;0,00;398,00;;;;
29.01.2025;10:36:22;;;2;000130;REPTIL-25 Bardovci;100;\OR^E;1225;REPTIL DPTU;27.01.2025;26.02.2025;;;;3780,00;;3600,00;0,00;0,00;0,000000;0,00;D;;;;;0,00;0;;0;;0;;0,00;180,00;;;;
29.01.2025;10:39:57;;;2;000131;Reptil-6 Karpos 1;100;\OR^E;1225;REPTIL DPTU;27.01.2025;26.02.2025;;;;2850,00;;2714,50;0,00;0,00;0,000000;0,00;D;;;;;0,00;0;;0;;0;;0,00;135,50;;;;
29.01.2025;10:42:46;;;2;000132;Reptil-21 Centar;100;\OR^E;1225;REPTIL DPTU;27.01.2025;26.02.2025;;;;5322,00;;5069,00;0,00;0,00;0,000000;0,00;D;;;;;0,00;0;;0;;0;;0,00;253,00;;;;
29.04.2025;08:32:36;;;2;000133;Ubac;100;\OR^E;69;UBAC T.P. GOSTILNICA;27.01.2025;03.02.2025;;;;2541,00;;2420,00;0,00;0,00;0,000000;0,00;D;;;;;0,00;0;;0;;0;;0,00;121,00;;;;
29.01.2025;11:13:35;;;5;000012;;100;\OR^E;100;MAGACIN \OR^E;28.01.2025;28.01.2025;;;;;;0,00;0,00;0,00;1,000000;0,00;;;;;;0,00;0;;0;;0;;0,00;0,00;;;;
29.01.2025;11:01:51;;;2;000134;DM Debar maalo;100;\OR^E;963;DM DEBARMAALO;27.01.2025;03.02.2025;;;;7166,00;;6825,00;0,00;0,00;0,000000;0,00;D;;;;;0,00;0;;0;;0;;0,00;341,00;;;;
30.01.2025;09:39:34;;;2;000135;Krivogastani PROMET;100;\OR^E;981;KRIVOGA[TANI PROMET;28.01.2025;04.02.2025;;;;25765,50;;24538,50;0,00;0,00;0,000000;0,00;D;;;;;0,00;0;;0;;0;;0,00;1227,00;;;;
29.01.2025;11:14:08;;;2;000136;Pekabesko;100;\OR^E;1331;PEKABESKO A.D.-SKOPJE;28.01.2025;14.03.2025;;;;23152,50;;22050,00;0,00;0,00;0,000000;0,00;D;;;;;0,00;0;;0;;0;;0,00;1102,50;;;;
29.01.2025;14:42:54;;;2;000137;Vero-10 K.voda;100;\OR^E;1050;VEROPULOS DOOEL SKOPJE;28.01.2025;29.03.2025;;;;2688,50;;2560,50;0,00;0,00;0,000000;0,00;D;;;;;0,00;0;;0;;0;;0,00;128,00;;;;
29.01.2025;14:44:38;;;2;000138;Vero-7 Trgovski Centar;100;\OR^E;1050;VEROPULOS DOOEL SKOPJE;28.01.2025;29.03.2025;;;;5670,00;;5400,00;0,00;0,00;0,000000;0,00;D;;;;;0,00;0;;0;;0;;0,00;270,00;;;;
29.01.2025;14:47:46;;;2;000139;Ramstore Vardar;100;\OR^E;971;RAMSTORE MAKEDONIJA DOO SKOPJE;28.01.2025;14.03.2025;;;;2866,50;;2730,00;0,00;0,00;0,000000;0,00;D;;;;;0,00;0;;0;;0;;0,00;136,50;;;;
29.01.2025;14:49:10;;;2;000140;Vero-2 Taftalidze;100;\OR^E;1050;VEROPULOS DOOEL SKOPJE;28.01.2025;29.03.2025;;;;8816,50;;8397,00;0,00;0,00;0,000000;0,00;D;;;;;0,00;0;;0;;0;;0,00;419,50;;;;
29.01.2025;14:52:25;;;2;000141;Ramstore Gorno Lisice;100;\OR^E;971;RAMSTORE MAKEDONIJA DOO SKOPJE;28.01.2025;14.03.2025;;;;4830,50;;4600,50;0,00;0,00;0,000000;0,00;D;;;;;0,00;0;;0;;0;;0,00;230,00;;;;
29.01.2025;14:54:46;;;2;000142;Makroprom;100;\OR^E;1028;MAKROPROM;28.01.2025;04.02.2025;;;;19259,00;;18341,50;0,00;0,00;0,000000;0,00;D;;;;;0,00;0;;0;;0;;0,00;917,50;;;;
29.01.2025;14:57:28;;;2;000143;Reptil-4 S.Aerodrom;100;\OR^E;1225;REPTIL DPTU;28.01.2025;27.02.2025;;;;1680,00;;1600,00;0,00;0,00;0,000000;0,00;D;;;;;0,00;0;;0;;0;;0,00;80,00;;;;
29.01.2025;14:59:10;;;2;000144;Sendvicara 7- Rabotilnica;100;\OR^E;1168;TP SENDVI^ARA 7;29.01.2025;13.02.2025;;;;21995,00;;20947,50;0,00;0,00;0,000000;0,00;D;;;;;0,00;0;;0;;0;;0,00;1047,50;;;;
29.01.2025;15:05:25;;;2;000145;Vero Limak;100;\OR^E;1050;VEROPULOS DOOEL SKOPJE;29.01.2025;30.03.2025;;;;6922,50;;6593,00;0,00;0,00;0,000000;0,00;D;;;;;0,00;0;;0;;0;;0,00;329,50;;;;
29.01.2025;15:29:27;;;5;000013;;100;\OR^E;100;MAGACIN \OR^E;29.01.2025;13.02.2025;;;;;;0,00;0,00;0,00;1,000000;0,00;;;;;;0,00;0;;0;;0;;0,00;0,00;;;;
29.01.2025;15:08:22;;;2;000146;Tineks K.Voda 2;100;\OR^E;1201;TINEKS MT;29.01.2025;30.03.2025;;;;3454,50;;3290,00;0,00;0,00;0,000000;0,00;D;;;;;0,00;0;;0;;0;;0,00;164,50;;;;
30.01.2025;09:31:57;;;2;000147;Pekabesko;100;\OR^E;1331;PEKABESKO A.D.-SKOPJE;29.01.2025;15.03.2025;;;;3390,50;;3229,50;0,00;0,00;0,000000;0,00;D;;;;;0,00;0;;0;;0;;0,00;161,00;;;;
29.01.2025;15:18:06;;;2;000148;Ramstore-11 Aerodrom;100;\OR^E;971;RAMSTORE MAKEDONIJA DOO SKOPJE;29.01.2025;15.03.2025;;;;2846,00;;2710,50;0,00;0,00;0,000000;0,00;D;;;;;0,00;0;;0;;0;;0,00;135,50;;;;
29.01.2025;15:19:34;;;2;000149;Zur-6 Lisice;100;\OR^E;874;T.D.GRANDPROM ZUR DOO;29.01.2025;28.02.2025;;;;4494,00;;4280,00;0,00;0,00;0,000000;0,00;D;;;;;0,00;0;;0;;0;;0,00;214,00;;;;
29.01.2025;15:20:44;;;2;000150;Reptil-16 Leninova;100;\OR^E;1225;REPTIL DPTU;29.01.2025;28.02.2025;;;;5280,00;;5028,50;0,00;0,00;0,000000;0,00;D;;;;;0,00;0;;0;;0;;0,00;251,50;;;;
30.01.2025;09:31:49;;;2;000151;Ramstore City Mall;100;\OR^E;971;RAMSTORE MAKEDONIJA DOO SKOPJE;29.01.2025;30.03.2025;;;;2572,50;;2450,00;0,00;0,00;0,000000;0,00;D;;;;;0,00;0;;0;;0;;0,00;122,50;;;;
31.01.2025;08:21:47;;;2;000152;Vero-9 Narodna Banka;100;\OR^E;1050;VEROPULOS DOOEL SKOPJE;29.01.2025;30.03.2025;;;;16170,50;;15400,50;0,00;0,00;0,000000;0,00;D;;;;;0,00;0;;0;;0;;0,00;770,00;;;;
30.01.2025;10:08:21;;;9;000007;;100;\OR^E;1423;GRADOTE DOOEL;30.01.2025;30.01.2025;;;;9555,00;;9100,00;0,00;0,00;0,000000;0,00;D;;;;;0,00;0;;0;;0;;0,00;455,00;;;;
31.01.2025;09:48:58;;;5;000014;;100;\OR^E;100;MAGACIN \OR^E;30.01.2025;30.01.2025;;;;;;0,00;0,00;0,00;1,000000;0,00;;;;;;0,00;0;;0;;0;;0,00;0,00;;;;
31.01.2025;08:20:29;;;2;000153;Forca Fusion;100;\OR^E;1431;VAJNMASTERS DOO SKOPJE;30.01.2025;06.02.2025;;;;1785,00;;1700,00;0,00;0,00;0,000000;0,00;D;;;;;0,00;0;;0;;0;;0,00;85,00;;;;
31.01.2025;08:21:22;;;2;000154;Reptil-18 vlae;100;\OR^E;1225;REPTIL DPTU;30.01.2025;01.03.2025;;;;7053,00;;6717,00;0,00;0,00;0,000000;0,00;D;;;;;0,00;0;;0;;0;;0,00;336,00;;;;
30.01.2025;13:25:44;;;2;000155;Zur-5;100;\OR^E;874;T.D.GRANDPROM ZUR DOO;30.01.2025;01.03.2025;;;;4377,00;;4168,50;0,00;0,00;0,000000;0,00;D;;;;;0,00;0;;0;;0;;0,00;208,50;;;;
31.01.2025;09:49:11;;;2;000156;ZUR-11 lisi^e;100;\OR^E;874;T.D.GRANDPROM ZUR DOO;30.01.2025;01.03.2025;;;;2667,00;;2540,00;0,00;0,00;0,000000;0,00;D;;;;;0,00;0;;0;;0;;0,00;127,00;;;;
31.01.2025;13:39:07;;;2;000157;;100;\OR^E;38;TRADICIONAL DOOEL SKOPJE;31.01.2025;07.02.2025;;;;4630,50;;4410,00;0,00;0,00;0,000000;0,00;D;;;;;0,00;0;;0;;0;;0,00;220,50;;;;
31.01.2025;13:38:52;;;5;000015;;100;\OR^E;100;MAGACIN \OR^E;31.01.2025;31.01.2025;;;;;;0,00;0,00;0,00;1,000000;0,00;;;;;;0,00;0;;0;;0;;0,00;0,00;;;;
11.02.2025;09:14:30;;;9;000008;;100;\OR^E;68;PICERIJA ROZAFA;30.01.2025;06.02.2025;;;;1500,00;;1428,50;0,00;0,00;0,000000;0,00;D;;;;;0,00;0;;0;;0;;0,00;71,50;;;;
03.02.2025;12:27:38;;;9;000009;;100;\OR^E;8;RESTORAN FA-FA SKOPJE;03.02.2025;03.02.2025;;;;6405,00;;6100,00;0,00;0,00;0,000000;0,00;D;;;;;0,00;0;;0;;0;;0,00;305,00;;;;
03.02.2025;12:31:00;;;5;000016;;100;\OR^E;100;MAGACIN \OR^E;03.02.2025;03.02.2025;;;;;;0,00;0,00;0,00;1,000000;0,00;;;;;;0,00;0;;0;;0;;0,00;0,00;;;;
03.02.2025;12:31:23;;;2;000158;magcin saraj;100;\OR^E;187;DAUTI-KOMERC KE[&KERI;03.02.2025;05.03.2025;;;;198702,00;;189240,00;0,00;0,00;0,000000;0,00;D;;;;;0,00;0;;0;;0;;0,00;9462,00;;;;
06.02.2025;08:46:45;;;9;000010;;100;\OR^E;9;GALERIJA-7 ^AR[IJA;05.02.2025;05.02.2025;;;;2250,00;;2143,00;0,00;0,00;0,000000;0,00;D;;;;;0,00;0;;0;;0;;0,00;107,00;;;;
05.02.2025;11:26:38;;;2;000159;REPTIL-9 karpo[;100;\OR^E;1225;REPTIL DPTU;04.02.2025;06.03.2025;;;;3654,00;;3480,00;0,00;0,00;0,000000;0,00;D;;;;;0,00;0;;0;;0;;0,00;174,00;;;;
05.02.2025;11:27:27;;;2;000160;REPTIL-19 avtokomanda;100;\OR^E;1225;REPTIL DPTU;04.02.2025;06.03.2025;;;;2898,00;;2760,00;0,00;0,00;0,000000;0,00;D;;;;;0,00;0;;0;;0;;0,00;138,00;;;;
05.02.2025;11:28:39;;;2;000161;podr.ramstore g.lisi^e;100;\OR^E;971;RAMSTORE MAKEDONIJA DOO SKOPJE;04.02.2025;05.04.2025;;;;1470,00;;1400,00;0,00;0,00;0,000000;0,00;D;;;;;0,00;0;;0;;0;;0,00;70,00;;;;
26.02.2025;08:12:52;;;2;000162;;100;\OR^E;928;BEL KAMEN GORAN DOOEL TETOVO;04.02.2025;11.02.2025;;;;9040,50;;8610,00;0,00;0,00;0,000000;0,00;D;;;;;0,00;0;;0;;0;;0,00;430,50;;;;
05.02.2025;11:29:55;;;2;000163;SUPER TINEKS-11 lisa;100;\OR^E;1201;TINEKS MT;04.02.2025;05.05.2025;;;;4557,00;;4340,00;0,00;0,00;0,000000;0,00;D;;;;;0,00;0;;0;;0;;0,00;217,00;;;;
05.02.2025;11:30:35;;;2;000164;REPTIL-12 d.nerezi;100;\OR^E;1225;REPTIL DPTU;04.02.2025;06.03.2025;;;;1827,00;;1740,00;0,00;0,00;0,000000;0,00;D;;;;;0,00;0;;0;;0;;0,00;87,00;;;;
05.02.2025;11:30:59;;;2;000165;ambasada;100;\OR^E;1168;TP SENDVI^ARA 7;04.02.2025;11.02.2025;;;;8798,00;;8379,00;0,00;0,00;0,000000;0,00;D;;;;;0,00;0;;0;;0;;0,00;419,00;;;;
05.02.2025;11:31:30;;;2;000166;VERO-2 taftalixe;100;\OR^E;1050;VEROPULOS DOOEL SKOPJE;04.02.2025;05.04.2025;;;;9020,00;;8590,50;0,00;0,00;0,000000;0,00;D;;;;;0,00;0;;0;;0;;0,00;429,50;;;;
05.02.2025;11:32:15;;;2;000167;SUPER TINEKS-2 zebra;100;\OR^E;1201;TINEKS MT;04.02.2025;05.05.2025;;;;5995,50;;5710,00;0,00;0,00;0,000000;0,00;D;;;;;0,00;0;;0;;0;;0,00;285,50;;;;
05.02.2025;11:33:16;;;2;000168;podr.ramstore capitol moll;100;\OR^E;971;RAMSTORE MAKEDONIJA DOO SKOPJE;04.02.2025;05.04.2025;;;;5596,50;;5330,00;0,00;0,00;0,000000;0,00;D;;;;;0,00;0;;0;;0;;0,00;266,50;;;;
05.02.2025;11:34:07;;;2;000169;;100;\OR^E;1427;KROKOS FUD DOOEL;04.02.2025;06.03.2025;;;;10920,00;;10400,00;0,00;0,00;0,000000;0,00;D;;;;;0,00;0;;0;;0;;0,00;520,00;;;;
05.02.2025;11:34:36;;;2;000170;;100;\OR^E;23;KIM DOOEL NEGOTINO;04.02.2025;11.02.2025;;;;8820,00;;8400,00;0,00;0,00;0,000000;0,00;D;;;;;0,00;0;;0;;0;;0,00;420,00;;;;
07.02.2025;08:34:14;;;2;000171;s.glumovo;100;\OR^E;1213;ADRIJUS D.O.O.;05.02.2025;12.02.2025;;;;100049,00;;95285,00;0,00;0,00;0,000000;0,00;D;;;;;0,00;0;;0;;0;;0,00;4764,00;;;;
05.02.2025;11:36:35;;;5;000017;;100;\OR^E;100;MAGACIN \OR^E;05.02.2025;05.02.2025;;;;;;0,00;0,00;0,00;1,000000;0,00;;;;;;0,00;0;;0;;0;;0,00;0,00;;;;
06.02.2025;10:11:45;;;2;000172;ilinden;100;\OR^E;908;OK RESTORANTS & BARS DOOEL;05.02.2025;12.02.2025;;;;1722,00;;1640,00;0,00;0,00;0,000000;0,00;D;;;;;0,00;0;;0;;0;;0,00;82,00;;;;
06.02.2025;09:54:15;;;2;000173;s.petrovec;100;\OR^E;920;BORJAN DIM DOOEL SKOPJE;06.02.2025;13.02.2025;;;;9150,50;;8715,00;0,00;0,00;0,000000;0,00;D;;;;;0,00;0;;0;;0;;0,00;435,50;;;;
07.02.2025;08:34:32;;;2;000174;podr.forca fjuzn;100;\OR^E;1431;VAJNMASTERS DOO SKOPJE;06.02.2025;13.02.2025;;;;1785,00;;1700,00;0,00;0,00;0,000000;0,00;D;;;;;0,00;0;;0;;0;;0,00;85,00;;;;
07.02.2025;11:41:51;;;5;000018;;100;\OR^E;100;MAGACIN \OR^E;06.02.2025;06.02.2025;;;;;;0,00;0,00;0,00;1,000000;0,00;;;;;;0,00;0;;0;;0;;0,00;0,00;;;;
06.02.2025;10:00:19;;;2;000175;SUPER TINEKS-1 godel;100;\OR^E;1201;TINEKS MT;06.02.2025;07.05.2025;;;;6583,50;;6270,00;0,00;0,00;0,000000;0,00;D;;;;;0,00;0;;0;;0;;0,00;313,50;;;;
07.02.2025;08:34:59;;;2;000176;SUPER TINEKS-3 prvomajska;100;\OR^E;1201;TINEKS MT;05.02.2025;06.05.2025;;;;4557,00;;4340,00;0,00;0,00;0,000000;0,00;D;;;;;0,00;0;;0;;0;;0,00;217,00;;;;
07.02.2025;08:35:12;;;2;000177;TINEKS delikatesern (beko);100;\OR^E;1201;TINEKS MT;05.02.2025;06.05.2025;;;;4158,50;;3960,50;0,00;0,00;0,000000;0,00;D;;;;;0,00;0;;0;;0;;0,00;198,00;;;;
07.02.2025;08:35:26;;;2;000178;podr.ramstore vardar;100;\OR^E;971;RAMSTORE MAKEDONIJA DOO SKOPJE;05.02.2025;06.04.2025;;;;2730,00;;2600,00;0,00;0,00;0,000000;0,00;D;;;;;0,00;0;;0;;0;;0,00;130,00;;;;
07.02.2025;14:51:33;;;2;000179;VERO-8 ^air;100;\OR^E;1050;VEROPULOS DOOEL SKOPJE;06.02.2025;07.04.2025;;;;2278,50;;2170,00;0,00;0,00;0,000000;0,00;D;;;;;0,00;0;;0;;0;;0,00;108,50;;;;
06.02.2025;10:07:42;;;2;000180;ZUR market-12 vlae;100;\OR^E;874;T.D.GRANDPROM ZUR DOO;05.02.2025;07.03.2025;;;;3591,00;;3420,00;0,00;0,00;0,000000;0,00;D;;;;;0,00;0;;0;;0;;0,00;171,00;;;;
06.02.2025;10:08:29;;;2;000181;SUPER TINEKS-15 maj^in dom;100;\OR^E;1201;TINEKS MT;05.02.2025;06.05.2025;;;;2252,00;;2145,00;0,00;0,00;0,000000;0,00;D;;;;;0,00;0;;0;;0;;0,00;107,00;;;;
06.02.2025;10:09:23;;;2;000182;ZUR market-21 gor^e;100;\OR^E;874;T.D.GRANDPROM ZUR DOO;05.02.2025;07.03.2025;;;;3666,50;;3492,00;0,00;0,00;0,000000;0,00;D;;;;;0,00;0;;0;;0;;0,00;174,50;;;;
06.02.2025;10:10:20;;;2;000183;;100;\OR^E;1028;MAKROPROM;05.02.2025;12.02.2025;;;;22816,00;;21729,50;0,00;0,00;0,000000;0,00;D;;;;;0,00;0;;0;;0;;0,00;1086,50;;;;
06.02.2025;10:11:19;;;2;000184;VERO-1 aerodrom;100;\OR^E;1050;VEROPULOS DOOEL SKOPJE;05.02.2025;06.04.2025;;;;2572,50;;2450,00;0,00;0,00;0,000000;0,00;D;;;;;0,00;0;;0;;0;;0,00;122,50;;;;
07.02.2025;08:22:02;;;2;000185;centar;100;\OR^E;24;PLANET PI ES DOOOEL;06.02.2025;13.02.2025;;;;4231,00;;4029,50;0,00;0,00;0,000000;0,00;D;;;;;0,00;0;;0;;0;;0,00;201,50;;;;
07.02.2025;08:24:43;;;2;000186;VERO-9 n.banka;100;\OR^E;1050;VEROPULOS DOOEL SKOPJE;06.02.2025;07.04.2025;;;;3748,50;;3570,00;0,00;0,00;0,000000;0,00;D;;;;;0,00;0;;0;;0;;0,00;178,50;;;;
07.02.2025;08:25:22;;;2;000187;VERO-14 kumanovo;100;\OR^E;1050;VEROPULOS DOOEL SKOPJE;06.02.2025;07.04.2025;;;;4389,50;;4180,50;0,00;0,00;0,000000;0,00;D;;;;;0,00;0;;0;;0;;0,00;209,00;;;;
07.02.2025;08:26:22;;;2;000188;ZUR market-15 k.voda;100;\OR^E;874;T.D.GRANDPROM ZUR DOO;06.02.2025;08.03.2025;;;;2751,00;;2620,00;0,00;0,00;0,000000;0,00;D;;;;;0,00;0;;0;;0;;0,00;131,00;;;;
07.02.2025;08:27:05;;;2;000189;SUPER TINEKS-4 kon^ar;100;\OR^E;1201;TINEKS MT;06.02.2025;07.05.2025;;;;5261,50;;5011,00;0,00;0,00;0,000000;0,00;D;;;;;0,00;0;;0;;0;;0,00;250,50;;;;
07.02.2025;08:28:17;;;2;000190;ZUR market-20 karpo[-1;100;\OR^E;874;T.D.GRANDPROM ZUR DOO;06.02.2025;08.03.2025;;;;4911,00;;4677,00;0,00;0,00;0,000000;0,00;D;;;;;0,00;0;;0;;0;;0,00;234,00;;;;
07.02.2025;14:51:51;;;2;000191;ZUR market-14 maxari;100;\OR^E;874;T.D.GRANDPROM ZUR DOO;06.02.2025;08.03.2025;;;;2997,00;;2854,50;0,00;0,00;0,000000;0,00;D;;;;;0,00;0;;0;;0;;0,00;142,50;;;;
07.02.2025;08:30:14;;;2;000192;ZUR market-9 maxari;100;\OR^E;874;T.D.GRANDPROM ZUR DOO;06.02.2025;08.03.2025;;;;1827,00;;1740,00;0,00;0,00;0,000000;0,00;D;;;;;0,00;0;;0;;0;;0,00;87,00;;;;
07.02.2025;14:51:13;;;2;000193;podr.ramstore sever;100;\OR^E;971;RAMSTORE MAKEDONIJA DOO SKOPJE;06.02.2025;07.04.2025;;;;1932,50;;1840,00;0,00;0,00;0,000000;0,00;D;;;;;0,00;0;;0;;0;;0,00;92,50;;;;
07.02.2025;08:31:47;;;2;000194;mesara ^ento;100;\OR^E;225;KARNIVOR DOOEL SKOPJE;06.02.2025;13.02.2025;;;;4520,00;;4305,00;0,00;0,00;0,000000;0,00;D;;;;;0,00;0;;0;;0;;0,00;215,00;;;;
07.02.2025;08:32:26;;;2;000195;restoran fotka;100;\OR^E;902;LUKSEMURG KOMERC PERO DOOEL SKOPJE;06.02.2025;13.02.2025;;;;2835,00;;2700,00;0,00;0,00;0,000000;0,00;D;;;;;0,00;0;;0;;0;;0,00;135,00;;;;
07.02.2025;08:32:47;;;2;000196;;100;\OR^E;1307;OLIMP DOOEL;06.02.2025;13.02.2025;;;;5831,50;;5554,00;0,00;0,00;0,000000;0,00;D;;;;;0,00;0;;0;;0;;0,00;277,50;;;;
07.02.2025;14:52:29;;;2;000197;Dervent Produkt DOOEL Saraj;100;\OR^E;63;DERVENT PRODUKT DOOEL SKOPJE;07.02.2025;14.02.2025;;;;11521,00;;10972,50;0,00;0,00;0,000000;0,00;D;;;;;0,00;0;;0;;0;;0,00;548,50;;;;
07.02.2025;11:33:54;;;5;000019;;100;\OR^E;100;MAGACIN \OR^E;07.02.2025;07.02.2025;;;;;;0,00;0,00;0,00;1,000000;0,00;;;;;;0,00;0;;0;;0;;0,00;0,00;;;;
07.02.2025;14:52:44;;;2;000198;Dervent Promet Zelino;100;\OR^E;1020;DERVENT PROMET;06.02.2025;13.02.2025;;;;19589,50;;18656,50;0,00;0,00;0,000000;0,00;D;;;;;0,00;0;;0;;0;;0,00;933,00;;;;
07.02.2025;14:53:19;;;2;000199;TINEKS aerodrom;100;\OR^E;1201;TINEKS MT;07.02.2025;08.05.2025;;;;10710,00;;10200,00;0,00;0,00;0,000000;0,00;D;;;;;0,00;0;;0;;0;;0,00;510,00;;;;
07.02.2025;14:55:02;;;2;000200;;100;\OR^E;1301;MEDISON T.P.;07.02.2025;14.02.2025;;;;15561,00;;14820,00;0,00;0,00;0,000000;0,00;D;;;;;0,00;0;;0;;0;;0,00;741,00;;;;
07.02.2025;14:57:21;;;5;000020;;100;\OR^E;100;MAGACIN \OR^E;07.02.2025;07.02.2025;;;;;;0,00;0,00;0,00;1,000000;0,00;;;;;;0,00;0;;0;;0;;0,00;0,00;;;;
11.02.2025;08:51:44;;;2;000201;REPTIL-10 butel;100;\OR^E;1225;REPTIL DPTU;07.02.2025;09.03.2025;;;;2373,00;;2260,00;0,00;0,00;0,000000;0,00;D;;;;;0,00;0;;0;;0;;0,00;113,00;;;;
07.02.2025;14:57:36;;;2;000202;;100;\OR^E;165;MRE@A DOO;07.02.2025;14.02.2025;;;;69220,50;;65924,00;0,00;0,00;0,000000;0,00;D;;;;;0,00;0;;0;;0;;0,00;3296,50;;;;
11.02.2025;08:52:13;;;2;000203;REPTIL-17 kozle;100;\OR^E;1225;REPTIL DPTU;10.02.2025;12.03.2025;;;;2850,00;;2714,50;0,00;0,00;0,000000;0,00;D;;;;;0,00;0;;0;;0;;0,00;135,50;;;;
12.02.2025;15:39:32;;;2;000204;ZUR market-8 n.lisi^e;100;\OR^E;874;T.D.GRANDPROM ZUR DOO;10.02.2025;12.03.2025;;;;5583,00;;5317,00;0,00;0,00;0,000000;0,00;D;;;;;0,00;0;;0;;0;;0,00;266,00;;;;
10.02.2025;15:07:10;;;2;000205;REPTIL-3 k.voda;100;\OR^E;1225;REPTIL DPTU;10.02.2025;12.03.2025;;;;3327,00;;3168,50;0,00;0,00;0,000000;0,00;D;;;;;0,00;0;;0;;0;;0,00;158,50;;;;
10.02.2025;15:07:49;;;2;000206;REPTIL-2 crni^e;100;\OR^E;1225;REPTIL DPTU;10.02.2025;12.03.2025;;;;5490,00;;5228,50;0,00;0,00;0,000000;0,00;D;;;;;0,00;0;;0;;0;;0,00;261,50;;;;
11.02.2025;08:56:31;;;5;000021;;100;\OR^E;100;MAGACIN \OR^E;10.02.2025;10.02.2025;;;;;;0,00;0,00;0,00;1,000000;0,00;;;;;;0,00;0;;0;;0;;0,00;0,00;;;;
12.05.2025;12:49:40;;;2;000207;;100;\OR^E;160;DOOEL A.M. OHRID;10.02.2025;17.02.2025;;;;8977,50;;8550,00;0,00;0,00;0,000000;0,00;D;;;;;0,00;0;;0;;0;;0,00;427,50;;;;
11.02.2025;08:53:32;;;2;000208;SUPER TINEKS-10 cveten;100;\OR^E;1201;TINEKS MT;10.02.2025;11.05.2025;;;;5596,50;;5330,00;0,00;0,00;0,000000;0,00;D;;;;;0,00;0;;0;;0;;0,00;266,50;;;;
11.02.2025;15:21:51;;;2;000209;SUPER TINEKS -2 zebra;100;\OR^E;1201;TINEKS MT;10.02.2025;11.05.2025;;;;3612,00;;3440,00;0,00;0,00;0,000000;0,00;D;;;;;0,00;0;;0;;0;;0,00;172,00;;;;
11.02.2025;08:58:02;;;2;000210;podr.forca fjuzn br.4;100;\OR^E;1431;VAJNMASTERS DOO SKOPJE;10.02.2025;17.02.2025;;;;1134,00;;1080,00;0,00;0,00;0,000000;0,00;D;;;;;0,00;0;;0;;0;;0,00;54,00;;;;
11.02.2025;08:58:24;;;2;000211;TINEKS karpo[-4;100;\OR^E;1201;TINEKS MT;10.02.2025;11.05.2025;;;;3491,50;;3325,00;0,00;0,00;0,000000;0,00;D;;;;;0,00;0;;0;;0;;0,00;166,50;;;;
11.02.2025;15:22:49;;;2;000212;REPTIL market-7 porta;100;\OR^E;1225;REPTIL DPTU;11.02.2025;13.03.2025;;;;7323,00;;6974,50;0,00;0,00;0,000000;0,00;D;;;;;0,00;0;;0;;0;;0,00;348,50;;;;
11.02.2025;15:24:23;;;2;000213;SUPER TINEKS-6 dramski;100;\OR^E;1201;TINEKS MT;11.02.2025;12.05.2025;;;;7802,00;;7430,50;0,00;0,00;0,000000;0,00;D;;;;;0,00;0;;0;;0;;0,00;371,50;;;;
11.02.2025;15:26:29;;;2;000214;ZUR market-10 centar;100;\OR^E;874;T.D.GRANDPROM ZUR DOO;11.02.2025;13.03.2025;;;;5280,00;;5028,50;0,00;0,00;0,000000;0,00;D;;;;;0,00;0;;0;;0;;0,00;251,50;;;;
11.02.2025;15:27:38;;;2;000215;TINEKS [ipad;100;\OR^E;1201;TINEKS MT;11.02.2025;12.05.2025;;;;4126,50;;3930,00;0,00;0,00;0,000000;0,00;D;;;;;0,00;0;;0;;0;;0,00;196,50;;;;
11.02.2025;15:28:17;;;2;000216;podr.ramstore vardar;100;\OR^E;971;RAMSTORE MAKEDONIJA DOO SKOPJE;11.02.2025;12.04.2025;;;;5008,50;;4770,00;0,00;0,00;0,000000;0,00;D;;;;;0,00;0;;0;;0;;0,00;238,50;;;;
12.02.2025;09:19:54;;;9;000011;;100;\OR^E;1423;GRADOTE DOOEL;12.02.2025;12.02.2025;;;;1365,00;;1300,00;0,00;0,00;0,000000;0,00;D;;;;;0,00;0;;0;;0;;0,00;65,00;;;;
20.02.2025;09:19:32;;;5;000022;;100;\OR^E;100;MAGACIN \OR^E;12.02.2025;12.02.2025;;;;;;0,00;0,00;0,00;1,000000;0,00;;;;;;0,00;0;;0;;0;;0,00;0,00;;;;
19.02.2025;08:32:28;;;2;000217;SUPER TINEKS-9 zlokukjani;100;\OR^E;1201;TINEKS MT;18.02.2025;19.05.2025;;;;11131,00;;10601,00;0,00;0,00;0,000000;0,00;D;;;;;0,00;0;;0;;0;;0,00;530,00;;;;
12.02.2025;15:41:01;;;2;000218;SUPER TINEKS-11 lisa;100;\OR^E;1201;TINEKS MT;12.02.2025;13.05.2025;;;;3454,50;;3290,00;0,00;0,00;0,000000;0,00;D;;;;;0,00;0;;0;;0;;0,00;164,50;;;;
12.02.2025;15:42:29;;;2;000219;SUPER TINEKS-16 east gate;100;\OR^E;1201;TINEKS MT;12.02.2025;13.05.2025;;;;1586,00;;1510,50;0,00;0,00;0,000000;0,00;D;;;;;0,00;0;;0;;0;;0,00;75,50;;;;
12.02.2025;15:43:10;;;2;000220;makpetrol;100;\OR^E;1168;TP SENDVI^ARA 7;12.02.2025;19.02.2025;;;;8798,00;;8379,00;0,00;0,00;0,000000;0,00;D;;;;;0,00;0;;0;;0;;0,00;419,00;;;;
12.02.2025;15:43:35;;;2;000221;REPTIL-8 radi[ani;100;\OR^E;1225;REPTIL DPTU;12.02.2025;14.03.2025;;;;4860,00;;4628,50;0,00;0,00;0,000000;0,00;D;;;;;0,00;0;;0;;0;;0,00;231,50;;;;
12.02.2025;15:44:25;;;2;000222;TINEKSgor^e;100;\OR^E;1201;TINEKS MT;12.02.2025;13.05.2025;;;;5817,50;;5540,50;0,00;0,00;0,000000;0,00;D;;;;;0,00;0;;0;;0;;0,00;277,00;;;;
17.02.2025;10:19:50;;;2;000223;podr.ramstore pra[ka;100;\OR^E;971;RAMSTORE MAKEDONIJA DOO SKOPJE;12.02.2025;13.04.2025;;;;3675,50;;3500,50;0,00;0,00;0,000000;0,00;D;;;;;0,00;0;;0;;0;;0,00;175,00;;;;
12.02.2025;15:46:18;;;2;000224;ZUR market-3 przino;100;\OR^E;874;T.D.GRANDPROM ZUR DOO;12.02.2025;14.03.2025;;;;4950,00;;4714,50;0,00;0,00;0,000000;0,00;D;;;;;0,00;0;;0;;0;;0,00;235,50;;;;
12.02.2025;15:47:50;;;2;000225;REPTIL-8 (mesara);100;\OR^E;1225;REPTIL DPTU;12.02.2025;14.03.2025;;;;1690,50;;1610,00;0,00;0,00;0,000000;0,00;D;;;;;0,00;0;;0;;0;;0,00;80,50;;;;
13.02.2025;13:04:24;;;2;000226;Gigo Trejd Gjorce;100;\OR^E;2008;GIGO-TREJD;13.02.2025;20.02.2025;;;;1855,50;;1767,00;0,00;0,00;0,000000;0,00;D;;;;;0,00;0;;0;;0;;0,00;88,50;;;;
13.02.2025;14:49:14;;;2;000227;Tineks Stara Televizija;100;\OR^E;1201;TINEKS MT;13.02.2025;15.03.2025;;;;7287,50;;6940,50;0,00;0,00;0,000000;0,00;D;;;;;0,00;0;;0;;0;;0,00;347,00;;;;
13.02.2025;14:52:29;;;2;000228;Tri Trgovca;100;\OR^E;1153;TRI TRGOVCI;13.02.2025;20.02.2025;;;;8190,00;;7800,00;0,00;0,00;0,000000;0,00;D;;;;;0,00;0;;0;;0;;0,00;390,00;;;;
13.02.2025;14:53:39;;;2;000229;Bomago DOO;100;\OR^E;1095;BOMAGO;13.02.2025;20.02.2025;;;;26999,50;;25713,50;0,00;0,00;0,000000;0,00;D;;;;;0,00;0;;0;;0;;0,00;1286,00;;;;
13.02.2025;14:58:23;;;2;000230;Tinex Karpos 3;100;\OR^E;1201;TINEKS MT;13.02.2025;14.04.2025;;;;2846,00;;2710,50;0,00;0,00;0,000000;0,00;D;;;;;0,00;0;;0;;0;;0,00;135,50;;;;
13.02.2025;15:00:09;;;2;000231;Tineks Delikatesen Vodno;100;\OR^E;1201;TINEKS MT;13.02.2025;14.04.2025;;;;5008,50;;4770,00;0,00;0,00;0,000000;0,00;D;;;;;0,00;0;;0;;0;;0,00;238,50;;;;
13.02.2025;15:04:43;;;2;000232;Ramstore Siti Mol;100;\OR^E;971;RAMSTORE MAKEDONIJA DOO SKOPJE;13.02.2025;30.03.2025;;;;2846,00;;2710,50;0,00;0,00;0,000000;0,00;D;;;;;0,00;0;;0;;0;;0,00;135,50;;;;
13.02.2025;15:10:42;;;5;000023;;100;\OR^E;100;MAGACIN \OR^E;13.02.2025;28.02.2025;;;;;;0,00;0,00;0,00;1,000000;0,00;;;;;;0,00;0;;0;;0;;0,00;0,00;;;;
13.02.2025;15:06:13;;;2;000233;Tineks Praska;100;\OR^E;1201;TINEKS MT;13.02.2025;14.04.2025;;;;4510,50;;4295,50;0,00;0,00;0,000000;0,00;D;;;;;0,00;0;;0;;0;;0,00;215,00;;;;
13.02.2025;15:13:45;;;2;000234;Selj IS;100;\OR^E;1158;SEQ-IS;13.02.2025;20.02.2025;;;;21935,00;;20890,50;0,00;0,00;0,000000;0,00;D;;;;;0,00;0;;0;;0;;0,00;1044,50;;;;
14.02.2025;08:49:26;;;9;000012;;100;\OR^E;69;UBAC GOSTILNICA;13.02.2025;13.02.2025;;;;460,00;;438,00;0,00;0,00;0,000000;0,00;D;;;;;0,00;0;;0;;0;;0,00;22,00;;;;
12.05.2025;12:49:47;;;2;000235;;100;\OR^E;160;DOOEL A.M. OHRID;14.02.2025;21.02.2025;;;;19376,00;;18453,50;0,00;0,00;0,000000;0,00;D;;;;;0,00;0;;0;;0;;0,00;922,50;;;;
17.02.2025;08:39:05;;;2;000236;leptokarija;100;\OR^E;1168;TP SENDVI^ARA 7;14.02.2025;21.02.2025;;;;8798,00;;8379,00;0,00;0,00;0,000000;0,00;D;;;;;0,00;0;;0;;0;;0,00;419,00;;;;
18.02.2025;09:52:31;;;9;000013;;100;\OR^E;1423;GRADOTE DOOEL;18.02.2025;18.02.2025;;;;1365,00;;1300,00;0,00;0,00;0,000000;0,00;D;;;;;0,00;0;;0;;0;;0,00;65,00;;;;
19.02.2025;08:50:37;;;5;000024;;100;\OR^E;100;MAGACIN \OR^E;18.02.2025;18.02.2025;;;;;;0,00;0,00;0,00;1,000000;0,00;;;;;;0,00;0;;0;;0;;0,00;0,00;;;;
24.02.2025;08:41:54;;;2;000237;;100;\OR^E;40;EUROEDIL-HOLDING DOOEL;17.02.2025;24.02.2025;;;;926,00;;882,00;0,00;0,00;0,000000;0,00;D;;;;;0,00;0;;0;;0;;0,00;44,00;;;;
19.02.2025;08:33:45;;;2;000238;DIM market-3 gazi baba;100;\OR^E;874;T.D.GRANDPROM ZUR DOO;18.02.2025;20.03.2025;;;;8691,00;;8277,00;0,00;0,00;0,000000;0,00;D;;;;;0,00;0;;0;;0;;0,00;414,00;;;;
19.02.2025;08:35:20;;;2;000239;DIM market-4 hrom;100;\OR^E;874;T.D.GRANDPROM ZUR DOO;18.02.2025;20.03.2025;;;;6447,00;;6140,00;0,00;0,00;0,000000;0,00;D;;;;;0,00;0;;0;;0;;0,00;307,00;;;;
19.02.2025;08:39:30;;;2;000240;DIM market-6 gor^e;100;\OR^E;874;T.D.GRANDPROM ZUR DOO;18.02.2025;20.03.2025;;;;9858,00;;9388,50;0,00;0,00;0,000000;0,00;D;;;;;0,00;0;;0;;0;;0,00;469,50;;;;
19.02.2025;08:42:06;;;2;000241;DIM market-14 karpo[-4;100;\OR^E;874;T.D.GRANDPROM ZUR DOO;19.02.2025;21.03.2025;;;;10518,00;;10017,00;0,00;0,00;0,000000;0,00;D;;;;;0,00;0;;0;;0;;0,00;501,00;;;;
19.02.2025;08:43:39;;;2;000242;DIM market-21 voena b.;100;\OR^E;874;T.D.GRANDPROM ZUR DOO;18.02.2025;20.03.2025;;;;4251,00;;4048,50;0,00;0,00;0,000000;0,00;D;;;;;0,00;0;;0;;0;;0,00;202,50;;;;
19.02.2025;08:44:46;;;2;000243;SUPER TINEKS-2 zebra;100;\OR^E;1201;TINEKS MT;18.02.2025;19.05.2025;;;;3833,00;;3650,50;0,00;0,00;0,000000;0,00;D;;;;;0,00;0;;0;;0;;0,00;182,50;;;;
19.02.2025;08:45:28;;;2;000244;REPTIL-1 ruzveltova;100;\OR^E;1225;REPTIL DPTU;18.02.2025;20.03.2025;;;;4326,00;;4120,00;0,00;0,00;0,000000;0,00;D;;;;;0,00;0;;0;;0;;0,00;206,00;;;;
19.02.2025;08:46:35;;;2;000245;ZUR market-4 mi^urin;100;\OR^E;874;T.D.GRANDPROM ZUR DOO;18.02.2025;20.03.2025;;;;4200,00;;4000,00;0,00;0,00;0,000000;0,00;D;;;;;0,00;0;;0;;0;;0,00;200,00;;;;
19.02.2025;08:48:06;;;2;000246;TINEKS-delikatesen (buWakovec);100;\OR^E;1201;TINEKS MT;18.02.2025;19.05.2025;;;;2866,50;;2730,00;0,00;0,00;0,000000;0,00;D;;;;;0,00;0;;0;;0;;0,00;136,50;;;;
19.02.2025;08:49:08;;;2;000247;podr.ramstore mi^urin;100;\OR^E;971;RAMSTORE MAKEDONIJA DOO SKOPJE;18.02.2025;19.04.2025;;;;3014,00;;2870,00;0,00;0,00;0,000000;0,00;D;;;;;0,00;0;;0;;0;;0,00;144,00;;;;
19.02.2025;08:51:00;;;2;000248;;100;\OR^E;57;ARISTOTELIS BROTHERS DOO;18.02.2025;25.02.2025;;;;2844,50;;2709,00;0,00;0,00;0,000000;0,00;D;;;;;0,00;0;;0;;0;;0,00;135,50;;;;
20.06.2025;09:15:40;;;2;000249;;100;\OR^E;37;GALEKS RA DOOEL;18.02.2025;25.02.2025;;;;6835,50;;6510,00;0,00;0,00;0,000000;0,00;D;;;;;0,00;0;;0;;0;;0,00;325,50;;;;
24.03.2025;15:37:22;;;2;000250;DIM market-10 kumanovo;100;\OR^E;874;T.D.GRANDPROM ZUR DOO;18.02.2025;20.03.2025;;;;3987,00;;3797,00;0,00;0,00;0,000000;0,00;D;;;;;0,00;0;;0;;0;;0,00;190,00;;;;
19.02.2025;08:53:38;;;2;000251;DIM market-13 kumanovo;100;\OR^E;874;T.D.GRANDPROM ZUR DOO;18.02.2025;20.03.2025;;;;3327,00;;3168,50;0,00;0,00;0,000000;0,00;D;;;;;0,00;0;;0;;0;;0,00;158,50;;;;
24.03.2025;15:37:40;;;2;000252;DIM market-11 kumanovo;100;\OR^E;874;T.D.GRANDPROM ZUR DOO;18.02.2025;20.03.2025;;;;3084,00;;2937,00;0,00;0,00;0,000000;0,00;D;;;;;0,00;0;;0;;0;;0,00;147,00;;;;
24.03.2025;15:38:00;;;2;000253;DIM market-20 ko^ani;100;\OR^E;874;T.D.GRANDPROM ZUR DOO;18.02.2025;20.03.2025;;;;2424,00;;2308,50;0,00;0,00;0,000000;0,00;D;;;;;0,00;0;;0;;0;;0,00;115,50;;;;
24.03.2025;15:38:25;;;2;000254;DIM market-16 berovo;100;\OR^E;874;T.D.GRANDPROM ZUR DOO;18.02.2025;20.03.2025;;;;5544,00;;5280,00;0,00;0,00;0,000000;0,00;D;;;;;0,00;0;;0;;0;;0,00;264,00;;;;
24.03.2025;15:38:44;;;2;000255;DIM market-9 kumanovo;100;\OR^E;874;T.D.GRANDPROM ZUR DOO;18.02.2025;20.03.2025;;;;4071,00;;3877,00;0,00;0,00;0,000000;0,00;D;;;;;0,00;0;;0;;0;;0,00;194,00;;;;
20.02.2025;08:29:23;;;2;000256;DIM market-1 s.stajkovci;100;\OR^E;874;T.D.GRANDPROM ZUR DOO;19.02.2025;21.03.2025;;;;6654,00;;6337,00;0,00;0,00;0,000000;0,00;D;;;;;0,00;0;;0;;0;;0,00;317,00;;;;
20.02.2025;08:31:12;;;2;000257;DIM market-2 k.voda;100;\OR^E;874;T.D.GRANDPROM ZUR DOO;19.02.2025;21.03.2025;;;;6258,00;;5960,00;0,00;0,00;0,000000;0,00;D;;;;;0,00;0;;0;;0;;0,00;298,00;;;;
20.02.2025;08:33:32;;;2;000258;DIM maret- ^ento;100;\OR^E;874;T.D.GRANDPROM ZUR DOO;19.02.2025;21.03.2025;;;;3654,00;;3480,00;0,00;0,00;0,000000;0,00;D;;;;;0,00;0;;0;;0;;0,00;174,00;;;;
20.02.2025;08:34:31;;;2;000259;DIM market-17 ^ento;100;\OR^E;874;T.D.GRANDPROM ZUR DOO;19.02.2025;21.03.2025;;;;8934,00;;8508,50;0,00;0,00;0,000000;0,00;D;;;;;0,00;0;;0;;0;;0,00;425,50;;;;
20.02.2025;08:35:42;;;2;000260;DIM market-7 aerodrom;100;\OR^E;874;T.D.GRANDPROM ZUR DOO;19.02.2025;21.03.2025;;;;7107,00;;6768,50;0,00;0,00;0,000000;0,00;D;;;;;0,00;0;;0;;0;;0,00;338,50;;;;
20.02.2025;08:37:28;;;2;000261;SUPER TINEKS-3 prvomajska;100;\OR^E;1201;TINEKS MT;19.02.2025;20.05.2025;;;;2866,50;;2730,00;0,00;0,00;0,000000;0,00;D;;;;;0,00;0;;0;;0;;0,00;136,50;;;;
20.02.2025;08:38:42;;;2;000262;SUPER TINEKS-11 lisa;100;\OR^E;1201;TINEKS MT;19.02.2025;20.05.2025;;;;5113,50;;4870,00;0,00;0,00;0,000000;0,00;D;;;;;0,00;0;;0;;0;;0,00;243,50;;;;
20.02.2025;08:40:44;;;2;000263;TINEKS karpo[-3;100;\OR^E;1201;TINEKS MT;19.02.2025;20.05.2025;;;;4830,50;;4600,50;0,00;0,00;0,000000;0,00;D;;;;;0,00;0;;0;;0;;0,00;230,00;;;;
20.02.2025;08:41:30;;;2;000264;podr.ramstore vardar;100;\OR^E;971;RAMSTORE MAKEDONIJA DOO SKOPJE;19.02.2025;20.04.2025;;;;3454,50;;3290,00;0,00;0,00;0,000000;0,00;D;;;;;0,00;0;;0;;0;;0,00;164,50;;;;
24.02.2025;08:40:54;;;2;000265;podr.ramstore kapitol moll;100;\OR^E;971;RAMSTORE MAKEDONIJA DOO SKOPJE;19.02.2025;20.04.2025;;;;1822,00;;1735,00;0,00;0,00;0,000000;0,00;D;;;;;0,00;0;;0;;0;;0,00;87,00;;;;
20.02.2025;08:43:42;;;2;000266;SUPER TINEKS-8 mle^en;100;\OR^E;1201;TINEKS MT;19.02.2025;20.05.2025;;;;2174,00;;2070,50;0,00;0,00;0,000000;0,00;D;;;;;0,00;0;;0;;0;;0,00;103,50;;;;
29.10.2025;12:32:29;;;2;000267;;100;\OR^E;1371;SER@;19.02.2025;26.02.2025;;;;1278,00;;1217,00;0,00;0,00;0,000000;0,00;D;;;;;0,00;0;;0;;0;;0,00;61,00;;;;
20.02.2025;08:50:51;;;2;000268;;100;\OR^E;1028;MAKROPROM;19.02.2025;26.02.2025;;;;41177,00;;39216,00;0,00;0,00;0,000000;0,00;D;;;;;0,00;0;;0;;0;;0,00;1961,00;;;;
20.02.2025;08:51:33;;;2;000269;;100;\OR^E;156;BOSA DVA;19.02.2025;26.02.2025;;;;18913,00;;18012,00;0,00;0,00;0,000000;0,00;D;;;;;0,00;0;;0;;0;;0,00;901,00;;;;
21.02.2025;09:51:33;;;9;000014;;100;\OR^E;1;ZORAN BITOLA;20.02.2025;07.03.2025;;;;6300,00;;6000,00;0,00;0,00;0,000000;0,00;D;;;;;0,00;0;;0;;0;;0,00;300,00;;;;
21.02.2025;09:52:04;;;9;000015;;100;\OR^E;930;RAMIZ ROSTU[E DEBAR;21.02.2025;21.02.2025;;;;23400,00;;22285,50;0,00;0,00;0,000000;0,00;D;;;;;0,00;0;;0;;0;;0,00;1114,50;;;;
24.02.2025;08:44:40;;;2;000270;ZUR maket-19 dra^evo;100;\OR^E;874;T.D.GRANDPROM ZUR DOO;20.02.2025;22.03.2025;;;;10518,00;;10017,00;0,00;0,00;0,000000;0,00;D;;;;;0,00;0;;0;;0;;0,00;501,00;;;;
24.02.2025;08:46:57;;;2;000271;ZUR market-17 lira;100;\OR^E;874;T.D.GRANDPROM ZUR DOO;20.02.2025;22.03.2025;;;;3654,00;;3480,00;0,00;0,00;0,000000;0,00;D;;;;;0,00;0;;0;;0;;0,00;174,00;;;;
24.02.2025;08:47:43;;;2;000272;ZUR market-13 dra^evo;100;\OR^E;874;T.D.GRANDPROM ZUR DOO;20.02.2025;22.03.2025;;;;3327,00;;3168,50;0,00;0,00;0,000000;0,00;D;;;;;0,00;0;;0;;0;;0,00;158,50;;;;
24.02.2025;08:48:53;;;2;000273;ZUR market-7 dra^evo;100;\OR^E;874;T.D.GRANDPROM ZUR DOO;20.02.2025;22.03.2025;;;;3429,50;;3266,50;0,00;0,00;0,000000;0,00;D;;;;;0,00;0;;0;;0;;0,00;163,00;;;;
24.02.2025;08:50:37;;;2;000274;delikatesen (beko);100;\OR^E;1201;TINEKS MT;20.02.2025;21.05.2025;;;;3350,00;;3190,50;0,00;0,00;0,000000;0,00;D;;;;;0,00;0;;0;;0;;0,00;159,50;;;;
11.03.2025;10:05:15;;;2;000275;;100;\OR^E;1321;MB-DOO;20.02.2025;27.02.2025;;;;7689,50;;7323,00;0,00;0,00;0,000000;0,00;D;;;;;0,00;0;;0;;0;;0,00;366,50;;;;
24.02.2025;08:52:26;;;2;000276;DIM market-5 dra^evo;100;\OR^E;874;T.D.GRANDPROM ZUR DOO;20.02.2025;22.03.2025;;;;3327,00;;3168,50;0,00;0,00;0,000000;0,00;D;;;;;0,00;0;;0;;0;;0,00;158,50;;;;
24.02.2025;08:53:42;;;2;000277;DIM market-8 d.lisi^e;100;\OR^E;874;T.D.GRANDPROM ZUR DOO;20.02.2025;22.03.2025;;;;6447,00;;6140,00;0,00;0,00;0,000000;0,00;D;;;;;0,00;0;;0;;0;;0,00;307,00;;;;
24.02.2025;08:54:44;;;2;000278;ZUR market-2 dra^evo;100;\OR^E;874;T.D.GRANDPROM ZUR DOO;20.02.2025;22.03.2025;;;;882,00;;840,00;0,00;0,00;0,000000;0,00;D;;;;;0,00;0;;0;;0;;0,00;42,00;;;;
24.02.2025;09:18:58;;;2;000279;saraj;100;\OR^E;187;DAUTI-KOMERC KE[&KERI;21.02.2025;23.03.2025;;;;41800,50;;39810,00;0,00;0,00;0,000000;0,00;D;;;;;0,00;0;;0;;0;;0,00;1990,50;;;;
26.02.2025;08:32:00;;;5;000025;;100;\OR^E;100;MAGACIN \OR^E;21.02.2025;21.02.2025;;;;;;0,00;0,00;0,00;1,000000;0,00;;;;;;0,00;0;;0;;0;;0,00;0,00;;;;
24.02.2025;09:23:13;;;2;000280;;100;\OR^E;1348;KVATRO;21.02.2025;28.02.2025;;;;15800,50;;15048,00;0,00;0,00;0,000000;0,00;D;;;;;0,00;0;;0;;0;;0,00;752,50;;;;
24.02.2025;09:23:55;;;2;000281;;100;\OR^E;165;MRE@A DOO;21.02.2025;28.02.2025;;;;54038,50;;51465,00;0,00;0,00;0,000000;0,00;D;;;;;0,00;0;;0;;0;;0,00;2573,50;;;;
24.02.2025;09:25:51;;;2;000282;aerodrom;100;\OR^E;1168;TP SENDVI^ARA 7;21.02.2025;28.02.2025;;;;8798,00;;8379,00;0,00;0,00;0,000000;0,00;D;;;;;0,00;0;;0;;0;;0,00;419,00;;;;
24.02.2025;09:27:27;;;2;000283;restoran fotka;100;\OR^E;902;LUKSEMURG KOMERC PERO DOOEL SKOPJE;21.02.2025;28.02.2025;;;;2835,00;;2700,00;0,00;0,00;0,000000;0,00;D;;;;;0,00;0;;0;;0;;0,00;135,00;;;;
24.02.2025;09:28:27;;;2;000284;REPTIL-10 butel;100;\OR^E;1225;REPTIL DPTU;21.02.2025;23.03.2025;;;;4200,00;;4000,00;0,00;0,00;0,000000;0,00;D;;;;;0,00;0;;0;;0;;0,00;200,00;;;;
26.02.2025;08:23:03;;;2;000285;;100;\OR^E;883;SPECIJAL PRODUKT DOOEL;24.02.2025;24.02.2025;;;;51112,00;;48678,00;0,00;0,00;0,000000;0,00;D;;;;;0,00;0;;0;;0;;0,00;2434,00;;;;
26.02.2025;08:23:37;;;2;000286;VERO-11 tetovo;100;\OR^E;1050;VEROPULOS DOOEL SKOPJE;25.02.2025;26.04.2025;;;;4714,50;;4490,00;0,00;0,00;0,000000;0,00;D;;;;;0,00;0;;0;;0;;0,00;224,50;;;;
26.02.2025;08:24:50;;;2;000287;VERO-5 centar;100;\OR^E;1050;VEROPULOS DOOEL SKOPJE;25.02.2025;26.04.2025;;;;2940,00;;2800,00;0,00;0,00;0,000000;0,00;D;;;;;0,00;0;;0;;0;;0,00;140,00;;;;
28.02.2025;14:58:17;;;5;000026;;100;\OR^E;100;MAGACIN \OR^E;25.02.2025;25.02.2025;;;;;;0,00;0,00;0,00;1,000000;0,00;;;;;;0,00;0;;0;;0;;0,00;0,00;;;;
26.02.2025;08:26:18;;;2;000288;SUPER TINEKS-2 zebra;100;\OR^E;1201;TINEKS MT;25.02.2025;26.05.2025;;;;2572,50;;2450,00;0,00;0,00;0,000000;0,00;D;;;;;0,00;0;;0;;0;;0,00;122,50;;;;
26.02.2025;08:30:11;;;2;000289;VERO-9 n.banka;100;\OR^E;1050;VEROPULOS DOOEL SKOPJE;25.02.2025;26.04.2025;;;;14396,00;;13710,50;0,00;0,00;0,000000;0,00;D;;;;;0,00;0;;0;;0;;0,00;685,50;;;;
26.02.2025;08:31:53;;;2;000290;SUPER TINEKS-6 dramski;100;\OR^E;1201;TINEKS MT;25.02.2025;26.05.2025;;;;3675,50;;3500,50;0,00;0,00;0,000000;0,00;D;;;;;0,00;0;;0;;0;;0,00;175,00;;;;
27.02.2025;08:33:39;;;2;000291;podr.ramstore capitol moll;100;\OR^E;971;RAMSTORE MAKEDONIJA DOO SKOPJE;25.02.2025;26.04.2025;;;;2572,50;;2450,00;0,00;0,00;0,000000;0,00;D;;;;;0,00;0;;0;;0;;0,00;122,50;;;;
26.02.2025;08:33:37;;;2;000292;VERO-7 gtc;100;\OR^E;1050;VEROPULOS DOOEL SKOPJE;25.02.2025;26.04.2025;;;;4872,00;;4640,00;0,00;0,00;0,000000;0,00;D;;;;;0,00;0;;0;;0;;0,00;232,00;;;;
26.02.2025;08:34:35;;;2;000293;podr.ramstore g.lisi^e;100;\OR^E;971;RAMSTORE MAKEDONIJA DOO SKOPJE;25.02.2025;26.04.2025;;;;3454,50;;3290,00;0,00;0,00;0,000000;0,00;D;;;;;0,00;0;;0;;0;;0,00;164,50;;;;
26.02.2025;08:37:36;;;2;000294;VERO-2 taftalixe;100;\OR^E;1050;VEROPULOS DOOEL SKOPJE;25.02.2025;26.04.2025;;;;10154,00;;9670,50;0,00;0,00;0,000000;0,00;D;;;;;0,00;0;;0;;0;;0,00;483,50;;;;
30.05.2025;09:53:51;Z;;2;000295;;100;\OR^E;194;PICERIJA ENRIKO DOO SKOPJE;25.02.2025;04.03.2025;;;;7166,00;;6825,00;0,00;0,00;0,000000;0,00;D;;;;;0,00;0;;0;;0;;0,00;341,00;;;;
26.02.2025;08:40:08;;;2;000296;ambasada;100;\OR^E;1168;TP SENDVI^ARA 7;25.02.2025;04.03.2025;;;;8798,00;;8379,00;0,00;0,00;0,000000;0,00;D;;;;;0,00;0;;0;;0;;0,00;419,00;;;;
26.02.2025;08:40:37;;;2;000297;REPTIL-16 leninova;100;\OR^E;1225;REPTIL DPTU;25.02.2025;27.03.2025;;;;1800,00;;1714,50;0,00;0,00;0,000000;0,00;D;;;;;0,00;0;;0;;0;;0,00;85,50;;;;
24.03.2025;15:38:57;;;2;000298;;100;\OR^E;1328;BONTE KOMPANI;25.02.2025;04.03.2025;;;;34234,50;;32604,00;0,00;0,00;0,000000;0,00;D;;;;;0,00;0;;0;;0;;0,00;1630,50;;;;
04.03.2025;10:04:07;;;2;000299;podr.ramstore struga;100;\OR^E;971;RAMSTORE MAKEDONIJA DOO SKOPJE;27.02.2025;28.04.2025;;;;4599,00;;4380,00;0,00;0,00;0,000000;0,00;D;;;;;0,00;0;;0;;0;;0,00;219,00;;;;
27.02.2025;08:39:36;;;2;000300;VERO-12 karpo[-4;100;\OR^E;1050;VEROPULOS DOOEL SKOPJE;26.02.2025;27.04.2025;;;;7130,00;;6790,50;0,00;0,00;0,000000;0,00;D;;;;;0,00;0;;0;;0;;0,00;339,50;;;;
27.02.2025;08:42:48;;;2;000301;SUPER TINEKS-16 east gate;100;\OR^E;1201;TINEKS MT;26.02.2025;27.05.2025;;;;3161,00;;3010,50;0,00;0,00;0,000000;0,00;D;;;;;0,00;0;;0;;0;;0,00;150,50;;;;
27.02.2025;08:44:05;;;2;000302;TINEKS piom;100;\OR^E;1201;TINEKS MT;26.02.2025;27.05.2025;;;;5439,00;;5180,00;0,00;0,00;0,000000;0,00;D;;;;;0,00;0;;0;;0;;0,00;259,00;;;;
04.03.2025;10:03:51;;;2;000303;TINEKS-k.voda-2 (kino);100;\OR^E;1201;TINEKS MT;26.02.2025;27.05.2025;;;;4557,00;;4340,00;0,00;0,00;0,000000;0,00;D;;;;;0,00;0;;0;;0;;0,00;217,00;;;;
27.02.2025;08:46:38;;;2;000304;REPTIL-8 radi[ani;100;\OR^E;1225;REPTIL DPTU;26.02.2025;28.03.2025;;;;3780,00;;3600,00;0,00;0,00;0,000000;0,00;D;;;;;0,00;0;;0;;0;;0,00;180,00;;;;
27.02.2025;08:47:28;;;2;000305;REPTIL market-15 z.pazar;100;\OR^E;1225;REPTIL DPTU;26.02.2025;28.03.2025;;;;3129,00;;2980,00;0,00;0,00;0,000000;0,00;D;;;;;0,00;0;;0;;0;;0,00;149,00;;;;
27.02.2025;08:48:26;;;2;000306;rabotilnica;100;\OR^E;1168;TP SENDVI^ARA 7;26.02.2025;05.03.2025;;;;21995,00;;20947,50;0,00;0,00;0,000000;0,00;D;;;;;0,00;0;;0;;0;;0,00;1047,50;;;;
28.02.2025;08:36:28;;;2;000307;podr.ramstore star aerodrom;100;\OR^E;971;RAMSTORE MAKEDONIJA DOO SKOPJE;26.02.2025;27.04.2025;;;;1984,50;;1890,00;0,00;0,00;0,000000;0,00;D;;;;;0,00;0;;0;;0;;0,00;94,50;;;;
28.02.2025;08:36:36;;;2;000308;podr.ramstorecity moll;100;\OR^E;971;RAMSTORE MAKEDONIJA DOO SKOPJE;27.02.2025;28.04.2025;;;;1292,00;;1230,50;0,00;0,00;0,000000;0,00;D;;;;;0,00;0;;0;;0;;0,00;61,50;;;;
04.03.2025;10:03:18;;;2;000309;;100;\OR^E;877;INTEGRAL DOOEL;27.02.2025;14.03.2025;;;;10174,50;;9690,00;0,00;0,00;0,000000;0,00;D;;;;;0,00;0;;0;;0;;0,00;484,50;;;;
04.03.2025;10:20:07;;;2;000310;;100;\OR^E;1028;MAKROPROM;27.02.2025;06.03.2025;;;;23135,00;;22033,50;0,00;0,00;0,000000;0,00;D;;;;;0,00;0;;0;;0;;0,00;1101,50;;;;
02.04.2025;09:07:41;;;2;000311;bife;100;\OR^E;1331;PEKABESKO A.D.-SKOPJE;27.02.2025;13.04.2025;;;;10795,00;;10281,50;0,00;0,00;0,000000;0,00;D;;;;;0,00;0;;0;;0;;0,00;513,50;;;;
04.03.2025;10:19:48;;;2;000312;TNEKS dra^evo;100;\OR^E;1201;TINEKS MT;27.02.2025;28.05.2025;;;;3454,50;;3290,00;0,00;0,00;0,000000;0,00;D;;;;;0,00;0;;0;;0;;0,00;164,50;;;;
04.03.2025;10:18:57;;;2;000313;TINEKS gor^e;100;\OR^E;1201;TINEKS MT;27.02.2025;28.05.2025;;;;2572,50;;2450,00;0,00;0,00;0,000000;0,00;D;;;;;0,00;0;;0;;0;;0,00;122,50;;;;
28.02.2025;14:55:10;;;5;000027;;100;\OR^E;100;MAGACIN \OR^E;28.02.2025;28.02.2025;;;;;;0,00;0,00;0,00;1,000000;0,00;;;;;;0,00;0;;0;;0;;0,00;0,00;;;;
04.03.2025;10:18:22;;;2;000314;s.glumovo;100;\OR^E;836;EURO-IS-GRUP S.GLUMOVO;28.02.2025;07.03.2025;;;;51381,00;;48934,50;0,00;0,00;0,000000;0,00;D;;;;;0,00;0;;0;;0;;0,00;2446,50;;;;
04.03.2025;10:16:06;;;2;000315;ZUR market-14 maxari;100;\OR^E;874;T.D.GRANDPROM ZUR DOO;28.02.2025;30.03.2025;;;;4494,00;;4280,00;0,00;0,00;0,000000;0,00;D;;;;;0,00;0;;0;;0;;0,00;214,00;;;;
04.03.2025;10:13:23;;;2;000316;makpetrol;100;\OR^E;1168;TP SENDVI^ARA 7;28.02.2025;07.03.2025;;;;8798,00;;8379,00;0,00;0,00;0,000000;0,00;D;;;;;0,00;0;;0;;0;;0,00;419,00;;;;
04.03.2025;10:13:05;;;2;000317;n.lisi^e;100;\OR^E;56;BEJKING BREAD DOOEL;28.02.2025;07.03.2025;;;;1092,00;;1040,00;0,00;0,00;0,000000;0,00;D;;;;;0,00;0;;0;;0;;0,00;52,00;;;;
29.07.2025;09:53:27;;;2;000318;SUPER TINEKS-15 maj^in dom;100;\OR^E;1201;TINEKS MT;28.02.2025;29.05.2025;;;;2866,50;;2730,00;0,00;0,00;0,000000;0,00;D;;;;;0,00;0;;0;;0;;0,00;136,50;;;;
24.03.2025;15:39:13;;;2;000319;;100;\OR^E;885;TRGOPRODUKT DOO STRUMICA;03.03.2025;02.04.2025;;;;20947,50;;19950,00;0,00;0,00;0,000000;0,00;D;;;;;0,00;0;;0;;0;;0,00;997,50;;;;
12.05.2025;12:50:18;;;2;000320;;100;\OR^E;160;DOOEL A.M. OHRID;03.03.2025;10.03.2025;;;;20947,50;;19950,00;0,00;0,00;0,000000;0,00;D;;;;;0,00;0;;0;;0;;0,00;997,50;;;;
24.03.2025;15:39:57;;;2;000321;podr.ramtore ki^evo;100;\OR^E;874;T.D.GRANDPROM ZUR DOO;03.03.2025;02.05.2025;;;;2079,50;;1980,00;0,00;0,00;0,000000;0,00;D;;;;;0,00;0;;0;;0;;0,00;99,50;;;;
04.03.2025;09:30:59;;;2;000322;REPTIL-6 karpo[-1;100;\OR^E;1225;REPTIL DPTU;03.03.2025;02.04.2025;;;;4200,00;;4000,00;0,00;0,00;0,000000;0,00;D;;;;;0,00;0;;0;;0;;0,00;200,00;;;;
04.03.2025;09:33:06;;;2;000323;REPTIL-3 k.voda;100;\OR^E;1225;REPTIL DPTU;03.03.2025;02.04.2025;;;;3630,00;;3457,00;0,00;0,00;0,000000;0,00;D;;;;;0,00;0;;0;;0;;0,00;173,00;;;;
04.03.2025;09:36:01;;;2;000324;REPTIL-25 bardovci;100;\OR^E;1225;REPTIL DPTU;03.03.2025;02.04.2025;;;;2487,00;;2368,50;0,00;0,00;0,000000;0,00;D;;;;;0,00;0;;0;;0;;0,00;118,50;;;;
04.03.2025;09:38:26;;;2;000325;REPTIL-14 lisi^e;100;\OR^E;1225;REPTIL DPTU;03.03.2025;02.04.2025;;;;6447,00;;6140,00;0,00;0,00;0,000000;0,00;D;;;;;0,00;0;;0;;0;;0,00;307,00;;;;
04.03.2025;09:41:35;;;2;000326;ZUR market-11 lisi^e;100;\OR^E;874;T.D.GRANDPROM ZUR DOO;03.03.2025;02.04.2025;;;;3654,00;;3480,00;0,00;0,00;0,000000;0,00;D;;;;;0,00;0;;0;;0;;0,00;174,00;;;;
04.03.2025;09:43:36;;;2;000327;VERO-2 taftalixe;100;\OR^E;1050;VEROPULOS DOOEL SKOPJE;03.03.2025;02.05.2025;;;;7822,00;;7450,00;0,00;0,00;0,000000;0,00;D;;;;;0,00;0;;0;;0;;0,00;372,00;;;;
04.03.2025;09:45:17;;;2;000328;SUPER TINEKS-4 kon^ar;100;\OR^E;1201;TINEKS MT;03.03.2025;01.06.2025;;;;5008,50;;4770,00;0,00;0,00;0,000000;0,00;D;;;;;0,00;0;;0;;0;;0,00;238,50;;;;
05.03.2025;08:46:48;;;9;000016;;100;\OR^E;8;RESTORAN FA-FA SKOPJE;25.02.2025;25.02.2025;;;;10605,00;;10100,00;0,00;0,00;0,000000;0,00;D;;;;;0,00;0;;0;;0;;0,00;505,00;;;;
05.03.2025;08:47:56;;;9;000017;;100;\OR^E;1;ZORAN BITOLA;05.03.2025;20.03.2025;;;;3780,00;;3600,00;0,00;0,00;0,000000;0,00;D;;;;;0,00;0;;0;;0;;0,00;180,00;;;;
06.03.2025;08:58:47;;;2;000329;SUPER TINEKS-11 lisa;100;\OR^E;1201;TINEKS MT;05.03.2025;03.06.2025;;;;6111,00;;5820,00;0,00;0,00;0,000000;0,00;D;;;;;0,00;0;;0;;0;;0,00;291,00;;;;
06.03.2025;08:59:41;;;2;000330;podr.ramstore vardar;100;\OR^E;971;RAMSTORE MAKEDONIJA DOO SKOPJE;05.03.2025;04.05.2025;;;;4379,50;;4171,00;0,00;0,00;0,000000;0,00;D;;;;;0,00;0;;0;;0;;0,00;208,50;;;;
06.03.2025;09:00:43;;;2;000331;TINEKS k.voda-1;100;\OR^E;1201;TINEKS MT;05.03.2025;03.06.2025;;;;4441,50;;4230,00;0,00;0,00;0,000000;0,00;D;;;;;0,00;0;;0;;0;;0,00;211,50;;;;
06.03.2025;09:01:59;;;2;000332;SUPER TINEKS-13 pra[ka;100;\OR^E;1201;TINEKS MT;05.03.2025;03.06.2025;;;;4924,50;;4690,00;0,00;0,00;0,000000;0,00;D;;;;;0,00;0;;0;;0;;0,00;234,50;;;;
06.03.2025;09:04:37;;;2;000333;;100;\OR^E;1265;ORION KOMERC;05.03.2025;12.03.2025;;;;69437,50;;66131,00;0,00;0,00;0,000000;0,00;D;;;;;0,00;0;;0;;0;;0,00;3306,50;;;;
06.03.2025;09:04:07;;;5;000028;;100;\OR^E;100;MAGACIN \OR^E;05.03.2025;05.03.2025;;;;;;0,00;0,00;0,00;1,000000;0,00;;;;;;0,00;0;;0;;0;;0,00;0,00;;;;
06.03.2025;09:08:58;;;2;000334;VERO-10 k.voda;100;\OR^E;1201;TINEKS MT;05.03.2025;04.05.2025;;;;2099,00;;1999,00;0,00;0,00;0,000000;0,00;D;;;;;0,00;0;;0;;0;;0,00;100,00;;;;
07.03.2025;09:07:40;;;2;000335;SUPER TINEKS-3prvomajska;100;\OR^E;1201;TINEKS MT;05.03.2025;03.06.2025;;;;1292,00;;1230,50;0,00;0,00;0,000000;0,00;D;;;;;0,00;0;;0;;0;;0,00;61,50;;;;
29.10.2025;12:32:19;;;2;000336;;100;\OR^E;1371;SER@;05.03.2025;12.03.2025;;;;2953,50;;2813,00;0,00;0,00;0,000000;0,00;D;;;;;0,00;0;;0;;0;;0,00;140,50;;;;
06.03.2025;09:12:31;;;2;000337;;100;\OR^E;1028;MAKROPROM;05.03.2025;12.03.2025;;;;20216,50;;19253,50;0,00;0,00;0,000000;0,00;D;;;;;0,00;0;;0;;0;;0,00;963,00;;;;
06.03.2025;09:14:14;;;2;000338;GIGO TREJD-4 radi[ani;100;\OR^E;2008;GIGO-TREJD;05.03.2025;12.03.2025;;;;9006,00;;8577,00;0,00;0,00;0,000000;0,00;D;;;;;0,00;0;;0;;0;;0,00;429,00;;;;
06.03.2025;09:15:54;;;2;000339;GIGO TREJD-4 (toploteka);100;\OR^E;2008;GIGO-TREJD;05.03.2025;12.03.2025;;;;798,00;;760,00;0,00;0,00;0,000000;0,00;D;;;;;0,00;0;;0;;0;;0,00;38,00;;;;
07.03.2025;09:08:26;;;2;000340;VERO-9 n.banka;100;\OR^E;1050;VEROPULOS DOOEL SKOPJE;06.03.2025;05.05.2025;;;;4515,50;;4300,50;0,00;0,00;0,000000;0,00;D;;;;;0,00;0;;0;;0;;0,00;215,00;;;;
07.03.2025;09:11:32;;;2;000341;REPTIL-18 vlae;100;\OR^E;1225;REPTIL DPTU;06.03.2025;05.04.2025;;;;4137,00;;3940,00;0,00;0,00;0,000000;0,00;D;;;;;0,00;0;;0;;0;;0,00;197,00;;;;
07.03.2025;09:12:26;;;2;000342;ZUR market-9 maxari;100;\OR^E;874;T.D.GRANDPROM ZUR DOO;06.03.2025;05.04.2025;;;;3984,00;;3794,50;0,00;0,00;0,000000;0,00;D;;;;;0,00;0;;0;;0;;0,00;189,50;;;;
07.03.2025;09:13:09;;;2;000343;ZUR market-6 lisi^e;100;\OR^E;874;T.D.GRANDPROM ZUR DOO;06.03.2025;05.04.2025;;;;6447,00;;6140,00;0,00;0,00;0,000000;0,00;D;;;;;0,00;0;;0;;0;;0,00;307,00;;;;
07.03.2025;09:14:45;;;2;000344;DIM market-4 hrom;100;\OR^E;874;T.D.GRANDPROM ZUR DOO;06.03.2025;05.04.2025;;;;4251,00;;4048,50;0,00;0,00;0,000000;0,00;D;;;;;0,00;0;;0;;0;;0,00;202,50;;;;
10.03.2025;15:14:19;;;5;000029;;100;\OR^E;100;MAGACIN \OR^E;06.03.2025;06.03.2025;;;;;;0,00;0,00;0,00;1,000000;0,00;;;;;;0,00;0;;0;;0;;0,00;0,00;;;;
07.03.2025;09:15:40;;;2;000345;DIM market-6 gor^e;100;\OR^E;874;T.D.GRANDPROM ZUR DOO;06.03.2025;05.04.2025;;;;5751,00;;5477,00;0,00;0,00;0,000000;0,00;D;;;;;0,00;0;;0;;0;;0,00;274,00;;;;
07.03.2025;09:16:29;;;2;000346;DIM market-14 karpo[-4;100;\OR^E;874;T.D.GRANDPROM ZUR DOO;06.03.2025;05.04.2025;;;;4620,00;;4400,00;0,00;0,00;0,000000;0,00;D;;;;;0,00;0;;0;;0;;0,00;220,00;;;;
07.03.2025;09:57:01;;;9;000018;;100;\OR^E;69;UBAC GOSTILNICA;07.03.2025;07.03.2025;;;;441,00;;420,00;0,00;0,00;0,000000;0,00;D;;;;;0,00;0;;0;;0;;0,00;21,00;;;;
11.03.2025;09:13:02;;;5;000030;;100;\OR^E;100;MAGACIN \OR^E;07.03.2025;07.03.2025;;;;;;0,00;0,00;0,00;1,000000;0,00;;;;;;0,00;0;;0;;0;;0,00;0,00;;;;
29.04.2025;08:32:53;;;2;000347;;100;\OR^E;69;UBAC T.P. GOSTILNICA;07.03.2025;14.03.2025;;;;2541,00;;2420,00;0,00;0,00;0,000000;0,00;D;;;;;0,00;0;;0;;0;;0,00;121,00;;;;
24.03.2025;15:40:24;;;2;000348;s.zhelino;100;\OR^E;1020;DERVENT PROMET;07.03.2025;14.03.2025;;;;22518,00;;21446,00;0,00;0,00;0,000000;0,00;D;;;;;0,00;0;;0;;0;;0,00;1072,00;;;;
15.08.2025;11:30:22;;;2;000349;proizvodstvo;100;\OR^E;1331;PEKABESKO A.D.-SKOPJE;07.03.2025;21.04.2025;;;;18301,50;;17430,00;0,00;0,00;0,000000;0,00;D;;;;;0,00;0;;0;;0;;0,00;871,50;;;;
10.03.2025;08:41:53;;;2;000350;SUPER TINEKS-17 ilinden;100;\OR^E;1201;TINEKS MT;07.03.2025;05.06.2025;;;;5712,50;;5440,50;0,00;0,00;0,000000;0,00;D;;;;;0,00;0;;0;;0;;0,00;272,00;;;;
11.03.2025;09:09:05;;;2;000351;DIM market-1 s.stajkovci;100;\OR^E;874;T.D.GRANDPROM ZUR DOO;07.03.2025;06.04.2025;;;;6531,00;;6220,00;0,00;0,00;0,000000;0,00;D;;;;;0,00;0;;0;;0;;0,00;311,00;;;;
10.03.2025;08:44:56;;;2;000352;DIM market-2 k.voda;100;\OR^E;874;T.D.GRANDPROM ZUR DOO;07.03.2025;06.04.2025;;;;3411,00;;3248,50;0,00;0,00;0,000000;0,00;D;;;;;0,00;0;;0;;0;;0,00;162,50;;;;
10.03.2025;08:46:02;;;2;000353;DIM market-3 gazi baba;100;\OR^E;874;T.D.GRANDPROM ZUR DOO;07.03.2025;06.04.2025;;;;8502,00;;8097,00;0,00;0,00;0,000000;0,00;D;;;;;0,00;0;;0;;0;;0,00;405,00;;;;
13.03.2025;09:00:12;;;2;000354;DIM market-5 dra^evo;100;\OR^E;874;T.D.GRANDPROM ZUR DOO;12.03.2025;11.04.2025;;;;4440,00;;4228,50;0,00;0,00;0,000000;0,00;D;;;;;0,00;0;;0;;0;;0,00;211,50;;;;
10.03.2025;08:48:21;;;2;000355;DIM market-7 aerodrom;100;\OR^E;874;T.D.GRANDPROM ZUR DOO;07.03.2025;06.04.2025;;;;4167,00;;3968,50;0,00;0,00;0,000000;0,00;D;;;;;0,00;0;;0;;0;;0,00;198,50;;;;
12.03.2025;15:29:58;;;2;000356;DIM market-8 d.lisi^e;100;\OR^E;874;T.D.GRANDPROM ZUR DOO;12.03.2025;11.04.2025;;;;3591,00;;3420,00;0,00;0,00;0,000000;0,00;D;;;;;0,00;0;;0;;0;;0,00;171,00;;;;
24.03.2025;15:42:11;;;2;000357;DIM market br.9 kumanovo;100;\OR^E;874;T.D.GRANDPROM ZUR DOO;07.03.2025;06.04.2025;;;;3327,00;;3168,50;0,00;0,00;0,000000;0,00;D;;;;;0,00;0;;0;;0;;0,00;158,50;;;;
21.03.2025;09:52:37;;;2;000358;DIM market-18 ^ento;100;\OR^E;874;T.D.GRANDPROM ZUR DOO;07.03.2025;06.04.2025;;;;7371,00;;7020,00;0,00;0,00;0,000000;0,00;D;;;;;0,00;0;;0;;0;;0,00;351,00;;;;
10.03.2025;08:50:56;;;2;000359;VERO-13 limak;100;\OR^E;1050;VEROPULOS DOOEL SKOPJE;08.03.2025;07.05.2025;;;;2301,50;;2191,50;0,00;0,00;0,000000;0,00;D;;;;;0,00;0;;0;;0;;0,00;110,00;;;;
10.03.2025;08:51:41;;;2;000360;VERO-5 centar;100;\OR^E;1050;VEROPULOS DOOEL SKOPJE;08.03.2025;07.05.2025;;;;1318,50;;1255,50;0,00;0,00;0,000000;0,00;D;;;;;0,00;0;;0;;0;;0,00;63,00;;;;
10.03.2025;08:52:25;;;2;000361;ZUR market-5 aerodrom;100;\OR^E;874;T.D.GRANDPROM ZUR DOO;08.03.2025;07.04.2025;;;;5289,00;;5037,00;0,00;0,00;0,000000;0,00;D;;;;;0,00;0;;0;;0;;0,00;252,00;;;;
11.03.2025;09:09:22;;;2;000362;magacin saraj;100;\OR^E;187;DAUTI-KOMERC KE[&KERI;10.03.2025;09.04.2025;;;;163989,00;;156180,00;0,00;0,00;0,000000;0,00;D;;;;;0,00;0;;0;;0;;0,00;7809,00;;;;
11.03.2025;09:09:42;;;2;000363;;100;\OR^E;907;FITOFARM SKOPJE;10.03.2025;10.03.2025;;;;13125,00;;12500,00;0,00;0,00;0,000000;0,00;D;;;;;0,00;0;;0;;0;;0,00;625,00;;;;
11.03.2025;09:31:55;;;5;000031;;100;\OR^E;100;MAGACIN \OR^E;10.03.2025;10.03.2025;;;;;;0,00;0,00;0,00;1,000000;0,00;;;;;;0,00;0;;0;;0;;0,00;0,00;;;;
11.03.2025;09:10:53;;;2;000364;SUPER TINEKS-10 cveten;100;\OR^E;1201;TINEKS MT;10.03.2025;08.06.2025;;;;7004,50;;6671,00;0,00;0,00;0,000000;0,00;D;;;;;0,00;0;;0;;0;;0,00;333,50;;;;
11.03.2025;09:12:41;;;2;000365;SUPER TINEKS-16 east gate;100;\OR^E;1201;TINEKS MT;10.03.2025;08.06.2025;;;;2278,50;;2170,00;0,00;0,00;0,000000;0,00;D;;;;;0,00;0;;0;;0;;0,00;108,50;;;;
11.03.2025;09:27:06;;;2;000366;TINEKS centar-2;100;\OR^E;1201;TINEKS MT;10.03.2025;08.06.2025;;;;6268,50;;5970,00;0,00;0,00;0,000000;0,00;D;;;;;0,00;0;;0;;0;;0,00;298,50;;;;
11.03.2025;09:28:11;;;2;000367;SUPER TINEKS-2 zebra;100;\OR^E;1201;TINEKS MT;10.03.2025;08.06.2025;;;;6856,50;;6530,00;0,00;0,00;0,000000;0,00;D;;;;;0,00;0;;0;;0;;0,00;326,50;;;;
11.03.2025;09:29:10;;;2;000368;leptokarija;100;\OR^E;1168;TP SENDVI^ARA 7;10.03.2025;17.03.2025;;;;8798,00;;8379,00;0,00;0,00;0,000000;0,00;D;;;;;0,00;0;;0;;0;;0,00;419,00;;;;
11.03.2025;09:30:37;;;2;000369;east gate;100;\OR^E;60;BEJKING BREAD IST GEJT SKOPJE;10.03.2025;17.03.2025;;;;1092,00;;1040,00;0,00;0,00;0,000000;0,00;D;;;;;0,00;0;;0;;0;;0,00;52,00;;;;
11.03.2025;09:32:29;;;9;000019;;100;\OR^E;1423;GRADOTE DOOEL;11.03.2025;11.03.2025;;;;9555,00;;9100,00;0,00;0,00;0,000000;0,00;D;;;;;0,00;0;;0;;0;;0,00;455,00;;;;
11.03.2025;14:56:26;;;5;000032;;100;\OR^E;100;MAGACIN \OR^E;11.03.2025;11.03.2025;;;;;;0,00;0,00;0,00;1,000000;0,00;;;;;;0,00;0;;0;;0;;0,00;0,00;;;;
11.03.2025;14:51:53;;;2;000370;VERO-4 bitola;100;\OR^E;1050;VEROPULOS DOOEL SKOPJE;11.03.2025;10.05.2025;;;;6790,50;;6467,00;0,00;0,00;0,000000;0,00;D;;;;;0,00;0;;0;;0;;0,00;323,50;;;;
11.03.2025;14:54:03;;;2;000371;VERO-6 bitola;100;\OR^E;1050;VEROPULOS DOOEL SKOPJE;11.03.2025;10.05.2025;;;;3960,00;;3771,50;0,00;0,00;0,000000;0,00;D;;;;;0,00;0;;0;;0;;0,00;188,50;;;;
11.03.2025;14:55:01;;;2;000372;VERO-2 taftalixe;100;\OR^E;1050;VEROPULOS DOOEL SKOPJE;11.03.2025;10.05.2025;;;;5194,00;;4947,00;0,00;0,00;0,000000;0,00;D;;;;;0,00;0;;0;;0;;0,00;247,00;;;;
11.03.2025;14:55:33;;;2;000373;SUPER TTINEX-11 lisa;100;\OR^E;1201;TINEKS MT;11.03.2025;09.06.2025;;;;4452,50;;4240,50;0,00;0,00;0,000000;0,00;D;;;;;0,00;0;;0;;0;;0,00;212,00;;;;
11.03.2025;14:56:45;;;2;000374;aerodrom;100;\OR^E;1168;TP SENDVI^ARA 7;11.03.2025;18.03.2025;;;;8798,00;;8379,00;0,00;0,00;0,000000;0,00;D;;;;;0,00;0;;0;;0;;0,00;419,00;;;;
11.03.2025;14:57:11;;;2;000375;;100;\OR^E;1301;MEDISON T.P.;11.03.2025;18.03.2025;;;;22982,00;;21888,00;0,00;0,00;0,000000;0,00;D;;;;;0,00;0;;0;;0;;0,00;1094,00;;;;
11.03.2025;14:57:50;;;2;000376;;100;\OR^E;1028;MAKROPROM;11.03.2025;18.03.2025;;;;33383,50;;31793,50;0,00;0,00;0,000000;0,00;D;;;;;0,00;0;;0;;0;;0,00;1590,00;;;;
11.03.2025;14:58:35;;;2;000377;TINEKS-hrom;100;\OR^E;1201;TINEKS MT;11.03.2025;09.06.2025;;;;5008,50;;4770,00;0,00;0,00;0,000000;0,00;D;;;;;0,00;0;;0;;0;;0,00;238,50;;;;
12.03.2025;15:30:46;;;2;000378;TINEKS karpo[-3;100;\OR^E;1201;TINEKS MT;12.03.2025;10.06.2025;;;;2866,50;;2730,00;0,00;0,00;0,000000;0,00;D;;;;;0,00;0;;0;;0;;0,00;136,50;;;;
13.03.2025;15:26:03;;;2;000379;;100;\OR^E;1321;MB-DOO;13.03.2025;20.03.2025;;;;6942,50;;6612,00;0,00;0,00;0,000000;0,00;D;;;;;0,00;0;;0;;0;;0,00;330,50;;;;
13.03.2025;15:26:18;;;2;000380;podr.ramstore city moll;100;\OR^E;971;RAMSTORE MAKEDONIJA DOO SKOPJE;12.03.2025;11.05.2025;;;;1470,00;;1400,00;0,00;0,00;0,000000;0,00;D;;;;;0,00;0;;0;;0;;0,00;70,00;;;;
13.03.2025;15:26:36;;;2;000381;VERO-9 n.banka;100;\OR^E;1050;VEROPULOS DOOEL SKOPJE;13.03.2025;12.05.2025;;;;5132,00;;4888,00;0,00;0,00;0,000000;0,00;D;;;;;0,00;0;;0;;0;;0,00;244,00;;;;
13.03.2025;15:27:10;;;2;000382;TINEKS k.voda-2 (Kkino);100;\OR^E;1201;TINEKS MT;12.03.2025;10.06.2025;;;;1586,00;;1510,50;0,00;0,00;0,000000;0,00;D;;;;;0,00;0;;0;;0;;0,00;75,50;;;;
14.03.2025;08:38:26;;;2;000383;VERO-1 aerodrom;100;\OR^E;1050;VEROPULOS DOOEL SKOPJE;12.03.2025;11.05.2025;;;;4515,00;;4300,50;0,00;0,00;0,000000;0,00;D;;;;;0,00;0;;0;;0;;0,00;214,50;;;;
14.03.2025;08:39:19;;;2;000384;n.ilinden;100;\OR^E;908;OK RESTORANTS & BARS DOOEL;13.03.2025;20.03.2025;;;;4630,50;;4410,00;0,00;0,00;0,000000;0,00;D;;;;;0,00;0;;0;;0;;0,00;220,50;;;;
13.03.2025;15:34:30;;;2;000385;TINEKS delikatesen (BEKO);100;\OR^E;1201;TINEKS MT;12.03.2025;10.06.2025;;;;5512,50;;5250,00;0,00;0,00;0,000000;0,00;D;;;;;0,00;0;;0;;0;;0,00;262,50;;;;
13.03.2025;15:30:53;;;2;000386;TNEKS aerodrom;100;\OR^E;1201;TINEKS MT;12.03.2025;10.06.2025;;;;5439,00;;5180,00;0,00;0,00;0,000000;0,00;D;;;;;0,00;0;;0;;0;;0,00;259,00;;;;
13.03.2025;15:31:05;;;2;000387;ZUR market-21 gor^e;100;\OR^E;874;T.D.GRANDPROM ZUR DOO;12.03.2025;11.04.2025;;;;6724,50;;6404,50;0,00;0,00;0,000000;0,00;D;;;;;0,00;0;;0;;0;;0,00;320,00;;;;
13.03.2025;15:31:18;;;2;000388;;100;\OR^E;1095;BOMAGO;12.03.2025;19.03.2025;;;;45420,50;;43257,00;0,00;0,00;0,000000;0,00;D;;;;;0,00;0;;0;;0;;0,00;2163,50;;;;
20.03.2025;08:44:13;;;5;000033;;100;\OR^E;100;MAGACIN \OR^E;13.03.2025;13.03.2025;;;;;;0,00;0,00;0,00;1,000000;0,00;;;;;;0,00;0;;0;;0;;0,00;0,00;;;;
14.03.2025;08:42:28;;;2;000389;VERO-3 tetovo;100;\OR^E;1050;VEROPULOS DOOEL SKOPJE;13.03.2025;12.05.2025;;;;9560,00;;9105,00;0,00;0,00;0,000000;0,00;D;;;;;0,00;0;;0;;0;;0,00;455,00;;;;
16.04.2025;08:35:16;;;2;000390;;100;\OR^E;877;INTEGRAL DOOEL;13.03.2025;28.03.2025;;;;14922,50;;14212,00;0,00;0,00;0,000000;0,00;D;;;;;0,00;0;;0;;0;;0,00;710,50;;;;
14.03.2025;08:09:04;;;2;000391;;100;\OR^E;1348;KVATRO;13.03.2025;20.03.2025;;;;15801,00;;15048,00;0,00;0,00;0,000000;0,00;D;;;;;0,00;0;;0;;0;;0,00;753,00;;;;
14.03.2025;08:45:59;;;2;000392;SUPER TNEKS-1 godel;100;\OR^E;1201;TINEKS MT;13.03.2025;11.06.2025;;;;1984,50;;1890,00;0,00;0,00;0,000000;0,00;D;;;;;0,00;0;;0;;0;;0,00;94,50;;;;
24.03.2025;09:10:46;;;2;000393;full plate;100;\OR^E;1050;VEROPULOS DOOEL SKOPJE;13.03.2025;12.05.2025;;;;12180,00;;11600,00;0,00;0,00;0,000000;0,00;D;;;;;0,00;0;;0;;0;;0,00;580,00;;;;
14.03.2025;08:47:40;;;2;000394;;100;\OR^E;165;MRE@A DOO;13.03.2025;20.03.2025;;;;60063,50;;57203,00;0,00;0,00;0,000000;0,00;D;;;;;0,00;0;;0;;0;;0,00;2860,50;;;;
14.03.2025;08:18:35;;;2;000395;SUPER TINEKS-6 dramski;100;\OR^E;1201;TINEKS MT;13.03.2025;11.06.2025;;;;4557,50;;4340,50;0,00;0,00;0,000000;0,00;D;;;;;0,00;0;;0;;0;;0,00;217,00;;;;
14.03.2025;08:21:06;;;2;000396;restoran fotka;100;\OR^E;902;LUKSEMURG KOMERC PERO DOOEL SKOPJE;13.03.2025;20.03.2025;;;;2835,00;;2700,00;0,00;0,00;0,000000;0,00;D;;;;;0,00;0;;0;;0;;0,00;135,00;;;;
14.03.2025;08:22:17;;;2;000397;mesara ^ento;100;\OR^E;225;KARNIVOR DOOEL SKOPJE;13.03.2025;20.03.2025;;;;4520,00;;4305,00;0,00;0,00;0,000000;0,00;D;;;;;0,00;0;;0;;0;;0,00;215,00;;;;
12.05.2025;12:50:28;;;2;000398;A.M DOOEL Ohrid;100;\OR^E;160;DOOEL A.M. OHRID;14.03.2025;21.03.2025;;;;21995,00;;20947,50;0,00;0,00;0,000000;0,00;D;;;;;0,00;0;;0;;0;;0,00;1047,50;;;;
18.03.2025;08:38:11;;;2;000399;;100;\OR^E;979;LEMIS DOOEL SKOPJE;14.03.2025;14.03.2025;;;;2079,00;;1980,00;0,00;0,00;0,000000;0,00;D;;;;;0,00;0;;0;;0;;0,00;99,00;;;;
18.03.2025;08:38:52;;;2;000400;;100;\OR^E;928;BEL KAMEN GORAN DOOEL TETOVO;14.03.2025;21.03.2025;;;;9040,50;;8610,00;0,00;0,00;0,000000;0,00;D;;;;;0,00;0;;0;;0;;0,00;430,50;;;;
18.03.2025;08:42:09;;;2;000401;REPTIL-2 crni^e;100;\OR^E;1225;REPTIL DPTU;17.03.2025;16.04.2025;;;;5481,00;;5220,00;0,00;0,00;0,000000;0,00;D;;;;;0,00;0;;0;;0;;0,00;261,00;;;;
19.03.2025;08:43:37;;;2;000402;ZUR market-20 karpo[-1;100;\OR^E;874;T.D.GRANDPROM ZUR DOO;17.03.2025;16.04.2025;;;;4494,00;;4280,00;0,00;0,00;0,000000;0,00;D;;;;;0,00;0;;0;;0;;0,00;214,00;;;;
18.03.2025;08:44:00;;;2;000403;REPTIL-10 butel;100;\OR^E;1225;REPTIL DPTU;17.03.2025;16.04.2025;;;;3213,00;;3060,00;0,00;0,00;0,000000;0,00;D;;;;;0,00;0;;0;;0;;0,00;153,00;;;;
18.03.2025;08:45:13;;;2;000404;REPTIL-3 k.voda;100;\OR^E;1225;REPTIL DPTU;17.03.2025;16.04.2025;;;;3327,00;;3168,50;0,00;0,00;0,000000;0,00;D;;;;;0,00;0;;0;;0;;0,00;158,50;;;;
18.03.2025;08:45:46;;;2;000405;SUPER TINEKS-4 kon^ar;100;\OR^E;1201;TINEKS MT;17.03.2025;15.06.2025;;;;2971,50;;2830,00;0,00;0,00;0,000000;0,00;D;;;;;0,00;0;;0;;0;;0,00;141,50;;;;
21.03.2025;09:54:13;;;2;000406;VERO-7 gtc;100;\OR^E;1050;VEROPULOS DOOEL SKOPJE;17.03.2025;16.05.2025;;;;2690,00;;2562,00;0,00;0,00;0,000000;0,00;D;;;;;0,00;0;;0;;0;;0,00;128,00;;;;
18.03.2025;09:03:09;;;9;000020;;100;\OR^E;828;ISBS DOOEL SKOPJE;17.03.2025;17.03.2025;;;;7800,00;;7428,50;0,00;0,00;0,000000;0,00;D;;;;;0,00;0;;0;;0;;0,00;371,50;;;;
18.03.2025;09:05:56;;;9;000021;s.kondovo;100;\OR^E;8;RESTORAN FA-FA SKOPJE;18.03.2025;18.03.2025;;;;6300,00;;6000,00;0,00;0,00;0,000000;0,00;D;;;;;0,00;0;;0;;0;;0,00;300,00;;;;
21.03.2025;09:58:34;;;2;000407;SUPER TINEKS-2 zebra;100;\OR^E;1201;TINEKS MT;18.03.2025;16.06.2025;;;;7130,00;;6790,50;0,00;0,00;0,000000;0,00;D;;;;;0,00;0;;0;;0;;0,00;339,50;;;;
19.03.2025;08:46:51;;;2;000408;podr.ramstore capitol moll;100;\OR^E;971;RAMSTORE MAKEDONIJA DOO SKOPJE;18.03.2025;17.05.2025;;;;2079,50;;1980,50;0,00;0,00;0,000000;0,00;D;;;;;0,00;0;;0;;0;;0,00;99,00;;;;
19.03.2025;08:48:36;;;2;000409;aerodrom;100;\OR^E;24;PLANET PI ES DOOOEL;18.03.2025;25.03.2025;;;;2971,00;;2829,50;0,00;0,00;0,000000;0,00;D;;;;;0,00;0;;0;;0;;0,00;141,50;;;;
24.03.2025;09:10:57;;;5;000034;;100;\OR^E;100;MAGACIN \OR^E;18.03.2025;18.03.2025;;;;;;0,00;0,00;0,00;1,000000;0,00;;;;;;0,00;0;;0;;0;;0,00;0,00;;;;
19.03.2025;08:49:32;;;2;000410;VERO-2 taftalixe;100;\OR^E;1050;VEROPULOS DOOEL SKOPJE;18.03.2025;17.05.2025;;;;6314,00;;6014,00;0,00;0,00;0,000000;0,00;D;;;;;0,00;0;;0;;0;;0,00;300,00;;;;
19.03.2025;08:50:32;;;2;000411;REPTI-23 aerodrom;100;\OR^E;1225;REPTIL DPTU;18.03.2025;17.04.2025;;;;3360,00;;3200,00;0,00;0,00;0,000000;0,00;D;;;;;0,00;0;;0;;0;;0,00;160,00;;;;
19.03.2025;08:51:18;;;2;000412;;100;\OR^E;1028;MAKROPROM;18.03.2025;25.03.2025;;;;10833,00;;10317,00;0,00;0,00;0,000000;0,00;D;;;;;0,00;0;;0;;0;;0,00;516,00;;;;
20.03.2025;08:44:34;;;2;000413;magacin saraj;100;\OR^E;187;DAUTI-KOMERC KE[&KERI;19.03.2025;18.04.2025;;;;222642,00;;212040,00;0,00;0,00;0,000000;0,00;D;;;;;0,00;0;;0;;0;;0,00;10602,00;;;;
21.03.2025;08:44:52;;;2;000414;SUPER TINEKS-11 lisa;100;\OR^E;1201;TINEKS MT;20.03.2025;18.06.2025;;;;3160,50;;3010,00;0,00;0,00;0,000000;0,00;D;;;;;0,00;0;;0;;0;;0,00;150,50;;;;
21.03.2025;08:45:39;;;2;000415;SUPER TINEKS-3 prvomajska;100;\OR^E;1201;TINEKS MT;19.03.2025;17.06.2025;;;;4714,50;;4490,00;0,00;0,00;0,000000;0,00;D;;;;;0,00;0;;0;;0;;0,00;224,50;;;;
21.03.2025;08:49:21;;;2;000416;TINEKS buWakovec (delikatesen);100;\OR^E;1201;TINEKS MT;19.03.2025;17.06.2025;;;;5596,50;;5330,00;0,00;0,00;0,000000;0,00;D;;;;;0,00;0;;0;;0;;0,00;266,50;;;;
21.03.2025;08:45:46;;;2;000417;SUPER TINEKS-10 cveten;100;\OR^E;1201;TINEKS MT;19.03.2025;17.06.2025;;;;2572,50;;2450,00;0,00;0,00;0,000000;0,00;D;;;;;0,00;0;;0;;0;;0,00;122,50;;;;
21.03.2025;08:45:57;;;2;000418;GIGO TREJD-1 maxari;100;\OR^E;2008;GIGO-TREJD;19.03.2025;26.03.2025;;;;6205,00;;5909,00;0,00;0,00;0,000000;0,00;D;;;;;0,00;0;;0;;0;;0,00;296,00;;;;
21.03.2025;08:46:06;;;2;000419;ambasada;100;\OR^E;1168;TP SENDVI^ARA 7;19.03.2025;26.03.2025;;;;8798,00;;8379,00;0,00;0,00;0,000000;0,00;D;;;;;0,00;0;;0;;0;;0,00;419,00;;;;
24.03.2025;09:08:48;;;5;000035;;100;\OR^E;100;MAGACIN \OR^E;19.03.2025;19.03.2025;;;;;;0,00;0,00;0,00;1,000000;0,00;;;;;;0,00;0;;0;;0;;0,00;0,00;;;;
21.03.2025;08:46:55;;;2;000420;REPTIL-8 radi[ani;100;\OR^E;1225;REPTIL DPTU;20.03.2025;19.04.2025;;;;3654,00;;3480,00;0,00;0,00;0,000000;0,00;D;;;;;0,00;0;;0;;0;;0,00;174,00;;;;
21.03.2025;08:48:55;;;2;000421;REPTIL-17 kozle;100;\OR^E;1225;REPTIL DPTU;19.03.2025;18.04.2025;;;;2982,00;;2840,00;0,00;0,00;0,000000;0,00;D;;;;;0,00;0;;0;;0;;0,00;142,00;;;;
20.03.2025;09:35:32;;;9;000022;;100;\OR^E;20;FISH CHIPS;20.03.2025;20.03.2025;;;;2382,00;;2268,50;0,00;0,00;0,000000;0,00;D;;;;;0,00;0;;0;;0;;0,00;113,50;;;;
24.03.2025;09:06:22;;;5;000036;;100;\OR^E;100;MAGACIN \OR^E;20.03.2025;20.03.2025;;;;;;0,00;0,00;0,00;1,000000;0,00;;;;;;0,00;0;;0;;0;;0,00;0,00;;;;
20.03.2025;09:35:42;;;9;000023;;100;\OR^E;1423;GRADOTE DOOEL;20.03.2025;20.03.2025;;;;4095,00;;3900,00;0,00;0,00;0,000000;0,00;D;;;;;0,00;0;;0;;0;;0,00;195,00;;;;
21.03.2025;08:51:12;;;2;000422;VERO-8 ^air;100;\OR^E;1050;VEROPULOS DOOEL SKOPJE;20.03.2025;19.05.2025;;;;6932,50;;6603,00;0,00;0,00;0,000000;0,00;D;;;;;0,00;0;;0;;0;;0,00;329,50;;;;
21.03.2025;08:54:01;;;2;000423;ZUR market-12 vlae;100;\OR^E;874;T.D.GRANDPROM ZUR DOO;20.03.2025;19.04.2025;;;;3327,00;;3169,00;0,00;0,00;0,000000;0,00;D;;;;;0,00;0;;0;;0;;0,00;158,00;;;;
21.03.2025;08:55:13;;;2;000424;ambasada;100;\OR^E;1168;TP SENDVI^ARA 7;20.03.2025;27.03.2025;;;;8798,00;;8379,00;0,00;0,00;0,000000;0,00;D;;;;;0,00;0;;0;;0;;0,00;419,00;;;;
21.03.2025;08:58:48;;;2;000425;mesara aerodrom;100;\OR^E;70;GAR^E 2016 DOO SKOPJE;20.03.2025;20.03.2025;;;;2315,00;;2205,00;0,00;0,00;0,000000;0,00;D;;;;;0,00;0;;0;;0;;0,00;110,00;;;;
21.03.2025;08:59:16;;;2;000426;ZUR market-15 k.voda;100;\OR^E;874;T.D.GRANDPROM ZUR DOO;20.03.2025;19.04.2025;;;;1731,00;;1649,00;0,00;0,00;0,000000;0,00;D;;;;;0,00;0;;0;;0;;0,00;82,00;;;;
21.03.2025;09:00:05;;;2;000427;ZUR market-3 przino;100;\OR^E;874;T.D.GRANDPROM ZUR DOO;20.03.2025;19.04.2025;;;;3039,00;;2894,50;0,00;0,00;0,000000;0,00;D;;;;;0,00;0;;0;;0;;0,00;144,50;;;;
24.03.2025;08:58:12;;;2;000428;TINEKS porta aerodrom;100;\OR^E;1201;TINEKS MT;21.03.2025;19.06.2025;;;;3853,50;;3670,00;0,00;0,00;0,000000;0,00;D;;;;;0,00;0;;0;;0;;0,00;183,50;;;;
24.03.2025;15:44:38;;;2;000429;REPTIL-4 aerodrom;100;\OR^E;1225;REPTIL DPTU;21.03.2025;20.04.2025;;;;8577,00;;8168,50;0,00;0,00;0,000000;0,00;D;;;;;0,00;0;;0;;0;;0,00;408,50;;;;
24.03.2025;09:05:40;;;2;000430;TINEKS k.voda-2 (kino);100;\OR^E;1201;TINEKS MT;21.03.2025;19.06.2025;;;;1869,00;;1780,00;0,00;0,00;0,000000;0,00;D;;;;;0,00;0;;0;;0;;0,00;89,00;;;;
24.03.2025;09:09:02;;;2;000431;SUPER TINEKS-15 maj^in dom;100;\OR^E;1201;TINEKS MT;21.03.2025;19.06.2025;;;;1586,00;;1510,50;0,00;0,00;0,000000;0,00;D;;;;;0,00;0;;0;;0;;0,00;75,50;;;;
24.03.2025;09:09:39;;;2;000432;ZUR market-18 rasadnik;100;\OR^E;874;T.D.GRANDPROM ZUR DOO;21.03.2025;20.04.2025;;;;4494,00;;4280,00;0,00;0,00;0,000000;0,00;D;;;;;0,00;0;;0;;0;;0,00;214,00;;;;
16.04.2025;13:20:00;;;2;000433;VERO-9 n.banka;100;\OR^E;1050;VEROPULOS DOOEL SKOPJE;21.03.2025;20.05.2025;;;;1937,00;;1844,50;0,00;0,00;0,000000;0,00;D;;;;;0,00;0;;0;;0;;0,00;92,50;;;;
16.04.2025;08:35:40;;;2;000434;VERO-10 k.voda;100;\OR^E;1050;VEROPULOS DOOEL SKOPJE;24.03.2025;23.05.2025;;;;3491,50;;3325,50;0,00;0,00;0,000000;0,00;D;;;;;0,00;0;;0;;0;;0,00;166,00;;;;
24.03.2025;15:47:58;;;2;000435;ZUR market-10 centar;100;\OR^E;874;T.D.GRANDPROM ZUR DOO;24.03.2025;23.04.2025;;;;5607,00;;5340,00;0,00;0,00;0,000000;0,00;D;;;;;0,00;0;;0;;0;;0,00;267,00;;;;
24.03.2025;15:48:51;;;2;000436;REPTIL-19 avtokomanda;100;\OR^E;1225;REPTIL DPTU;24.03.2025;23.04.2025;;;;6750,00;;6429,00;0,00;0,00;0,000000;0,00;D;;;;;0,00;0;;0;;0;;0,00;321,00;;;;
24.03.2025;15:50:19;;;2;000437;REPTIL-5 karpo[-3;100;\OR^E;1225;REPTIL DPTU;24.03.2025;23.04.2025;;;;4620,00;;4400,00;0,00;0,00;0,000000;0,00;D;;;;;0,00;0;;0;;0;;0,00;220,00;;;;
24.03.2025;15:51:02;;;2;000438;REPTIL-13 maxari;100;\OR^E;1225;REPTIL DPTU;24.03.2025;23.04.2025;;;;6258,00;;5960,00;0,00;0,00;0,000000;0,00;D;;;;;0,00;0;;0;;0;;0,00;298,00;;;;
24.03.2025;15:51:40;;;2;000439;ZUR market-2 dra^evo;100;\OR^E;874;T.D.GRANDPROM ZUR DOO;24.03.2025;23.04.2025;;;;4494,00;;4280,00;0,00;0,00;0,000000;0,00;D;;;;;0,00;0;;0;;0;;0,00;214,00;;;;
24.03.2025;15:52:12;;;2;000440;ZUR market-7 dra^evo;100;\OR^E;874;T.D.GRANDPROM ZUR DOO;24.03.2025;23.04.2025;;;;6777,00;;6454,50;0,00;0,00;0,000000;0,00;D;;;;;0,00;0;;0;;0;;0,00;322,50;;;;
24.03.2025;15:53:55;;;2;000441;ZUR market-19 dra^evo;100;\OR^E;974;MLE^NA INDUSTRIJA DOOEL;24.03.2025;23.04.2025;;;;11559,00;;11008,50;0,00;0,00;0,000000;0,00;D;;;;;0,00;0;;0;;0;;0,00;550,50;;;;
24.03.2025;15:55:03;;;5;000037;;100;\OR^E;100;MAGACIN \OR^E;24.03.2025;24.03.2025;;;;;;0,00;0,00;0,00;1,000000;0,00;;;;;;0,00;0;;0;;0;;0,00;0,00;;;;
24.03.2025;15:55:17;;;2;000442;ZUR market-14 maxari;100;\OR^E;874;T.D.GRANDPROM ZUR DOO;24.03.2025;23.04.2025;;;;8691,00;;8277,00;0,00;0,00;0,000000;0,00;D;;;;;0,00;0;;0;;0;;0,00;414,00;;;;
24.03.2025;15:55:44;;;2;000443;makpetrol;100;\OR^E;1168;TP SENDVI^ARA 7;24.03.2025;31.03.2025;;;;8798,00;;8379,00;0,00;0,00;0,000000;0,00;D;;;;;0,00;0;;0;;0;;0,00;419,00;;;;
24.03.2025;15:56:10;;;2;000444;;100;\OR^E;18;PAKET MARKET DOO-PODRUZNICA;24.03.2025;23.04.2025;;;;3595,00;;3424,00;0,00;0,00;0,000000;0,00;D;;;;;0,00;0;;0;;0;;0,00;171,00;;;;
25.03.2025;15:23:38;;;5;000038;;100;\OR^E;100;MAGACIN \OR^E;25.03.2025;25.03.2025;;;;;;0,00;0,00;0,00;1,000000;0,00;;;;;;0,00;0;;0;;0;;0,00;0,00;;;;
25.03.2025;09:53:39;;;2;000445;;100;\OR^E;71;DV 2020TREJD DOOOEL;25.03.2025;25.03.2025;;;;23809,00;;22675,00;0,00;0,00;0,000000;0,00;D;;;;;0,00;0;;0;;0;;0,00;1134,00;;;;
25.03.2025;15:08:32;;;2;000446;SUPER TINEKS-11 lisa;100;\OR^E;1201;TINEKS MT;25.03.2025;23.06.2025;;;;2688,50;;2560,50;0,00;0,00;0,000000;0,00;D;;;;;0,00;0;;0;;0;;0,00;128,00;;;;
26.03.2025;14:12:55;;;2;000447;VERO-7 gtc;100;\OR^E;1050;VEROPULOS DOOEL SKOPJE;25.03.2025;24.05.2025;;;;3765,50;;3586,00;0,00;0,00;0,000000;0,00;D;;;;;0,00;0;;0;;0;;0,00;179,50;;;;
25.03.2025;15:10:06;;;2;000448;VERO-2 taftalixe;100;\OR^E;1050;VEROPULOS DOOEL SKOPJE;25.03.2025;24.05.2025;;;;3942,00;;3754,50;0,00;0,00;0,000000;0,00;D;;;;;0,00;0;;0;;0;;0,00;187,50;;;;
25.03.2025;15:17:55;;;2;000449;podr.ramstore vardar;100;\OR^E;971;RAMSTORE MAKEDONIJA DOO SKOPJE;25.03.2025;24.05.2025;;;;7004,50;;6671,00;0,00;0,00;0,000000;0,00;D;;;;;0,00;0;;0;;0;;0,00;333,50;;;;
25.03.2025;15:19:16;;;2;000450;podr.ramstore capitol moll;100;\OR^E;971;RAMSTORE MAKEDONIJA DOO SKOPJE;25.03.2025;24.05.2025;;;;2866,50;;2730,00;0,00;0,00;0,000000;0,00;D;;;;;0,00;0;;0;;0;;0,00;136,50;;;;
25.03.2025;15:24:09;;;2;000451;centar;100;\OR^E;24;PLANET PI ES DOOOEL;25.03.2025;01.04.2025;;;;2971,00;;2829,50;0,00;0,00;0,000000;0,00;D;;;;;0,00;0;;0;;0;;0,00;141,50;;;;
25.03.2025;15:25:16;;;2;000452;REPTIL-11 drzavna;100;\OR^E;1225;REPTIL DPTU;25.03.2025;24.04.2025;;;;3685,50;;3510,00;0,00;0,00;0,000000;0,00;D;;;;;0,00;0;;0;;0;;0,00;175,50;;;;
25.03.2025;15:26:40;;;2;000453;;100;\OR^E;1028;MAKROPROM;25.03.2025;01.04.2025;;;;28888,00;;27512,00;0,00;0,00;0,000000;0,00;D;;;;;0,00;0;;0;;0;;0,00;1376,00;;;;
26.03.2025;09:13:08;;;9;000024;;100;\OR^E;1423;GRADOTE DOOEL;26.03.2025;26.03.2025;;;;5460,00;;5200,00;0,00;0,00;0,000000;0,00;D;;;;;0,00;0;;0;;0;;0,00;260,00;;;;
26.03.2025;09:12:27;;;5;000039;;100;\OR^E;100;MAGACIN \OR^E;26.03.2025;26.03.2025;;;;;;0,00;0,00;0,00;1,000000;0,00;;;;;;0,00;0;;0;;0;;0,00;0,00;;;;
27.03.2025;15:28:31;;;2;000454;podr.ramstore citymoll;100;\OR^E;971;RAMSTORE MAKEDONIJA DOO SKOPJE;26.03.2025;25.05.2025;;;;3570,50;;3400,50;0,00;0,00;0,000000;0,00;D;;;;;0,00;0;;0;;0;;0,00;170,00;;;;
26.03.2025;14:20:46;;;2;000455;VERO-13 limak;100;\OR^E;1050;VEROPULOS DOOEL SKOPJE;26.03.2025;25.05.2025;;;;2293,00;;2184,00;0,00;0,00;0,000000;0,00;D;;;;;0,00;0;;0;;0;;0,00;109,00;;;;
26.03.2025;14:22:39;;;2;000456;TINEKS -39 stara televiz.;100;\OR^E;1201;TINEKS MT;26.03.2025;24.06.2025;;;;1470,00;;1400,00;0,00;0,00;0,000000;0,00;D;;;;;0,00;0;;0;;0;;0,00;70,00;;;;
26.03.2025;14:23:07;;;2;000457;TINEKS centar-2;100;\OR^E;1201;TINEKS MT;26.03.2025;24.06.2025;;;;6143,00;;5850,50;0,00;0,00;0,000000;0,00;D;;;;;0,00;0;;0;;0;;0,00;292,50;;;;
26.03.2025;14:26:09;;;2;000458;TINEKS piom;100;\OR^E;1201;TINEKS MT;26.03.2025;24.06.2025;;;;3927,00;;3740,00;0,00;0,00;0,000000;0,00;D;;;;;0,00;0;;0;;0;;0,00;187,00;;;;
26.03.2025;14:26:55;;;2;000459;VERO-12 karpo[-4;100;\OR^E;1050;VEROPULOS DOOEL SKOPJE;26.03.2025;25.05.2025;;;;11122,00;;10592,50;0,00;0,00;0,000000;0,00;D;;;;;0,00;0;;0;;0;;0,00;529,50;;;;
26.03.2025;14:27:43;;;2;000460;rabotilnica;100;\OR^E;1168;TP SENDVI^ARA 7;26.03.2025;02.04.2025;;;;21995,00;;20947,50;0,00;0,00;0,000000;0,00;D;;;;;0,00;0;;0;;0;;0,00;1047,50;;;;
27.03.2025;15:16:01;;;2;000461;Reptil 10-Butel;100;\OR^E;1225;REPTIL DPTU;27.03.2025;26.04.2025;;;;4326,00;;4120,00;0,00;0,00;0,000000;0,00;D;;;;;0,00;0;;0;;0;;0,00;206,00;;;;
27.03.2025;15:20:45;;;2;000462;Tineks Hrom;100;\OR^E;1201;TINEKS MT;27.03.2025;26.05.2025;;;;1984,50;;1890,00;0,00;0,00;0,000000;0,00;D;;;;;0,00;0;;0;;0;;0,00;94,50;;;;
27.03.2025;15:19:46;;;2;000463;Reptil-14 Lisice;100;\OR^E;1225;REPTIL DPTU;27.03.2025;26.04.2025;;;;3147,00;;2997,00;0,00;0,00;0,000000;0,00;D;;;;;0,00;0;;0;;0;;0,00;150,00;;;;
27.03.2025;15:21:47;;;2;000464;Tineks Karpos 4;100;\OR^E;1201;TINEKS MT;27.03.2025;26.05.2025;;;;2969,50;;2828,00;0,00;0,00;0,000000;0,00;D;;;;;0,00;0;;0;;0;;0,00;141,50;;;;
27.03.2025;15:24:40;;;2;000465;Vero-9 Narodna Banka;100;\OR^E;1050;VEROPULOS DOOEL SKOPJE;27.03.2025;26.05.2025;;;;2143,00;;2041,00;0,00;0,00;0,000000;0,00;D;;;;;0,00;0;;0;;0;;0,00;102,00;;;;
28.03.2025;13:09:18;;;2;000466;Adrijus DOO s.Glumovo;100;\OR^E;1213;ADRIJUS D.O.O.;28.03.2025;04.04.2025;;;;74892,50;;71326,00;0,00;0,00;0,000000;0,00;D;;;;;0,00;0;;0;;0;;0,00;3566,50;;;;
28.03.2025;13:13:31;;;5;000059;;100;\OR^E;100;MAGACIN \OR^E;28.03.2025;12.04.2025;;;;;;0,00;0,00;0,00;1,000000;0,00;;;;;;0,00;0;;0;;0;;0,00;0,00;;;;
28.03.2025;13:14:26;;;2;000467;A.M DOOEL Ohrid;100;\OR^E;160;DOOEL A.M. OHRID;28.03.2025;04.04.2025;;;;21470,50;;20448,50;0,00;0,00;0,000000;0,00;D;;;;;0,00;0;;0;;0;;0,00;1022,00;;;;
11.04.2025;09:25:37;;;2;000468;DIM Market br.11 Kumanovo;100;\OR^E;874;T.D.GRANDPROM ZUR DOO;28.03.2025;27.04.2025;;;;3780,00;;3600,00;0,00;0,00;0,000000;0,00;D;;;;;0,00;0;;0;;0;;0,00;180,00;;;;
01.04.2025;11:19:33;;;2;000469;Dim Market br.13 Kumanovo;100;\OR^E;874;T.D.GRANDPROM ZUR DOO;28.03.2025;27.04.2025;;;;2424,00;;2308,50;0,00;0,00;0,000000;0,00;D;;;;;0,00;0;;0;;0;;0,00;115,50;;;;
11.04.2025;09:25:09;;;2;000470;DIM Market br.15 Sveti NIkole;100;\OR^E;874;T.D.GRANDPROM ZUR DOO;28.03.2025;27.04.2025;;;;4377,00;;4168,50;0,00;0,00;0,000000;0,00;D;;;;;0,00;0;;0;;0;;0,00;208,50;;;;
11.04.2025;09:24:16;;;2;000471;DIM Market br.16 Berovo;100;\OR^E;874;T.D.GRANDPROM ZUR DOO;28.03.2025;27.04.2025;;;;4377,00;;4168,50;0,00;0,00;0,000000;0,00;D;;;;;0,00;0;;0;;0;;0,00;208,50;;;;
01.04.2025;11:27:05;;;2;000472;DIM Market 20 Kocani;100;\OR^E;874;T.D.GRANDPROM ZUR DOO;28.03.2025;27.04.2025;;;;4377,00;;4168,50;0,00;0,00;0,000000;0,00;D;;;;;0,00;0;;0;;0;;0,00;208,50;;;;
01.04.2025;11:29:54;;;2;000473;DIM Market br.4 Hrom;100;\OR^E;874;T.D.GRANDPROM ZUR DOO;28.03.2025;27.04.2025;;;;4314,00;;4108,50;0,00;0,00;0,000000;0,00;D;;;;;0,00;0;;0;;0;;0,00;205,50;;;;
01.04.2025;11:31:40;;;2;000474;DIM Market br.6 Gjorce;100;\OR^E;874;T.D.GRANDPROM ZUR DOO;28.03.2025;27.04.2025;;;;8745,00;;8328,50;0,00;0,00;0,000000;0,00;D;;;;;0,00;0;;0;;0;;0,00;416,50;;;;
01.04.2025;11:33:43;;;2;000475;DIM Market br.14 Karpos;100;\OR^E;874;T.D.GRANDPROM ZUR DOO;28.03.2025;27.04.2025;;;;6981,00;;6648,50;0,00;0,00;0,000000;0,00;D;;;;;0,00;0;;0;;0;;0,00;332,50;;;;
01.04.2025;11:35:51;;;2;000476;DIM Market br.21 Voena;100;\OR^E;874;T.D.GRANDPROM ZUR DOO;28.03.2025;27.04.2025;;;;4620,00;;4400,00;0,00;0,00;0,000000;0,00;D;;;;;0,00;0;;0;;0;;0,00;220,00;;;;
02.04.2025;09:27:13;;;9;000025;;100;\OR^E;1;ZORAN BITOLA;02.04.2025;17.04.2025;;;;8400,00;;8000,00;0,00;0,00;0,000000;0,00;D;;;;;0,00;0;;0;;0;;0,00;400,00;;;;
02.04.2025;09:48:07;;;5;000060;;100;\OR^E;100;MAGACIN \OR^E;01.04.2025;01.04.2025;;;;;;0,00;0,00;0,00;1,000000;0,00;;;;;;0,00;0;;0;;0;;0,00;0,00;;;;
02.04.2025;09:40:05;;;2;000477;;100;\OR^E;959;EKSTRA MEIN BORIS DOOEL KUMANOVO;01.04.2025;08.04.2025;;;;128827,00;;122692,50;0,00;0,00;0,000000;0,00;D;;;;;0,00;0;;0;;0;;0,00;6134,50;;;;
16.07.2025;09:03:38;;;2;000478;;100;\OR^E;57;ARISTOTELIS BROTHERS DOO;01.04.2025;08.04.2025;;;;7805,50;;7434,00;0,00;0,00;0,000000;0,00;D;;;;;0,00;0;;0;;0;;0,00;371,50;;;;
02.04.2025;15:42:57;;;2;000479;SUPER TINEKS-2 zebra;100;\OR^E;1201;TINEKS MT;01.04.2025;30.06.2025;;;;17682,50;;16840,50;0,00;0,00;0,000000;0,00;D;;;;;0,00;0;;0;;0;;0,00;842,00;;;;
03.04.2025;09:01:34;;;2;000480;;100;\OR^E;880;MIKEI HANTING KLUB;01.04.2025;08.04.2025;;;;5685,50;;5415,00;0,00;0,00;0,000000;0,00;D;;;;;0,00;0;;0;;0;;0,00;270,50;;;;
03.04.2025;09:01:14;;;2;000481;DIM. market-17 singelik;100;\OR^E;874;T.D.GRANDPROM ZUR DOO;01.04.2025;01.05.2025;;;;8565,00;;8157,00;0,00;0,00;0,000000;0,00;D;;;;;0,00;0;;0;;0;;0,00;408,00;;;;
03.04.2025;09:00:50;;;2;000482;DIM market-18 singelik;100;\OR^E;874;T.D.GRANDPROM ZUR DOO;01.04.2025;01.05.2025;;;;7107,00;;6768,50;0,00;0,00;0,000000;0,00;D;;;;;0,00;0;;0;;0;;0,00;338,50;;;;
03.04.2025;09:01:02;;;2;000483;DIM market-19 centar;100;\OR^E;874;T.D.GRANDPROM ZUR DOO;01.04.2025;01.05.2025;;;;5037,00;;4797,00;0,00;0,00;0,000000;0,00;D;;;;;0,00;0;;0;;0;;0,00;240,00;;;;
02.04.2025;09:52:28;;;2;000484;DIM market-2 k.voda;100;\OR^E;874;T.D.GRANDPROM ZUR DOO;01.04.2025;01.05.2025;;;;7107,00;;6768,50;0,00;0,00;0,000000;0,00;D;;;;;0,00;0;;0;;0;;0,00;338,50;;;;
02.04.2025;09:54:23;;;2;000485;DIM market-3 gazi baba;100;\OR^E;874;T.D.GRANDPROM ZUR DOO;01.04.2025;01.05.2025;;;;10371,00;;9877,00;0,00;0,00;0,000000;0,00;D;;;;;0,00;0;;0;;0;;0,00;494,00;;;;
03.04.2025;09:00:24;;;2;000486;DIM market-7 aerodrom;100;\OR^E;874;T.D.GRANDPROM ZUR DOO;01.04.2025;01.05.2025;;;;6078,00;;5788,50;0,00;0,00;0,000000;0,00;D;;;;;0,00;0;;0;;0;;0,00;289,50;;;;
16.04.2025;08:35:03;;;2;000487;VERO-10 k.voda;100;\OR^E;1050;VEROPULOS DOOEL SKOPJE;01.04.2025;31.05.2025;;;;2160,50;;2057,50;0,00;0,00;0,000000;0,00;D;;;;;0,00;0;;0;;0;;0,00;103,00;;;;
03.04.2025;08:45:13;;;2;000488;SUPER TINEKS-1 godel;100;\OR^E;1201;TINEKS MT;02.04.2025;01.07.2025;;;;2688,50;;2560,50;0,00;0,00;0,000000;0,00;D;;;;;0,00;0;;0;;0;;0,00;128,00;;;;
07.04.2025;09:00:52;;;2;000489;SUPER TINEKS-11 lisa;100;\OR^E;1201;TINEKS MT;02.04.2025;01.07.2025;;;;1984,50;;1890,00;0,00;0,00;0,000000;0,00;D;;;;;0,00;0;;0;;0;;0,00;94,50;;;;
03.04.2025;08:52:14;;;2;000490;TINEKS delikatesen vodno;100;\OR^E;1201;TINEKS MT;02.04.2025;01.07.2025;;;;5323,50;;5070,00;0,00;0,00;0,000000;0,00;D;;;;;0,00;0;;0;;0;;0,00;253,50;;;;
03.04.2025;08:54:31;;;2;000491;podr.ramstore city moll;100;\OR^E;971;RAMSTORE MAKEDONIJA DOO SKOPJE;02.04.2025;01.06.2025;;;;5576,00;;5310,50;0,00;0,00;0,000000;0,00;D;;;;;0,00;0;;0;;0;;0,00;265,50;;;;
03.04.2025;08:55:51;;;2;000492;podr.ramstore vardar;100;\OR^E;971;RAMSTORE MAKEDONIJA DOO SKOPJE;02.04.2025;01.06.2025;;;;1996,00;;1901,00;0,00;0,00;0,000000;0,00;D;;;;;0,00;0;;0;;0;;0,00;95,00;;;;
03.04.2025;08:56:31;;;2;000493;VERO-2 taftalixe;100;\OR^E;1050;VEROPULOS DOOEL SKOPJE;02.04.2025;01.06.2025;;;;6569,50;;6257,00;0,00;0,00;0,000000;0,00;D;;;;;0,00;0;;0;;0;;0,00;312,50;;;;
03.04.2025;08:58:56;;;2;000494;;100;\OR^E;866;BTA MAKEDONIJA DOOEL;02.04.2025;02.05.2025;;;;8590,50;;8181,50;0,00;0,00;0,000000;0,00;D;;;;;0,00;0;;0;;0;;0,00;409,00;;;;
03.04.2025;08:58:40;;;5;000061;;100;\OR^E;100;MAGACIN \OR^E;02.04.2025;02.04.2025;;;;;;0,00;0,00;0,00;1,000000;0,00;;;;;;0,00;0;;0;;0;;0,00;0,00;;;;
03.04.2025;09:30:17;;;9;000026;;100;\OR^E;2;RESTORAN FLORIAN DOOEL TETOVO;03.04.2025;03.04.2025;;;;9240,00;;8800,00;0,00;0,00;0,000000;0,00;D;;;;;0,00;0;;0;;0;;0,00;440,00;;;;
07.04.2025;09:06:36;;;5;000062;;100;\OR^E;100;MAGACIN \OR^E;03.04.2025;03.04.2025;;;;;;0,00;0,00;0,00;1,000000;0,00;;;;;;0,00;0;;0;;0;;0,00;0,00;;;;
19.06.2025;08:28:39;;;2;000495;SUPER TINEKS-17 ilinden;100;\OR^E;1201;TINEKS MT;03.04.2025;02.07.2025;;;;1691,00;;1610,50;0,00;0,00;0,000000;0,00;D;;;;;0,00;0;;0;;0;;0,00;80,50;;;;
07.04.2025;09:01:21;;;2;000496;VERO-11 tetovo;100;\OR^E;1050;VEROPULOS DOOEL SKOPJE;03.04.2025;02.06.2025;;;;3271,50;;3115,50;0,00;0,00;0,000000;0,00;D;;;;;0,00;0;;0;;0;;0,00;156,00;;;;
07.04.2025;09:01:45;;;2;000497;VERO-9 n.banka;100;\OR^E;1050;VEROPULOS DOOEL SKOPJE;03.04.2025;02.06.2025;;;;5432,00;;5173,50;0,00;0,00;0,000000;0,00;D;;;;;0,00;0;;0;;0;;0,00;258,50;;;;
07.04.2025;09:02:10;;;2;000498;DIM market-1 s.stajkovci;100;\OR^E;874;T.D.GRANDPROM ZUR DOO;03.04.2025;03.05.2025;;;;9468,00;;9017,00;0,00;0,00;0,000000;0,00;D;;;;;0,00;0;;0;;0;;0,00;451,00;;;;
07.04.2025;09:02:24;;;2;000499;SUPER TINEKS-3 prvomajska;100;\OR^E;1201;TINEKS MT;03.04.2025;02.07.2025;;;;1984,50;;1890,00;0,00;0,00;0,000000;0,00;D;;;;;0,00;0;;0;;0;;0,00;94,50;;;;
07.04.2025;09:02:34;;;2;000500;SUPER TINEKS-4 kon^ar;100;\OR^E;1201;TINEKS MT;03.04.2025;02.07.2025;;;;5596,50;;5330,00;0,00;0,00;0,000000;0,00;D;;;;;0,00;0;;0;;0;;0,00;266,50;;;;
07.04.2025;09:02:45;;;2;000501;REPTIL-3 k.voda;100;\OR^E;1225;REPTIL DPTU;03.04.2025;03.05.2025;;;;2130,00;;2028,50;0,00;0,00;0,000000;0,00;D;;;;;0,00;0;;0;;0;;0,00;101,50;;;;
07.04.2025;09:03:05;;;2;000502;REPTIL-1 ruzveltova;100;\OR^E;1225;REPTIL DPTU;03.04.2025;03.05.2025;;;;3213,00;;3060,00;0,00;0,00;0,000000;0,00;D;;;;;0,00;0;;0;;0;;0,00;153,00;;;;
07.04.2025;09:03:16;;;2;000503;leptokarija;100;\OR^E;1168;TP SENDVI^ARA 7;04.04.2025;11.04.2025;;;;8798,00;;8379,00;0,00;0,00;0,000000;0,00;D;;;;;0,00;0;;0;;0;;0,00;419,00;;;;
07.04.2025;09:03:24;;;2;000504;ilinden;100;\OR^E;908;OK RESTORANTS & BARS DOOEL;03.04.2025;10.04.2025;;;;1722,00;;1640,00;0,00;0,00;0,000000;0,00;D;;;;;0,00;0;;0;;0;;0,00;82,00;;;;
07.04.2025;09:03:46;;;2;000505;;100;\OR^E;165;MRE@A DOO;03.04.2025;10.04.2025;;;;63415,00;;60395,00;0,00;0,00;0,000000;0,00;D;;;;;0,00;0;;0;;0;;0,00;3020,00;;;;
07.04.2025;09:04:23;;;2;000506;DIM market-5 dra^evo;100;\OR^E;874;T.D.GRANDPROM ZUR DOO;04.04.2025;04.05.2025;;;;4251,00;;4048,50;0,00;0,00;0,000000;0,00;D;;;;;0,00;0;;0;;0;;0,00;202,50;;;;
07.04.2025;09:05:26;;;2;000507;DIM market-8 d.lisi^e;100;\OR^E;874;T.D.GRANDPROM ZUR DOO;04.04.2025;04.05.2025;;;;4974,00;;4737,00;0,00;0,00;0,000000;0,00;D;;;;;0,00;0;;0;;0;;0,00;237,00;;;;
07.04.2025;09:06:59;;;2;000508;podr.ramstore karpo[;100;\OR^E;971;RAMSTORE MAKEDONIJA DOO SKOPJE;04.04.2025;03.06.2025;;;;3628,00;;3455,00;0,00;0,00;0,000000;0,00;D;;;;;0,00;0;;0;;0;;0,00;173,00;;;;
07.04.2025;14:46:07;;;5;000063;;100;\OR^E;100;MAGACIN \OR^E;04.04.2025;04.04.2025;;;;;;0,00;0,00;0,00;1,000000;0,00;;;;;;0,00;0;;0;;0;;0,00;0,00;;;;
07.04.2025;09:07:57;;;2;000509;podr.ramstore vodno;100;\OR^E;971;RAMSTORE MAKEDONIJA DOO SKOPJE;04.04.2025;03.06.2025;;;;2063,50;;1965,00;0,00;0,00;0,000000;0,00;D;;;;;0,00;0;;0;;0;;0,00;98,50;;;;
07.04.2025;09:08:37;;;2;000510;VERO-5 centar;100;\OR^E;1050;VEROPULOS DOOEL SKOPJE;04.04.2025;03.06.2025;;;;3871,00;;3687,00;0,00;0,00;0,000000;0,00;D;;;;;0,00;0;;0;;0;;0,00;184,00;;;;
07.04.2025;09:11:01;;;2;000511;REPTIL-8 radi[ani;100;\OR^E;1225;REPTIL DPTU;04.04.2025;04.05.2025;;;;6573,00;;6260,00;0,00;0,00;0,000000;0,00;D;;;;;0,00;0;;0;;0;;0,00;313,00;;;;
07.04.2025;09:13:34;;;2;000512;REPTIL-8 radi[ani;100;\OR^E;1225;REPTIL DPTU;04.04.2025;04.05.2025;;;;598,50;;570,00;0,00;0,00;0,000000;0,00;D;;;;;0,00;0;;0;;0;;0,00;28,50;;;;
07.04.2025;09:57:44;;;9;000027;;100;\OR^E;958;BURGER HAUS DOOEL TETOVO;07.04.2025;07.04.2025;;;;2205,00;;2100,00;0,00;0,00;0,000000;0,00;D;;;;;0,00;0;;0;;0;;0,00;105,00;;;;
07.04.2025;14:44:20;;;5;000064;;100;\OR^E;100;MAGACIN \OR^E;07.04.2025;07.04.2025;;;;;;0,00;0,00;0,00;1,000000;0,00;;;;;;0,00;0;;0;;0;;0,00;0,00;;;;
07.04.2025;14:45:01;;;2;000513;;100;\OR^E;883;SPECIJAL PRODUKT DOOEL;07.04.2025;07.04.2025;;;;42523,50;;40498,50;0,00;0,00;0,000000;0,00;D;;;;;0,00;0;;0;;0;;0,00;2025,00;;;;
07.04.2025;14:46:20;;;2;000514;REPTIL-25 bardovci;100;\OR^E;1225;REPTIL DPTU;07.04.2025;07.05.2025;;;;2487,00;;2368,50;0,00;0,00;0,000000;0,00;D;;;;;0,00;0;;0;;0;;0,00;118,50;;;;
08.04.2025;14:33:26;;;2;000515;;100;\OR^E;866;BTA MAKEDONIJA DOOEL;07.04.2025;07.05.2025;;;;13891,50;;13230,00;0,00;0,00;0,000000;0,00;D;;;;;0,00;0;;0;;0;;0,00;661,50;;;;
08.04.2025;10:35:16;;;9;000028;;100;\OR^E;1423;GRADOTE DOOEL;08.04.2025;08.04.2025;;;;2730,00;;2600,00;0,00;0,00;0,000000;0,00;D;;;;;0,00;0;;0;;0;;0,00;130,00;;;;
10.04.2025;12:29:50;;;5;000065;;100;\OR^E;100;MAGACIN \OR^E;08.04.2025;08.04.2025;;;;;;0,00;0,00;0,00;1,000000;0,00;;;;;;0,00;0;;0;;0;;0,00;0,00;;;;
06.05.2025;11:11:16;;;2;000516;MKB Misa Struga;100;\OR^E;66;MKB-MISA STRUGA DOO;07.04.2025;14.04.2025;;;;3351,50;;3192,00;0,00;0,00;0,000000;0,00;D;;;;;0,00;0;;0;;0;;0,00;159,50;;;;
08.04.2025;14:34:37;;;2;000517;tobako aerodrom;100;\OR^E;55;BEJKING BREAD TOBAKKO 2 DOO SK;08.04.2025;15.04.2025;;;;1092,00;;1040,00;0,00;0,00;0,000000;0,00;D;;;;;0,00;0;;0;;0;;0,00;52,00;;;;
14.04.2025;15:17:33;;;2;000518;VERO-7 gtc;100;\OR^E;1050;VEROPULOS DOOEL SKOPJE;08.04.2025;07.06.2025;;;;7327,50;;6979,00;0,00;0,00;0,000000;0,00;D;;;;;0,00;0;;0;;0;;0,00;348,50;;;;
08.04.2025;14:40:25;;;2;000519;VERO-2 taftalixe;100;\OR^E;1050;VEROPULOS DOOEL SKOPJE;08.04.2025;07.06.2025;;;;5518,50;;5256,00;0,00;0,00;0,000000;0,00;D;;;;;0,00;0;;0;;0;;0,00;262,50;;;;
08.04.2025;14:43:08;;;2;000520;SUPER TINEKS-4 kon^ar;100;\OR^E;1201;TINEKS MT;08.04.2025;07.07.2025;;;;4557,50;;4340,50;0,00;0,00;0,000000;0,00;D;;;;;0,00;0;;0;;0;;0,00;217,00;;;;
08.04.2025;14:44:04;;;2;000521;ZUR market-8 n.lisi^e;100;\OR^E;874;T.D.GRANDPROM ZUR DOO;08.04.2025;08.05.2025;;;;4494,00;;4280,00;0,00;0,00;0,000000;0,00;D;;;;;0,00;0;;0;;0;;0,00;214,00;;;;
08.04.2025;14:44:34;;;2;000522;makpetrol;100;\OR^E;1168;TP SENDVI^ARA 7;08.04.2025;15.04.2025;;;;8798,00;;8379,00;0,00;0,00;0,000000;0,00;D;;;;;0,00;0;;0;;0;;0,00;419,00;;;;
08.04.2025;14:45:00;;;2;000523;REPTIL-9 karpo[-3;100;\OR^E;1225;REPTIL DPTU;08.04.2025;08.05.2025;;;;3438,00;;3274,50;0,00;0,00;0,000000;0,00;D;;;;;0,00;0;;0;;0;;0,00;163,50;;;;
08.04.2025;14:45:53;;;2;000524;;100;\OR^E;156;BOSA DVA;08.04.2025;15.04.2025;;;;17237,00;;16416,00;0,00;0,00;0,000000;0,00;D;;;;;0,00;0;;0;;0;;0,00;821,00;;;;
10.04.2025;11:57:14;;;2;000525;Vero-12;100;\OR^E;1050;VEROPULOS DOOEL SKOPJE;09.04.2025;08.06.2025;;;;2654,00;;2528,00;0,00;0,00;0,000000;0,00;D;;;;;0,00;0;;0;;0;;0,00;126,00;;;;
10.04.2025;12:00:30;;;2;000526;Super Tineks 11 Lisa;100;\OR^E;1201;TINEKS MT;09.04.2025;08.06.2025;;;;9566,00;;9110,50;0,00;0,00;0,000000;0,00;D;;;;;0,00;0;;0;;0;;0,00;455,50;;;;
11.04.2025;15:40:35;;;2;000527;Sonja Isaeva;100;\OR^E;914;SONJA ISAEVA;08.04.2025;09.04.2025;;;;976,50;;930,00;0,00;0,00;0,000000;0,00;D;;;;;0,00;0;;0;;0;;0,00;46,50;;;;
10.04.2025;12:15:11;;;2;000528;Ramstore Vardar;100;\OR^E;971;RAMSTORE MAKEDONIJA DOO SKOPJE;09.04.2025;08.06.2025;;;;2971,50;;2830,00;0,00;0,00;0,000000;0,00;D;;;;;0,00;0;;0;;0;;0,00;141,50;;;;
10.04.2025;12:16:27;;;2;000529;Valentina Tutunova;100;\OR^E;915;VALENTINA TUTUNOVA;09.04.2025;10.04.2025;;;;742,00;;706,50;0,00;0,00;0,000000;0,00;D;;;;;0,00;0;;0;;0;;0,00;35,50;;;;
10.04.2025;12:19:33;;;2;000530;Tineks Karpos 3;100;\OR^E;1201;TINEKS MT;09.04.2025;08.06.2025;;;;4830,50;;4600,50;0,00;0,00;0,000000;0,00;D;;;;;0,00;0;;0;;0;;0,00;230,00;;;;
10.04.2025;12:21:37;;;2;000531;Tineks K.Voda 1;100;\OR^E;1201;TINEKS MT;09.04.2025;08.06.2025;;;;4830,50;;4600,50;0,00;0,00;0,000000;0,00;D;;;;;0,00;0;;0;;0;;0,00;230,00;;;;
10.04.2025;12:23:00;;;2;000532;Super Tineks Praska;100;\OR^E;1201;TINEKS MT;09.04.2025;08.06.2025;;;;3454,50;;3290,00;0,00;0,00;0,000000;0,00;D;;;;;0,00;0;;0;;0;;0,00;164,50;;;;
10.04.2025;12:25:33;;;2;000533;Ramstore city mall;100;\OR^E;971;RAMSTORE MAKEDONIJA DOO SKOPJE;09.04.2025;08.06.2025;;;;1984,50;;1890,00;0,00;0,00;0,000000;0,00;D;;;;;0,00;0;;0;;0;;0,00;94,50;;;;
10.04.2025;12:26:22;;;2;000534;Tineks Aerodrom;100;\OR^E;1201;TINEKS MT;09.04.2025;08.06.2025;;;;7697,00;;7330,50;0,00;0,00;0,000000;0,00;D;;;;;0,00;0;;0;;0;;0,00;366,50;;;;
10.04.2025;12:34:02;;;2;000535;Luksemburg Komerc Pero;100;\OR^E;902;LUKSEMURG KOMERC PERO DOOEL SKOPJE;09.04.2025;16.04.2025;;;;2835,00;;2700,00;0,00;0,00;0,000000;0,00;D;;;;;0,00;0;;0;;0;;0,00;135,00;;;;
14.04.2025;11:32:51;;;5;000066;;100;\OR^E;100;MAGACIN \OR^E;10.04.2025;10.04.2025;;;;;;0,00;0,00;0,00;1,000000;0,00;;;;;;0,00;0;;0;;0;;0,00;0,00;;;;
10.04.2025;12:35:24;;;2;000536;Ramstore Kapitol Mol;100;\OR^E;971;RAMSTORE MAKEDONIJA DOO SKOPJE;09.04.2025;08.06.2025;;;;2572,50;;2450,00;0,00;0,00;0,000000;0,00;D;;;;;0,00;0;;0;;0;;0,00;122,50;;;;
10.04.2025;12:36:36;;;2;000537;Tineks k.Voda 2;100;\OR^E;1201;TINEKS MT;09.04.2025;08.06.2025;;;;3276,50;;3120,50;0,00;0,00;0,000000;0,00;D;;;;;0,00;0;;0;;0;;0,00;156,00;;;;
10.04.2025;12:38:11;;;2;000538;Tineks Gjorce Petrov;100;\OR^E;1201;TINEKS MT;09.04.2025;08.06.2025;;;;8285,00;;7890,50;0,00;0,00;0,000000;0,00;D;;;;;0,00;0;;0;;0;;0,00;394,50;;;;
20.06.2025;09:16:19;;;2;000539;Galeks RA DOOEL Tetovo;100;\OR^E;37;GALEKS RA DOOEL;09.04.2025;16.04.2025;;;;6835,50;;6510,00;0,00;0,00;0,000000;0,00;D;;;;;0,00;0;;0;;0;;0,00;325,50;;;;
11.04.2025;09:14:17;;;9;000029;;100;\OR^E;67;PICERIJA PICIKATO TETOVO;10.04.2025;10.04.2025;;;;1500,00;;1428,50;0,00;0,00;0,000000;0,00;D;;;;;0,00;0;;0;;0;;0,00;71,50;;;;
14.04.2025;09:36:10;;;2;000540;VERO-4 bitola;100;\OR^E;1050;VEROPULOS DOOEL SKOPJE;10.04.2025;09.06.2025;;;;7337,50;;6988,50;0,00;0,00;0,000000;0,00;D;;;;;0,00;0;;0;;0;;0,00;349,00;;;;
14.04.2025;09:36:22;;;2;000541;VERO-3 tetovo;100;\OR^E;1050;VEROPULOS DOOEL SKOPJE;10.04.2025;09.06.2025;;;;2848,50;;2713,00;0,00;0,00;0,000000;0,00;D;;;;;0,00;0;;0;;0;;0,00;135,50;;;;
14.04.2025;11:00:24;;;2;000542;VERO-1 aerodrom;100;\OR^E;1050;VEROPULOS DOOEL SKOPJE;11.04.2025;10.06.2025;;;;11473,50;;10927,00;0,00;0,00;0,000000;0,00;D;;;;;0,00;0;;0;;0;;0,00;546,50;;;;
14.04.2025;11:00:53;;;2;000543;TINEKS aerodrom;100;\OR^E;1201;TINEKS MT;11.04.2025;10.07.2025;;;;3559,50;;3390,00;0,00;0,00;0,000000;0,00;D;;;;;0,00;0;;0;;0;;0,00;169,50;;;;
15.04.2025;08:27:52;;;2;000544;VERO-5 centar;100;\OR^E;1050;VEROPULOS DOOEL SKOPJE;11.04.2025;10.06.2025;;;;6004,50;;5719,00;0,00;0,00;0,000000;0,00;D;;;;;0,00;0;;0;;0;;0,00;285,50;;;;
14.04.2025;10:59:55;;;2;000545;REPTIL-16 leninova;100;\OR^E;1225;REPTIL DPTU;11.04.2025;11.05.2025;;;;2667,00;;2540,00;0,00;0,00;0,000000;0,00;D;;;;;0,00;0;;0;;0;;0,00;127,00;;;;
14.04.2025;11:01:31;;;2;000546;ZUR market-12 vlae;100;\OR^E;874;T.D.GRANDPROM ZUR DOO;11.04.2025;11.05.2025;;;;4242,00;;4040,00;0,00;0,00;0,000000;0,00;D;;;;;0,00;0;;0;;0;;0,00;202,00;;;;
14.04.2025;11:13:14;;;2;000547;;100;\OR^E;1028;MAKROPROM;11.04.2025;18.04.2025;;;;40937,50;;38988,00;0,00;0,00;0,000000;0,00;D;;;;;0,00;0;;0;;0;;0,00;1949,50;;;;
14.04.2025;11:18:09;;;2;000548;;100;\OR^E;1095;BOMAGO;11.04.2025;18.04.2025;;;;24564,50;;23395,00;0,00;0,00;0,000000;0,00;D;;;;;0,00;0;;0;;0;;0,00;1169,50;;;;
14.04.2025;11:21:07;;;2;000549;;100;\OR^E;1424;SOLETA DOO;11.04.2025;11.05.2025;;;;4826,50;;4597,00;0,00;0,00;0,000000;0,00;D;;;;;0,00;0;;0;;0;;0,00;229,50;;;;
14.04.2025;11:23:17;;;2;000550;SUPER TINEKS-6 dramski;100;\OR^E;1201;TINEKS MT;11.04.2025;10.07.2025;;;;6111,00;;5820,00;0,00;0,00;0,000000;0,00;D;;;;;0,00;0;;0;;0;;0,00;291,00;;;;
15.04.2025;08:28:20;;;2;000551;TINEKS-39 stara televizija;100;\OR^E;1201;TINEKS MT;11.04.2025;10.07.2025;;;;5408,00;;5150,00;0,00;0,00;0,000000;0,00;D;;;;;0,00;0;;0;;0;;0,00;258,00;;;;
14.04.2025;11:25:35;;;2;000552;VERO-13 limak;100;\OR^E;1050;VEROPULOS DOOEL SKOPJE;11.04.2025;10.06.2025;;;;6119,50;;5828,50;0,00;0,00;0,000000;0,00;D;;;;;0,00;0;;0;;0;;0,00;291,00;;;;
29.07.2025;09:53:55;;;2;000553;SUPER TINEKS-15 maj^in dom;100;\OR^E;1201;TINEKS MT;11.04.2025;10.07.2025;;;;5701,50;;5430,00;0,00;0,00;0,000000;0,00;D;;;;;0,00;0;;0;;0;;0,00;271,50;;;;
15.04.2025;08:28:49;;;2;000554;magacin saraj;100;\OR^E;187;DAUTI-KOMERC KE[&KERI;14.04.2025;14.05.2025;;;;193914,00;;184680,00;0,00;0,00;0,000000;0,00;D;;;;;0,00;0;;0;;0;;0,00;9234,00;;;;
14.04.2025;11:31:54;;;2;000555;GIGO TREJD-5 dra^evo;100;\OR^E;2008;GIGO-TREJD;11.04.2025;18.04.2025;;;;4557,00;;4340,00;0,00;0,00;0,000000;0,00;D;;;;;0,00;0;;0;;0;;0,00;217,00;;;;
14.04.2025;15:19:18;;;2;000556;ambasada;100;\OR^E;1168;TP SENDVI^ARA 7;11.04.2025;18.04.2025;;;;8798,00;;8379,00;0,00;0,00;0,000000;0,00;D;;;;;0,00;0;;0;;0;;0,00;419,00;;;;
14.04.2025;11:34:08;;;2;000557;GIGO TREJD-2 gor^e;100;\OR^E;2008;GIGO-TREJD;11.04.2025;18.04.2025;;;;4215,50;;4015,00;0,00;0,00;0,000000;0,00;D;;;;;0,00;0;;0;;0;;0,00;200,50;;;;
14.04.2025;15:22:25;;;2;000558;REPTIL-10 butel;100;\OR^E;1225;REPTIL DPTU;14.04.2025;14.05.2025;;;;4860,00;;4628,50;0,00;0,00;0,000000;0,00;D;;;;;0,00;0;;0;;0;;0,00;231,50;;;;
14.04.2025;15:23:06;;;2;000559;ZUR market-22 taftalixe;100;\OR^E;874;T.D.GRANDPROM ZUR DOO;14.04.2025;14.05.2025;;;;5940,00;;5657,00;0,00;0,00;0,000000;0,00;D;;;;;0,00;0;;0;;0;;0,00;283,00;;;;
14.04.2025;15:24:08;;;5;000067;;100;\OR^E;100;MAGACIN \OR^E;14.04.2025;14.04.2025;;;;;;0,00;0,00;0,00;1,000000;0,00;;;;;;0,00;0;;0;;0;;0,00;0,00;;;;
29.10.2025;12:32:47;;;2;000560;;100;\OR^E;1371;SER@;14.04.2025;21.04.2025;;;;1676,00;;1596,00;0,00;0,00;0,000000;0,00;D;;;;;0,00;0;;0;;0;;0,00;80,00;;;;
14.04.2025;15:26:59;;;9;000030;;100;\OR^E;1;ZORAN BITOLA;14.04.2025;29.04.2025;;;;2940,00;;2800,00;0,00;0,00;0,000000;0,00;D;;;;;0,00;0;;0;;0;;0,00;140,00;;;;
16.04.2025;08:37:52;;;2;000561;;100;\OR^E;72;SORANI M PET DOOOEL [TIP;15.04.2025;22.04.2025;;;;2184,00;;2080,00;0,00;0,00;0,000000;0,00;D;;;;;0,00;0;;0;;0;;0,00;104,00;;;;
16.04.2025;09:06:52;;;5;000068;;100;\OR^E;100;MAGACIN \OR^E;15.04.2025;15.04.2025;;;;;;0,00;0,00;0,00;1,000000;0,00;;;;;;0,00;0;;0;;0;;0,00;0,00;;;;
16.04.2025;08:39:12;;;2;000562;;100;\OR^E;877;INTEGRAL DOOEL;15.04.2025;30.04.2025;;;;9456,50;;9006,00;0,00;0,00;0,000000;0,00;D;;;;;0,00;0;;0;;0;;0,00;450,50;;;;
16.04.2025;08:40:10;;;2;000563;s.zelino;100;\OR^E;1020;DERVENT PROMET;15.04.2025;22.04.2025;;;;16862,00;;16059,50;0,00;0,00;0,000000;0,00;D;;;;;0,00;0;;0;;0;;0,00;802,50;;;;
16.04.2025;08:41:27;;;2;000564;VERO-10 k.voda;100;\OR^E;1050;VEROPULOS DOOEL SKOPJE;15.04.2025;14.06.2025;;;;6093,50;;5803,50;0,00;0,00;0,000000;0,00;D;;;;;0,00;0;;0;;0;;0,00;290,00;;;;
16.04.2025;08:42:49;;;2;000565;REPTIL-3 k.voda;100;\OR^E;1225;REPTIL DPTU;15.04.2025;15.05.2025;;;;3327,00;;3168,50;0,00;0,00;0,000000;0,00;D;;;;;0,00;0;;0;;0;;0,00;158,50;;;;
16.04.2025;08:43:43;;;2;000566;ZUR market-11 lisi^e;100;\OR^E;874;T.D.GRANDPROM ZUR DOO;15.04.2025;15.05.2025;;;;5418,00;;5160,00;0,00;0,00;0,000000;0,00;D;;;;;0,00;0;;0;;0;;0,00;258,00;;;;
16.04.2025;08:44:59;;;2;000567;ZUR market-15 k.voda;100;\OR^E;874;T.D.GRANDPROM ZUR DOO;15.04.2025;15.05.2025;;;;1573,50;;1499,00;0,00;0,00;0,000000;0,00;D;;;;;0,00;0;;0;;0;;0,00;74,50;;;;
16.04.2025;09:03:36;;;2;000568;VERO-2 taftalixe;100;\OR^E;1050;VEROPULOS DOOEL SKOPJE;15.04.2025;14.06.2025;;;;5987,00;;5702,50;0,00;0,00;0,000000;0,00;D;;;;;0,00;0;;0;;0;;0,00;284,50;;;;
16.04.2025;09:04:53;;;2;000569;VERO-7 gtc;100;\OR^E;1050;VEROPULOS DOOEL SKOPJE;15.04.2025;14.06.2025;;;;4457,50;;4245,50;0,00;0,00;0,000000;0,00;D;;;;;0,00;0;;0;;0;;0,00;212,00;;;;
16.04.2025;09:07:03;;;2;000570;TINEKS delikatesen (beko);100;\OR^E;1201;TINEKS MT;15.04.2025;14.07.2025;;;;3559,50;;3390,00;0,00;0,00;0,000000;0,00;D;;;;;0,00;0;;0;;0;;0,00;169,50;;;;
16.04.2025;09:08:25;;;2;000571;SUPER TINEKS-11 lisa;100;\OR^E;1201;TINEKS MT;15.04.2025;14.07.2025;;;;4126,50;;3930,00;0,00;0,00;0,000000;0,00;D;;;;;0,00;0;;0;;0;;0,00;196,50;;;;
16.04.2025;09:11:57;;;2;000572;SUPER TINEKS-9 zloukjani;100;\OR^E;1201;TINEKS MT;15.04.2025;14.07.2025;;;;4441,50;;4230,00;0,00;0,00;0,000000;0,00;D;;;;;0,00;0;;0;;0;;0,00;211,50;;;;
16.04.2025;09:13:25;;;2;000573;SUPER TINEKS-16 east gate;100;\OR^E;1201;TINEKS MT;15.04.2025;14.07.2025;;;;6122,50;;5831,00;0,00;0,00;0,000000;0,00;D;;;;;0,00;0;;0;;0;;0,00;291,50;;;;
16.04.2025;09:14:32;;;2;000574;kafana dbar maalo;100;\OR^E;44;DEKSION KO ZLATKO DOOOEL;15.04.2025;22.04.2025;;;;2205,00;;2100,00;0,00;0,00;0,000000;0,00;D;;;;;0,00;0;;0;;0;;0,00;105,00;;;;
16.04.2025;10:12:44;;;9;000031;;100;\OR^E;8;RESTORAN FA-FA SKOPJE;16.04.2025;16.04.2025;;;;4200,00;;4000,00;0,00;0,00;0,000000;0,00;D;;;;;0,00;0;;0;;0;;0,00;200,00;;;;
23.04.2025;08:40:55;;;2;000575;VERO-9 n.banka;100;\OR^E;1050;VEROPULOS DOOEL SKOPJE;17.04.2025;16.06.2025;;;;5847,00;;5568,50;0,00;0,00;0,000000;0,00;D;;;;;0,00;0;;0;;0;;0,00;278,50;;;;
17.04.2025;08:44:05;;;5;000069;;100;\OR^E;100;MAGACIN \OR^E;16.04.2025;16.04.2025;;;;;;0,00;0,00;0,00;1,000000;0,00;;;;;;0,00;0;;0;;0;;0,00;0,00;;;;
17.04.2025;08:38:16;;;2;000576;;100;\OR^E;1158;SEQ-IS;16.04.2025;23.04.2025;;;;20273,50;;19308,50;0,00;0,00;0,000000;0,00;D;;;;;0,00;0;;0;;0;;0,00;965,00;;;;
17.04.2025;08:40:36;;;2;000577;hrom;100;\OR^E;1425;MEAT MASTERS SKOPJE;16.04.2025;23.04.2025;;;;1795,50;;1710,00;0,00;0,00;0,000000;0,00;D;;;;;0,00;0;;0;;0;;0,00;85,50;;;;
22.04.2025;09:22:50;;;2;000578;;100;\OR^E;1301;MEDISON T.P.;16.04.2025;23.04.2025;;;;16279,00;;15504,00;0,00;0,00;0,000000;0,00;D;;;;;0,00;0;;0;;0;;0,00;775,00;;;;
17.04.2025;08:41:50;;;2;000579;;100;\OR^E;1028;MAKROPROM;16.04.2025;23.04.2025;;;;16279,00;;15504,00;0,00;0,00;0,000000;0,00;D;;;;;0,00;0;;0;;0;;0,00;775,00;;;;
22.04.2025;09:25:33;;;2;000580;REPTL-8 radi[ani;100;\OR^E;1225;REPTIL DPTU;16.04.2025;16.05.2025;;;;4200,00;;4000,00;0,00;0,00;0,000000;0,00;D;;;;;0,00;0;;0;;0;;0,00;200,00;;;;
17.04.2025;08:44:51;;;2;000581;leptokarija;100;\OR^E;1168;TP SENDVI^ARA 7;16.04.2025;23.04.2025;;;;8798,00;;8379,00;0,00;0,00;0,000000;0,00;D;;;;;0,00;0;;0;;0;;0,00;419,00;;;;
17.04.2025;08:45:22;;;2;000582;REPTIL-8 vlae;100;\OR^E;1225;REPTIL DPTU;16.04.2025;16.05.2025;;;;4347,00;;4140,00;0,00;0,00;0,000000;0,00;D;;;;;0,00;0;;0;;0;;0,00;207,00;;;;
17.04.2025;08:46:05;;;2;000583;REPTIL-17 kozle;100;\OR^E;1225;REPTIL DPTU;16.04.2025;16.05.2025;;;;6090,00;;5800,00;0,00;0,00;0,000000;0,00;D;;;;;0,00;0;;0;;0;;0,00;290,00;;;;
22.04.2025;09:33:05;;;2;000584;centar;100;\OR^E;24;PLANET PI ES DOOOEL;17.04.2025;24.04.2025;;;;3312,00;;3154,50;0,00;0,00;0,000000;0,00;D;;;;;0,00;0;;0;;0;;0,00;157,50;;;;
22.04.2025;09:36:04;;;5;000070;;100;\OR^E;100;MAGACIN \OR^E;17.04.2025;17.04.2025;;;;;;0,00;0,00;0,00;1,000000;0,00;;;;;;0,00;0;;0;;0;;0,00;0,00;;;;
22.04.2025;09:34:18;;;2;000585;VERO-5 centar;100;\OR^E;1050;VEROPULOS DOOEL SKOPJE;17.04.2025;16.06.2025;;;;832,00;;792,50;0,00;0,00;0,000000;0,00;D;;;;;0,00;0;;0;;0;;0,00;39,50;;;;
22.04.2025;09:35:06;;;2;000586;TINEKS-karpo]-4;100;\OR^E;1201;TINEKS MT;17.04.2025;16.07.2025;;;;4284,50;;4080,00;0,00;0,00;0,000000;0,00;D;;;;;0,00;0;;0;;0;;0,00;204,50;;;;
24.04.2025;08:19:45;;;2;000587;aerodrom;100;\OR^E;1168;TP SENDVI^ARA 7;17.04.2025;24.04.2025;;;;8798,00;;8379,00;0,00;0,00;0,000000;0,00;D;;;;;0,00;0;;0;;0;;0,00;419,00;;;;
02.05.2025;09:44:26;;;2;000588;ilinden;100;\OR^E;1027;M.B- BOBI;17.04.2025;24.04.2025;;;;10850,00;;10333,00;0,00;0,00;0,000000;0,00;D;;;;;0,00;0;;0;;0;;0,00;517,00;;;;
22.04.2025;09:37:22;;;2;000589;;100;\OR^E;59;TIM VOJCEVSKI DOO SKOPJE;17.04.2025;24.04.2025;;;;2667,00;;2540,00;0,00;0,00;0,000000;0,00;D;;;;;0,00;0;;0;;0;;0,00;127,00;;;;
24.04.2025;08:19:28;;;2;000590;ZUR market-4 mi^urin;100;\OR^E;874;T.D.GRANDPROM ZUR DOO;17.04.2025;17.05.2025;;;;1320,00;;1257,00;0,00;0,00;0,000000;0,00;D;;;;;0,00;0;;0;;0;;0,00;63,00;;;;
23.04.2025;09:41:55;;;9;000032;;100;\OR^E;8;RESTORAN FA-FA SKOPJE;23.04.2025;23.04.2025;;;;6300,00;;6000,00;0,00;0,00;0,000000;0,00;D;;;;;0,00;0;;0;;0;;0,00;300,00;;;;
02.05.2025;10:22:19;;;2;000591;VERO-10 k.voda;100;\OR^E;1050;VEROPULOS DOOEL SKOPJE;23.04.2025;22.06.2025;;;;3588,50;;3418,00;0,00;0,00;0,000000;0,00;D;;;;;0,00;0;;0;;0;;0,00;170,50;;;;
06.05.2025;11:06:43;;;5;000071;;100;\OR^E;100;MAGACIN \OR^E;23.04.2025;23.04.2025;;;;;;0,00;0,00;0,00;1,000000;0,00;;;;;;0,00;0;;0;;0;;0,00;0,00;;;;
24.04.2025;11:58:39;;;2;000592;podr.ramstore city moll;100;\OR^E;971;RAMSTORE MAKEDONIJA DOO SKOPJE;23.04.2025;22.06.2025;;;;2688,50;;2560,50;0,00;0,00;0,000000;0,00;D;;;;;0,00;0;;0;;0;;0,00;128,00;;;;
24.04.2025;11:59:19;;;2;000593;VERO-2 taftalixe;100;\OR^E;1050;VEROPULOS DOOEL SKOPJE;23.04.2025;23.04.2025;;;;8262,00;;7869,50;0,00;0,00;0,000000;0,00;D;;;;;0,00;0;;0;;0;;0,00;392,50;;;;
24.04.2025;12:00:23;;;2;000594;podr.ramstore mi^urin;100;\OR^E;971;RAMSTORE MAKEDONIJA DOO SKOPJE;23.04.2025;22.06.2025;;;;1984,50;;1890,00;0,00;0,00;0,000000;0,00;D;;;;;0,00;0;;0;;0;;0,00;94,50;;;;
24.04.2025;12:01:03;;;2;000595;REPTIL-6 simpo;100;\OR^E;1225;REPTIL DPTU;23.04.2025;23.05.2025;;;;2577,00;;2454,50;0,00;0,00;0,000000;0,00;D;;;;;0,00;0;;0;;0;;0,00;122,50;;;;
24.04.2025;12:02:02;;;2;000596;ZUR market-19 dra^evo;100;\OR^E;874;T.D.GRANDPROM ZUR DOO;23.04.2025;23.05.2025;;;;12282,00;;11697,00;0,00;0,00;0,000000;0,00;D;;;;;0,00;0;;0;;0;;0,00;585,00;;;;
24.04.2025;12:02:50;;;2;000597;ZUR market-7 dra^evo;100;\OR^E;874;T.D.GRANDPROM ZUR DOO;23.04.2025;23.05.2025;;;;3789,00;;3609,00;0,00;0,00;0,000000;0,00;D;;;;;0,00;0;;0;;0;;0,00;180,00;;;;
02.05.2025;10:22:10;;;2;000598;podr.ramstore g.lisi^e;100;\OR^E;971;RAMSTORE MAKEDONIJA DOO SKOPJE;23.04.2025;22.06.2025;;;;4001,00;;3810,50;0,00;0,00;0,000000;0,00;D;;;;;0,00;0;;0;;0;;0,00;190,50;;;;
24.04.2025;12:04:26;;;2;000599;forca fiuzn centar;100;\OR^E;1431;VAJNMASTERS DOO SKOPJE;23.04.2025;30.04.2025;;;;1785,00;;1700,00;0,00;0,00;0,000000;0,00;D;;;;;0,00;0;;0;;0;;0,00;85,00;;;;
24.04.2025;12:04:55;;;2;000600;ZUR market-13 dra^evo;100;\OR^E;874;T.D.GRANDPROM ZUR DOO;23.04.2025;23.05.2025;;;;4251,00;;4048,50;0,00;0,00;0,000000;0,00;D;;;;;0,00;0;;0;;0;;0,00;202,50;;;;
25.04.2025;08:31:02;;;5;000072;;100;\OR^E;100;MAGACIN \OR^E;24.04.2025;24.04.2025;;;;;;0,00;0,00;0,00;1,000000;0,00;;;;;;0,00;0;;0;;0;;0,00;0,00;;;;
24.04.2025;14:05:27;;;2;000601;Vero-12;100;\OR^E;1050;VEROPULOS DOOEL SKOPJE;24.04.2025;23.06.2025;;;;2160,50;;2057,50;0,00;0,00;0,000000;0,00;D;;;;;0,00;0;;0;;0;;0,00;103,00;;;;
25.04.2025;08:23:41;;;2;000602;VERO-9 n.banka;100;\OR^E;1050;VEROPULOS DOOEL SKOPJE;24.04.2025;23.06.2025;;;;4487,50;;4274,50;0,00;0,00;0,000000;0,00;D;;;;;0,00;0;;0;;0;;0,00;213,00;;;;
25.04.2025;08:24:50;;;2;000603;VERO-6 bitola;100;\OR^E;1050;VEROPULOS DOOEL SKOPJE;24.04.2025;23.06.2025;;;;4911,50;;4678,00;0,00;0,00;0,000000;0,00;D;;;;;0,00;0;;0;;0;;0,00;233,50;;;;
06.05.2025;11:11:31;;;2;000604;Krivogastani;100;\OR^E;981;KRIVOGA[TANI PROMET;23.04.2025;23.05.2025;;;;129000,00;;122857,00;0,00;0,00;0,000000;0,00;D;;;;;0,00;0;;0;;0;;0,00;6143,00;;;;
25.04.2025;08:27:15;;;2;000605;;100;\OR^E;165;MRE@A DOO;24.04.2025;01.05.2025;;;;70543,00;;67184,00;0,00;0,00;0,000000;0,00;D;;;;;0,00;0;;0;;0;;0,00;3359,00;;;;
25.04.2025;08:28:45;;;2;000606;;100;\OR^E;1348;KVATRO;24.04.2025;01.05.2025;;;;14125,00;;13452,00;0,00;0,00;0,000000;0,00;D;;;;;0,00;0;;0;;0;;0,00;673,00;;;;
25.04.2025;08:29:17;;;2;000607;;100;\OR^E;1028;MAKROPROM;24.04.2025;01.05.2025;;;;3351,50;;3192,00;0,00;0,00;0,000000;0,00;D;;;;;0,00;0;;0;;0;;0,00;159,50;;;;
25.04.2025;08:31:35;;;2;000608;makpetrol;100;\OR^E;1168;TP SENDVI^ARA 7;24.04.2025;01.05.2025;;;;8798,00;;8379,00;0,00;0,00;0,000000;0,00;D;;;;;0,00;0;;0;;0;;0,00;419,00;;;;
28.04.2025;10:48:23;;;5;000073;;100;\OR^E;100;MAGACIN \OR^E;25.04.2025;25.04.2025;;;;;;0,00;0,00;0,00;1,000000;0,00;;;;;;0,00;0;;0;;0;;0,00;0,00;;;;
28.04.2025;10:26:19;;;2;000609;;100;\OR^E;160;DOOEL A.M. OHRID;25.04.2025;02.05.2025;;;;15461,00;;14725,00;0,00;0,00;0,000000;0,00;D;;;;;0,00;0;;0;;0;;0,00;736,00;;;;
28.04.2025;10:28:38;;;2;000610;SUPER TINEKS-3 prvomajska;100;\OR^E;1201;TINEKS MT;25.04.2025;24.07.2025;;;;3853,50;;3670,00;0,00;0,00;0,000000;0,00;D;;;;;0,00;0;;0;;0;;0,00;183,50;;;;
28.04.2025;10:33:48;;;2;000611;kebap^ilnica;100;\OR^E;963;DM DEBARMAALO;25.04.2025;02.05.2025;;;;7166,00;;6825,00;0,00;0,00;0,000000;0,00;D;;;;;0,00;0;;0;;0;;0,00;341,00;;;;
29.04.2025;08:20:55;;;2;000612;mesara ^ento;100;\OR^E;225;KARNIVOR DOOEL SKOPJE;28.04.2025;05.05.2025;;;;2315,00;;2205,00;0,00;0,00;0,000000;0,00;D;;;;;0,00;0;;0;;0;;0,00;110,00;;;;
10.06.2025;10:06:17;;;2;000613;;100;\OR^E;1434;MARJAN-KOOP DOOEL SKOPJE;25.04.2025;02.05.2025;;;;5685,50;;5415,00;0,00;0,00;0,000000;0,00;D;;;;;0,00;0;;0;;0;;0,00;270,50;;;;
28.04.2025;10:48:33;;;2;000614;rabotilnica;100;\OR^E;1168;TP SENDVI^ARA 7;25.04.2025;02.05.2025;;;;21995,00;;20947,50;0,00;0,00;0,000000;0,00;D;;;;;0,00;0;;0;;0;;0,00;1047,50;;;;
16.07.2025;09:03:51;;;2;000615;;100;\OR^E;57;ARISTOTELIS BROTHERS DOO;25.04.2025;02.05.2025;;;;9150,50;;8715,00;0,00;0,00;0,000000;0,00;D;;;;;0,00;0;;0;;0;;0,00;435,50;;;;
28.04.2025;10:57:29;;;2;000616;VERO-8 ^air;100;\OR^E;1050;VEROPULOS DOOEL SKOPJE;25.04.2025;24.06.2025;;;;6119,50;;5828,50;0,00;0,00;0,000000;0,00;D;;;;;0,00;0;;0;;0;;0,00;291,00;;;;
29.04.2025;08:21:18;;;2;000617;bife;100;\OR^E;1331;PEKABESKO A.D.-SKOPJE;25.04.2025;09.06.2025;;;;6835,50;;6510,00;0,00;0,00;0,000000;0,00;D;;;;;0,00;0;;0;;0;;0,00;325,50;;;;
28.04.2025;10:59:34;;;5;000074;;100;\OR^E;100;MAGACIN \OR^E;28.04.2025;28.04.2025;;;;;;0,00;0,00;0,00;1,000000;0,00;;;;;;0,00;0;;0;;0;;0,00;0,00;;;;
28.04.2025;11:00:23;;;2;000618;VERO-1 aerodrom;100;\OR^E;1050;VEROPULOS DOOEL SKOPJE;25.04.2025;24.06.2025;;;;5493,50;;5232,00;0,00;0,00;0,000000;0,00;D;;;;;0,00;0;;0;;0;;0,00;261,50;;;;
28.04.2025;11:00:57;;;2;000619;ZUR market-3 przino;100;\OR^E;874;T.D.GRANDPROM ZUR DOO;25.04.2025;25.05.2025;;;;3327,00;;3169,00;0,00;0,00;0,000000;0,00;D;;;;;0,00;0;;0;;0;;0,00;158,00;;;;
28.04.2025;11:01:45;;;2;000620;REPTIL-2 crni^e;100;\OR^E;1225;REPTIL DPTU;25.04.2025;25.05.2025;;;;4137,00;;3940,00;0,00;0,00;0,000000;0,00;D;;;;;0,00;0;;0;;0;;0,00;197,00;;;;
05.05.2025;09:11:27;;;2;000621;TINEKS delikatesen (beko);100;\OR^E;1201;TINEKS MT;28.04.2025;27.07.2025;;;;4935,00;;4700,00;0,00;0,00;0,000000;0,00;D;;;;;0,00;0;;0;;0;;0,00;235,00;;;;
05.05.2025;09:11:49;;;2;000622;;100;\OR^E;877;INTEGRAL DOOEL;30.04.2025;15.05.2025;;;;16266,50;;15491,50;0,00;0,00;0,000000;0,00;D;;;;;0,00;0;;0;;0;;0,00;775,00;;;;
02.05.2025;09:47:50;;;2;000623;TINEKS karpo[-3;100;\OR^E;1201;TINEKS MT;28.04.2025;27.07.2025;;;;3853,50;;3670,00;0,00;0,00;0,000000;0,00;D;;;;;0,00;0;;0;;0;;0,00;183,50;;;;
29.04.2025;08:23:45;;;2;000624;SUPER TINEKS-2 zebra;100;\OR^E;1201;TINEKS MT;28.04.2025;27.07.2025;;;;2878,00;;2741,00;0,00;0,00;0,000000;0,00;D;;;;;0,00;0;;0;;0;;0,00;137,00;;;;
29.04.2025;08:28:34;;;9;000033;;100;\OR^E;69;UBAC T.P. GOSTILNICA;29.04.2025;29.04.2025;;;;882,00;;840,00;0,00;0,00;0,000000;0,00;D;;;;;0,00;0;;0;;0;;0,00;42,00;;;;
29.04.2025;12:46:14;;;5;000075;;100;\OR^E;100;MAGACIN \OR^E;29.04.2025;29.04.2025;;;;;;0,00;0,00;0,00;1,000000;0,00;;;;;;0,00;0;;0;;0;;0,00;0,00;;;;
29.04.2025;12:36:56;;;2;000625;Dervent Produkt DOOEL Saraj;100;\OR^E;63;DERVENT PRODUKT DOOEL SKOPJE;29.04.2025;06.05.2025;;;;16139,50;;15371,00;0,00;0,00;0,000000;0,00;D;;;;;0,00;0;;0;;0;;0,00;768,50;;;;
29.04.2025;12:39:54;;;2;000626;EURO IS GRUP DOO S.Glumovo;100;\OR^E;836;EURO-IS-GRUP S.GLUMOVO;29.04.2025;06.05.2025;;;;25227,00;;24025,50;0,00;0,00;0,000000;0,00;D;;;;;0,00;0;;0;;0;;0,00;1201,50;;;;
29.04.2025;12:42:23;;;2;000627;Adrijus DOO s.Glumovo;100;\OR^E;1213;ADRIJUS D.O.O.;29.04.2025;06.05.2025;;;;66034,50;;62890,00;0,00;0,00;0,000000;0,00;D;;;;;0,00;0;;0;;0;;0,00;3144,50;;;;
29.04.2025;12:48:16;;;2;000628;Ubac T.P. Gostilnica;100;\OR^E;69;UBAC T.P. GOSTILNICA;29.04.2025;29.05.2025;;;;2541,00;;2420,00;0,00;0,00;0,000000;0,00;D;;;;;0,00;0;;0;;0;;0,00;121,00;;;;
29.04.2025;14:39:04;;;9;000034;;100;\OR^E;73;DONER NEAT SARAJ;29.04.2025;29.04.2025;;;;2565,00;;2443,00;0,00;0,00;0,000000;0,00;D;;;;;0,00;0;;0;;0;;0,00;122,00;;;;
30.04.2025;09:44:47;;;9;000035;;100;\OR^E;20;FISH CHIPS;30.04.2025;30.04.2025;;;;2823,00;;2688,50;0,00;0,00;0,000000;0,00;D;;;;;0,00;0;;0;;0;;0,00;134,50;;;;
30.04.2025;09:44:31;;;5;000076;;100;\OR^E;100;MAGACIN \OR^E;30.04.2025;30.04.2025;;;;;;0,00;0,00;0,00;1,000000;0,00;;;;;;0,00;0;;0;;0;;0,00;0,00;;;;
02.05.2025;09:49:15;;;2;000629;SUPER TINEKS-16 east gate;100;\OR^E;1201;TINEKS MT;30.04.2025;29.07.2025;;;;2279,00;;2170,50;0,00;0,00;0,000000;0,00;D;;;;;0,00;0;;0;;0;;0,00;108,50;;;;
05.05.2025;14:58:35;;;2;000630;pintija;100;\OR^E;18;PAKET MARKET DOO-PODRUZNICA;30.04.2025;30.05.2025;;;;4553,00;;4336,00;0,00;0,00;0,000000;0,00;D;;;;;0,00;0;;0;;0;;0,00;217,00;;;;
02.05.2025;09:52:49;;;2;000631;podr.ramstore capitol moll;100;\OR^E;971;RAMSTORE MAKEDONIJA DOO SKOPJE;30.04.2025;29.06.2025;;;;5870,00;;5590,50;0,00;0,00;0,000000;0,00;D;;;;;0,00;0;;0;;0;;0,00;279,50;;;;
02.05.2025;09:53:43;;;2;000632;REPTIL-14 lisi^e;100;\OR^E;1225;REPTIL DPTU;30.04.2025;30.05.2025;;;;4797,00;;4568,50;0,00;0,00;0,000000;0,00;D;;;;;0,00;0;;0;;0;;0,00;228,50;;;;
02.05.2025;09:54:49;;;2;000633;ZUR market-6 lisi^e;100;\OR^E;874;T.D.GRANDPROM ZUR DOO;30.04.2025;30.05.2025;;;;5238,00;;4988,50;0,00;0,00;0,000000;0,00;D;;;;;0,00;0;;0;;0;;0,00;249,50;;;;
02.05.2025;09:56:08;;;2;000634;TINEKS delikatesen(buWakovec);100;\OR^E;1201;TINEKS MT;30.04.2025;29.07.2025;;;;4441,50;;4230,00;0,00;0,00;0,000000;0,00;D;;;;;0,00;0;;0;;0;;0,00;211,50;;;;
02.05.2025;09:57:06;;;2;000635;podr.ramstore city moll;100;\OR^E;971;RAMSTORE MAKEDONIJA DOO SKOPJE;30.04.2025;29.06.2025;;;;3728,00;;3550,50;0,00;0,00;0,000000;0,00;D;;;;;0,00;0;;0;;0;;0,00;177,50;;;;
05.05.2025;09:12:02;;;2;000636;VERO-9 n.banka;100;\OR^E;1050;VEROPULOS DOOEL SKOPJE;30.04.2025;29.06.2025;;;;4515,00;;4300,50;0,00;0,00;0,000000;0,00;D;;;;;0,00;0;;0;;0;;0,00;214,50;;;;
06.05.2025;14:43:31;;;2;000637;VERO-3 tetovo;100;\OR^E;1050;VEROPULOS DOOEL SKOPJE;30.04.2025;29.06.2025;;;;8226,50;;7835,00;0,00;0,00;0,000000;0,00;D;;;;;0,00;0;;0;;0;;0,00;391,50;;;;
02.05.2025;10:00:19;;;2;000638;full plate;100;\OR^E;1050;VEROPULOS DOOEL SKOPJE;30.04.2025;29.06.2025;;;;12180,00;;11600,00;0,00;0,00;0,000000;0,00;D;;;;;0,00;0;;0;;0;;0,00;580,00;;;;
05.05.2025;09:12:12;;;2;000639;REPTIL-1 ruzveltova;100;\OR^E;1225;REPTIL DPTU;02.05.2025;01.06.2025;;;;3463,50;;3299,00;0,00;0,00;0,000000;0,00;D;;;;;0,00;0;;0;;0;;0,00;164,50;;;;
02.05.2025;12:41:46;;;2;000640;saraj;100;\OR^E;187;DAUTI-KOMERC KE[&KERI;02.05.2025;01.06.2025;;;;162792,00;;155040,00;0,00;0,00;0,000000;0,00;D;;;;;0,00;0;;0;;0;;0,00;7752,00;;;;
05.05.2025;14:59:39;;;5;000077;;100;\OR^E;100;MAGACIN \OR^E;05.05.2025;05.05.2025;;;;;;0,00;0,00;0,00;1,000000;0,00;;;;;;0,00;0;;0;;0;;0,00;0,00;;;;
05.05.2025;14:59:01;;;2;000641;;100;\OR^E;883;SPECIJAL PRODUKT DOOEL;05.05.2025;05.05.2025;;;;33516,00;;31920,00;0,00;0,00;0,000000;0,00;D;;;;;0,00;0;;0;;0;;0,00;1596,00;;;;
05.05.2025;15:00:24;;;2;000642;restoran;100;\OR^E;1168;TP SENDVI^ARA 7;05.05.2025;12.05.2025;;;;4399,00;;4189,50;0,00;0,00;0,000000;0,00;D;;;;;0,00;0;;0;;0;;0,00;209,50;;;;
05.05.2025;15:00:49;;;2;000643;SUPER TINEKS-10 cveten;100;\OR^E;1201;TINEKS MT;05.05.2025;03.08.2025;;;;6143,00;;5850,50;0,00;0,00;0,000000;0,00;D;;;;;0,00;0;;0;;0;;0,00;292,50;;;;
05.05.2025;15:01:44;;;2;000644;REPTIL-7 porta;100;\OR^E;1225;REPTIL DPTU;05.05.2025;04.06.2025;;;;4743,00;;4517,00;0,00;0,00;0,000000;0,00;D;;;;;0,00;0;;0;;0;;0,00;226,00;;;;
06.05.2025;08:27:50;;;2;000645;GIGO TREJD-3 crni^e;100;\OR^E;2008;GIGO-TREJD;05.05.2025;12.05.2025;;;;3471,50;;3306,00;0,00;0,00;0,000000;0,00;D;;;;;0,00;0;;0;;0;;0,00;165,50;;;;
06.05.2025;14:45:42;;;9;000036;;100;\OR^E;1423;GRADOTE DOOEL;06.05.2025;06.05.2025;;;;4095,00;;3900,00;0,00;0,00;0,000000;0,00;D;;;;;0,00;0;;0;;0;;0,00;195,00;;;;
06.05.2025;14:46:47;;;5;000078;;100;\OR^E;100;MAGACIN \OR^E;06.05.2025;06.05.2025;;;;;;0,00;0,00;0,00;1,000000;0,00;;;;;;0,00;0;;0;;0;;0,00;0,00;;;;
06.05.2025;14:48:26;;;2;000646;VERO-2 taftalixe;100;\OR^E;1050;VEROPULOS DOOEL SKOPJE;06.05.2025;05.07.2025;;;;6532,00;;6221,00;0,00;0,00;0,000000;0,00;D;;;;;0,00;0;;0;;0;;0,00;311,00;;;;
07.05.2025;14:28:48;;;2;000647;VERO-7 gtc;100;\OR^E;1050;VEROPULOS DOOEL SKOPJE;06.05.2025;05.07.2025;;;;3465,50;;3300,50;0,00;0,00;0,000000;0,00;D;;;;;0,00;0;;0;;0;;0,00;165,00;;;;
06.05.2025;14:52:01;;;2;000648;VERO-10 k.voda;100;\OR^E;1050;VEROPULOS DOOEL SKOPJE;06.05.2025;05.07.2025;;;;2160,50;;2057,50;0,00;0,00;0,000000;0,00;D;;;;;0,00;0;;0;;0;;0,00;103,00;;;;
06.05.2025;14:52:41;;;2;000649;SUPER TINEKS-11 lisa;100;\OR^E;1201;TINEKS MT;06.05.2025;04.08.2025;;;;2572,50;;2450,00;0,00;0,00;0,000000;0,00;D;;;;;0,00;0;;0;;0;;0,00;122,50;;;;
06.05.2025;14:53:14;;;2;000650;SUPER TINEKS-4 kon^ar;100;\OR^E;1201;TINEKS MT;06.05.2025;04.08.2025;;;;1292,00;;1230,50;0,00;0,00;0,000000;0,00;D;;;;;0,00;0;;0;;0;;0,00;61,50;;;;
07.05.2025;14:35:46;;;2;000651;SUPER TINEKS-2 zebra;100;\OR^E;1201;TINEKS MT;06.05.2025;04.08.2025;;;;3003,00;;2860,00;0,00;0,00;0,000000;0,00;D;;;;;0,00;0;;0;;0;;0,00;143,00;;;;
06.05.2025;14:54:38;;;2;000652;leptkarija;100;\OR^E;1168;TP SENDVI^ARA 7;06.05.2025;13.05.2025;;;;8798,00;;8379,00;0,00;0,00;0,000000;0,00;D;;;;;0,00;0;;0;;0;;0,00;419,00;;;;
06.05.2025;14:55:27;;;2;000653;REPTIL-25 bardovci;100;\OR^E;1225;REPTIL DPTU;06.05.2025;05.06.2025;;;;4620,00;;4400,00;0,00;0,00;0,000000;0,00;D;;;;;0,00;0;;0;;0;;0,00;220,00;;;;
06.05.2025;14:56:00;;;2;000654;podr.ramstore vardar;100;\OR^E;971;RAMSTORE MAKEDONIJA DOO SKOPJE;06.05.2025;05.07.2025;;;;2457,00;;2340,00;0,00;0,00;0,000000;0,00;D;;;;;0,00;0;;0;;0;;0,00;117,00;;;;
07.05.2025;08:40:28;;;9;000037;;100;\OR^E;9;GALERIJA-7 ^AR[IJA;07.05.2025;07.05.2025;;;;2250,00;;2143,00;0,00;0,00;0,000000;0,00;D;;;;;0,00;0;;0;;0;;0,00;107,00;;;;
12.05.2025;08:51:05;;;5;000079;;100;\OR^E;100;MAGACIN \OR^E;07.05.2025;07.05.2025;;;;;;0,00;0,00;0,00;1,000000;0,00;;;;;;0,00;0;;0;;0;;0,00;0,00;;;;
07.05.2025;14:31:33;;;2;000655;GIGO TREJD-2 gor^e;100;\OR^E;2008;GIGO-TREJD;07.05.2025;14.05.2025;;;;4098,50;;3903,00;0,00;0,00;0,000000;0,00;D;;;;;0,00;0;;0;;0;;0,00;195,50;;;;
07.05.2025;14:34:25;;;2;000656;GIGO TREJD-4 radi[ani;100;\OR^E;2008;GIGO-TREJD;07.05.2025;14.05.2025;;;;6371,50;;6067,50;0,00;0,00;0,000000;0,00;D;;;;;0,00;0;;0;;0;;0,00;304,00;;;;
07.05.2025;14:34:30;;;2;000657;toploteka;100;\OR^E;2008;GIGO-TREJD;07.05.2025;14.05.2025;;;;5236,50;;4987,50;0,00;0,00;0,000000;0,00;D;;;;;0,00;0;;0;;0;;0,00;249,00;;;;
07.05.2025;14:34:18;;;2;000658;mesara;100;\OR^E;2008;GIGO-TREJD;07.05.2025;14.05.2025;;;;2493,50;;2375,00;0,00;0,00;0,000000;0,00;D;;;;;0,00;0;;0;;0;;0,00;118,50;;;;
07.05.2025;14:34:59;;;2;000659;podr.ramstore city moll;100;\OR^E;971;RAMSTORE MAKEDONIJA DOO SKOPJE;07.05.2025;06.07.2025;;;;6405,50;;6100,50;0,00;0,00;0,000000;0,00;D;;;;;0,00;0;;0;;0;;0,00;305,00;;;;
07.05.2025;14:36:25;;;2;000660;VERO-1 aerodrom;100;\OR^E;1050;VEROPULOS DOOEL SKOPJE;07.05.2025;06.07.2025;;;;3465,50;;3300,50;0,00;0,00;0,000000;0,00;D;;;;;0,00;0;;0;;0;;0,00;165,00;;;;
07.05.2025;14:37:09;;;2;000661;TINEKS piom;100;\OR^E;1201;TINEKS MT;07.05.2025;05.08.2025;;;;5377,00;;5121,00;0,00;0,00;0,000000;0,00;D;;;;;0,00;0;;0;;0;;0,00;256,00;;;;
12.05.2025;08:29:51;;;2;000662;TINEKS k.voda-1;100;\OR^E;1201;TINEKS MT;07.05.2025;05.08.2025;;;;1470,00;;1400,00;0,00;0,00;0,000000;0,00;D;;;;;0,00;0;;0;;0;;0,00;70,00;;;;
12.05.2025;08:38:14;;;2;000663;makpetrol;100;\OR^E;1168;TP SENDVI^ARA 7;07.05.2025;14.05.2025;;;;8798,00;;8379,00;0,00;0,00;0,000000;0,00;D;;;;;0,00;0;;0;;0;;0,00;419,00;;;;
07.05.2025;14:39:43;;;2;000664;;100;\OR^E;866;BTA MAKEDONIJA DOOEL;07.05.2025;06.06.2025;;;;13221,00;;12591,50;0,00;0,00;0,000000;0,00;D;;;;;0,00;0;;0;;0;;0,00;629,50;;;;
07.05.2025;14:40:48;;;2;000665;restoran fotka;100;\OR^E;902;LUKSEMURG KOMERC PERO DOOEL SKOPJE;07.05.2025;14.05.2025;;;;2835,00;;2700,00;0,00;0,00;0,000000;0,00;D;;;;;0,00;0;;0;;0;;0,00;135,00;;;;
07.05.2025;14:41:09;;;2;000666;;100;\OR^E;1028;MAKROPROM;07.05.2025;14.05.2025;;;;30249,00;;28809,00;0,00;0,00;0,000000;0,00;D;;;;;0,00;0;;0;;0;;0,00;1440,00;;;;
07.05.2025;14:44:25;;;2;000667;;100;\OR^E;1201;TINEKS MT;07.05.2025;07.05.2025;;;;0,00;;0,00;0,00;0,00;0,000000;0,00;D;;;;;0,00;0;;0;;0;;0,00;0,00;;;;
12.05.2025;08:37:22;;;2;000668;ZUR market-21 gor^e;100;\OR^E;874;T.D.GRANDPROM ZUR DOO;07.05.2025;06.06.2025;;;;6267,00;;5969,00;0,00;0,00;0,000000;0,00;D;;;;;0,00;0;;0;;0;;0,00;298,00;;;;
12.05.2025;08:39:31;;;2;000669;REPTIL-8 radi[ani;100;\OR^E;1225;REPTIL DPTU;08.05.2025;07.06.2025;;;;4314,00;;4108,50;0,00;0,00;0,000000;0,00;D;;;;;0,00;0;;0;;0;;0,00;205,50;;;;
12.05.2025;08:41:55;;;2;000670;ambasada;100;\OR^E;1168;TP SENDVI^ARA 7;08.05.2025;15.05.2025;;;;8798,00;;8379,00;0,00;0,00;0,000000;0,00;D;;;;;0,00;0;;0;;0;;0,00;419,00;;;;
12.05.2025;08:43:37;;;2;000671;SUPER TINEKS-6 dramski;100;\OR^E;1201;TINEKS MT;08.05.2025;06.08.2025;;;;1984,50;;1890,00;0,00;0,00;0,000000;0,00;D;;;;;0,00;0;;0;;0;;0,00;94,50;;;;
12.05.2025;08:52:22;;;2;000672;podr.kapitol moll;100;\OR^E;971;RAMSTORE MAKEDONIJA DOO SKOPJE;08.05.2025;07.07.2025;;;;3570,50;;3400,50;0,00;0,00;0,000000;0,00;D;;;;;0,00;0;;0;;0;;0,00;170,00;;;;
14.05.2025;08:50:57;;;5;000080;;100;\OR^E;100;MAGACIN \OR^E;12.05.2025;12.05.2025;;;;;;0,00;0,00;0,00;1,000000;0,00;;;;;;0,00;0;;0;;0;;0,00;0,00;;;;
12.05.2025;08:53:43;;;2;000673;ZUR market-15 k.voda;100;\OR^E;874;T.D.GRANDPROM ZUR DOO;09.05.2025;08.06.2025;;;;7107,00;;6769,00;0,00;0,00;0,000000;0,00;D;;;;;0,00;0;;0;;0;;0,00;338,00;;;;
12.05.2025;08:55:30;;;2;000674;SUPER TINEKS-1 godel;100;\OR^E;1201;TINEKS MT;08.05.2025;06.08.2025;;;;2572,50;;2450,00;0,00;0,00;0,000000;0,00;D;;;;;0,00;0;;0;;0;;0,00;122,50;;;;
12.05.2025;08:56:24;;;2;000675;ZUR market-22 taftalixe;100;\OR^E;874;T.D.GRANDPROM ZUR DOO;08.05.2025;07.06.2025;;;;3654,00;;3480,00;0,00;0,00;0,000000;0,00;D;;;;;0,00;0;;0;;0;;0,00;174,00;;;;
12.05.2025;08:56:58;;;2;000676;podr.ramstore sever;100;\OR^E;971;RAMSTORE MAKEDONIJA DOO SKOPJE;08.05.2025;07.07.2025;;;;4441,50;;4230,00;0,00;0,00;0,000000;0,00;D;;;;;0,00;0;;0;;0;;0,00;211,50;;;;
12.05.2025;08:58:44;;;2;000677;VERO-8 ^air;100;\OR^E;1050;VEROPULOS DOOEL SKOPJE;08.05.2025;07.07.2025;;;;591,00;;563,00;0,00;0,00;0,000000;0,00;D;;;;;0,00;0;;0;;0;;0,00;28,00;;;;
12.05.2025;08:59:18;;;2;000678;VERO-12 karpo[-4;100;\OR^E;1050;VEROPULOS DOOEL SKOPJE;08.05.2025;07.07.2025;;;;3333,00;;3174,50;0,00;0,00;0,000000;0,00;D;;;;;0,00;0;;0;;0;;0,00;158,50;;;;
12.05.2025;09:00:10;;;2;000679;n.lisi^e;100;\OR^E;56;BEJKING BREAD DOOEL;08.05.2025;15.05.2025;;;;1638,00;;1560,00;0,00;0,00;0,000000;0,00;D;;;;;0,00;0;;0;;0;;0,00;78,00;;;;
12.05.2025;09:00:56;;;2;000680;TINEKS k.voda-2(kino);100;\OR^E;1201;TINEKS MT;09.05.2025;07.08.2025;;;;1470,00;;1400,00;0,00;0,00;0,000000;0,00;D;;;;;0,00;0;;0;;0;;0,00;70,00;;;;
12.05.2025;09:01:56;;;2;000681;zur MARKET-5 aerodrom;100;\OR^E;874;T.D.GRANDPROM ZUR DOO;09.05.2025;08.06.2025;;;;2667,00;;2540,00;0,00;0,00;0,000000;0,00;D;;;;;0,00;0;;0;;0;;0,00;127,00;;;;
12.05.2025;09:02:31;;;2;000682;REPTIL-3 k.voda;100;\OR^E;1225;REPTIL DPTU;09.05.2025;08.06.2025;;;;3999,00;;3808,50;0,00;0,00;0,000000;0,00;D;;;;;0,00;0;;0;;0;;0,00;190,50;;;;
12.05.2025;09:03:24;;;2;000683;REPTIL-2 crni^e;100;\OR^E;1225;REPTIL DPTU;09.05.2025;08.06.2025;;;;8880,00;;8457,00;0,00;0,00;0,000000;0,00;D;;;;;0,00;0;;0;;0;;0,00;423,00;;;;
12.05.2025;09:04:19;;;2;000684;VERO-2 taftalixe;100;\OR^E;1050;VEROPULOS DOOEL SKOPJE;09.05.2025;08.07.2025;;;;3333,00;;3174,50;0,00;0,00;0,000000;0,00;D;;;;;0,00;0;;0;;0;;0,00;158,50;;;;
12.05.2025;12:42:14;;;9;000038;;100;\OR^E;73;DONER NEAT SARAJ;12.05.2025;12.05.2025;;;;2205,00;;2100,00;0,00;0,00;0,000000;0,00;D;;;;;0,00;0;;0;;0;;0,00;105,00;;;;
13.05.2025;08:32:48;;;2;000685;;100;\OR^E;160;DOOEL A.M. OHRID;12.05.2025;19.05.2025;;;;20947,50;;19950,00;0,00;0,00;0,000000;0,00;D;;;;;0,00;0;;0;;0;;0,00;997,50;;;;
05.08.2025;10:39:25;;;2;000686;;100;\OR^E;53;PEMPELE-PAJKO MAALO DOOEL;13.05.2025;20.05.2025;;;;2887,50;;2750,00;0,00;0,00;0,000000;0,00;D;;;;;0,00;0;;0;;0;;0,00;137,50;;;;
13.05.2025;08:35:45;;;2;000687;TINEX hrom;100;\OR^E;1201;TINEKS MT;12.05.2025;10.08.2025;;;;6815,00;;6490,50;0,00;0,00;0,000000;0,00;D;;;;;0,00;0;;0;;0;;0,00;324,50;;;;
13.05.2025;08:36:55;;;2;000688;TINEKS gor^e;100;\OR^E;1201;TINEKS MT;12.05.2025;10.08.2025;;;;5439,00;;5180,00;0,00;0,00;0,000000;0,00;D;;;;;0,00;0;;0;;0;;0,00;259,00;;;;
13.05.2025;08:42:02;;;9;000039;s.kondovo;100;\OR^E;8;RESTORAN FA-FA SKOPJE;13.05.2025;13.05.2025;;;;4200,00;;4000,00;0,00;0,00;0,000000;0,00;D;;;;;0,00;0;;0;;0;;0,00;200,00;;;;
14.05.2025;08:32:27;;;2;000689;;100;\OR^E;1307;OLIMP DOOEL;13.05.2025;20.05.2025;;;;8588,50;;8179,50;0,00;0,00;0,000000;0,00;D;;;;;0,00;0;;0;;0;;0,00;409,00;;;;
14.05.2025;08:35:39;;;2;000690;;100;\OR^E;1265;ORION KOMERC;13.05.2025;20.05.2025;;;;64448,50;;61379,50;0,00;0,00;0,000000;0,00;D;;;;;0,00;0;;0;;0;;0,00;3069,00;;;;
14.05.2025;08:38:47;;;2;000691;;100;\OR^E;877;INTEGRAL DOOEL;13.05.2025;28.05.2025;;;;8818,00;;8398,00;0,00;0,00;0,000000;0,00;D;;;;;0,00;0;;0;;0;;0,00;420,00;;;;
15.05.2025;14:14:07;;;2;000692;VERO-11 tetovo;100;\OR^E;1050;VEROPULOS DOOEL SKOPJE;13.05.2025;12.07.2025;;;;2751,50;;2620,50;0,00;0,00;0,000000;0,00;D;;;;;0,00;0;;0;;0;;0,00;131,00;;;;
14.05.2025;08:41:29;;;2;000693;SUPER TINEKS-11 lisa;100;\OR^E;1201;TINEKS MT;13.05.2025;11.08.2025;;;;3454,50;;3290,00;0,00;0,00;0,000000;0,00;D;;;;;0,00;0;;0;;0;;0,00;164,50;;;;
14.05.2025;08:42:28;;;2;000694;ZUR market-12 vlae;100;\OR^E;874;T.D.GRANDPROM ZUR DOO;13.05.2025;12.06.2025;;;;3984,00;;3794,50;0,00;0,00;0,000000;0,00;D;;;;;0,00;0;;0;;0;;0,00;189,50;;;;
14.05.2025;08:43:26;;;2;000695;REPTIL-19 avtokomanda;100;\OR^E;1225;REPTIL DPTU;13.05.2025;12.06.2025;;;;2217,50;;2112,00;0,00;0,00;0,000000;0,00;D;;;;;0,00;0;;0;;0;;0,00;105,50;;;;
14.05.2025;08:44:04;;;2;000696;ZUR market-10 centar;100;\OR^E;874;T.D.GRANDPROM ZUR DOO;13.05.2025;12.06.2025;;;;3591,00;;3420,00;0,00;0,00;0,000000;0,00;D;;;;;0,00;0;;0;;0;;0,00;171,00;;;;
30.05.2025;09:41:49;;;2;000697;;100;\OR^E;194;PICERIJA ENRIKO DOO SKOPJE;13.05.2025;20.05.2025;;;;7276,50;;6930,00;0,00;0,00;0,000000;0,00;D;;;;;0,00;0;;0;;0;;0,00;346,50;;;;
14.05.2025;08:51:12;;;5;000081;;100;\OR^E;100;MAGACIN \OR^E;13.05.2025;13.05.2025;;;;;;0,00;0,00;0,00;1,000000;0,00;;;;;;0,00;0;;0;;0;;0,00;0,00;;;;
14.05.2025;08:52:39;;;2;000698;;100;\OR^E;1153;TRI TRGOVCI;13.05.2025;20.05.2025;;;;16380,00;;15600,00;0,00;0,00;0,000000;0,00;D;;;;;0,00;0;;0;;0;;0,00;780,00;;;;
15.05.2025;09:47:29;;;9;000040;;100;\OR^E;1;ZORAN BITOLA;14.05.2025;29.05.2025;;;;5880,00;;5600,00;0,00;0,00;0,000000;0,00;D;;;;;0,00;0;;0;;0;;0,00;280,00;;;;
14.05.2025;13:49:01;;;2;000699;TINEKS stara televizija br.39;100;\OR^E;1201;TINEKS MT;14.05.2025;12.08.2025;;;;2940,00;;2800,00;0,00;0,00;0,000000;0,00;D;;;;;0,00;0;;0;;0;;0,00;140,00;;;;
15.05.2025;14:20:09;;;2;000700;Vero-2 Taftalidze;100;\OR^E;1050;VEROPULOS DOOEL SKOPJE;15.05.2025;14.07.2025;;;;8662,50;;8250,50;0,00;0,00;0,000000;0,00;D;;;;;0,00;0;;0;;0;;0,00;412,00;;;;
15.05.2025;14:18:01;;;2;000701;SUPER TINEKS-13 pra[ka;100;\OR^E;1201;TINEKS MT;14.05.2025;12.08.2025;;;;4263,50;;4060,50;0,00;0,00;0,000000;0,00;D;;;;;0,00;0;;0;;0;;0,00;203,00;;;;
15.05.2025;09:51:41;;;9;000041;;100;\OR^E;74;EURO MARKET-DATI SKOPJE;15.05.2025;15.05.2025;;;;6405,00;;6100,00;0,00;0,00;0,000000;0,00;D;;;;;0,00;0;;0;;0;;0,00;305,00;;;;
20.05.2025;08:28:49;;;2;000702;Tineks Aerodrom;100;\OR^E;1201;TINEKS MT;15.05.2025;14.07.2025;;;;4988,00;;4750,50;0,00;0,00;0,000000;0,00;D;;;;;0,00;0;;0;;0;;0,00;237,50;;;;
15.05.2025;14:22:03;;;2;000703;Borjan Dim DOOEL;100;\OR^E;920;BORJAN DIM DOOEL SKOPJE;15.05.2025;22.05.2025;;;;9040,00;;8610,00;0,00;0,00;0,000000;0,00;D;;;;;0,00;0;;0;;0;;0,00;430,00;;;;
15.05.2025;14:26:14;;;2;000704;Vero-9 Narodna Banka;100;\OR^E;1050;VEROPULOS DOOEL SKOPJE;15.05.2025;14.07.2025;;;;1666,50;;1587,00;0,00;0,00;0,000000;0,00;D;;;;;0,00;0;;0;;0;;0,00;79,50;;;;
15.05.2025;14:27:24;;;2;000705;Zur br.14 Madzari;100;\OR^E;874;T.D.GRANDPROM ZUR DOO;15.05.2025;14.06.2025;;;;3654,00;;3480,00;0,00;0,00;0,000000;0,00;D;;;;;0,00;0;;0;;0;;0,00;174,00;;;;
15.05.2025;14:28:46;;;2;000706;Bosa Dva;100;\OR^E;156;BOSA DVA;15.05.2025;22.05.2025;;;;23940,00;;22800,00;0,00;0,00;0,000000;0,00;D;;;;;0,00;0;;0;;0;;0,00;1140,00;;;;
15.05.2025;14:31:25;;;2;000707;Reptil, Zelen pazar;100;\OR^E;1225;REPTIL DPTU;15.05.2025;14.06.2025;;;;3780,00;;3600,00;0,00;0,00;0,000000;0,00;D;;;;;0,00;0;;0;;0;;0,00;180,00;;;;
16.05.2025;09:37:16;;;2;000708;Bonte-Kompani BOZO DOOEL;100;\OR^E;1328;BONTE KOMPANI;15.05.2025;22.05.2025;;;;22504,00;;21432,00;0,00;0,00;0,000000;0,00;D;;;;;0,00;0;;0;;0;;0,00;1072,00;;;;
22.08.2025;10:21:58;;;9;000042;;100;\OR^E;2;RESTORAN FLORIAN DOOEL TETOVO;19.05.2025;19.05.2025;;;;11660,00;;11105,00;0,00;0,00;0,000000;0,00;D;;;;;0,00;0;;0;;0;;0,00;555,00;;;;
22.05.2025;09:27:28;;;2;000709;DIM market-1 s.stajkovci;100;\OR^E;874;T.D.GRANDPROM ZUR DOO;22.05.2025;21.06.2025;;;;8934,00;;8508,50;0,00;0,00;0,000000;0,00;D;;;;;0,00;0;;0;;0;;0,00;425,50;;;;
20.05.2025;08:33:41;;;2;000710;DIM market-2 k.voda;100;\OR^E;874;T.D.GRANDPROM ZUR DOO;19.05.2025;18.06.2025;;;;4314,00;;4108,50;0,00;0,00;0,000000;0,00;D;;;;;0,00;0;;0;;0;;0,00;205,50;;;;
20.05.2025;08:34:43;;;2;000711;DIM market-3 gazi baba;100;\OR^E;874;T.D.GRANDPROM ZUR DOO;19.05.2025;18.06.2025;;;;8607,00;;8197,00;0,00;0,00;0,000000;0,00;D;;;;;0,00;0;;0;;0;;0,00;410,00;;;;
20.05.2025;08:35:48;;;2;000712;DIM market-4 hrom;100;\OR^E;874;T.D.GRANDPROM ZUR DOO;19.05.2025;18.06.2025;;;;6447,00;;6140,00;0,00;0,00;0,000000;0,00;D;;;;;0,00;0;;0;;0;;0,00;307,00;;;;
22.05.2025;09:27:04;;;2;000713;DIM market-5 dra^evo;100;\OR^E;874;T.D.GRANDPROM ZUR DOO;22.05.2025;21.06.2025;;;;2751,00;;2620,00;0,00;0,00;0,000000;0,00;D;;;;;0,00;0;;0;;0;;0,00;131,00;;;;
20.05.2025;08:40:24;;;2;000714;DIM market-6 gor^e;100;\OR^E;874;T.D.GRANDPROM ZUR DOO;19.05.2025;18.06.2025;;;;6927,00;;6597,00;0,00;0,00;0,000000;0,00;D;;;;;0,00;0;;0;;0;;0,00;330,00;;;;
20.05.2025;08:41:14;;;2;000715;DIM market-7 aerodrom;100;\OR^E;874;T.D.GRANDPROM ZUR DOO;19.05.2025;18.06.2025;;;;6738,00;;6417,00;0,00;0,00;0,000000;0,00;D;;;;;0,00;0;;0;;0;;0,00;321,00;;;;
22.05.2025;09:27:16;;;2;000716;DIM market-8 d.lisi^e;100;\OR^E;874;T.D.GRANDPROM ZUR DOO;22.05.2025;21.06.2025;;;;6267,00;;5968,50;0,00;0,00;0,000000;0,00;D;;;;;0,00;0;;0;;0;;0,00;298,50;;;;
20.05.2025;08:43:06;;;2;000717;DIM market-9 kumanovo;100;\OR^E;874;T.D.GRANDPROM ZUR DOO;19.05.2025;18.06.2025;;;;3987,00;;3797,00;0,00;0,00;0,000000;0,00;D;;;;;0,00;0;;0;;0;;0,00;190,00;;;;
20.05.2025;08:44:00;;;2;000718;DIM market-10 kumanovo;100;\OR^E;874;T.D.GRANDPROM ZUR DOO;19.05.2025;18.06.2025;;;;3084,00;;2937,00;0,00;0,00;0,000000;0,00;D;;;;;0,00;0;;0;;0;;0,00;147,00;;;;
20.05.2025;08:44:45;;;2;000719;DIM market-12 kumanovo;100;\OR^E;874;T.D.GRANDPROM ZUR DOO;19.05.2025;18.06.2025;;;;5037,00;;4797,00;0,00;0,00;0,000000;0,00;D;;;;;0,00;0;;0;;0;;0,00;240,00;;;;
20.05.2025;08:45:37;;;2;000720;DIM karket-14 karpo[-4;100;\OR^E;874;T.D.GRANDPROM ZUR DOO;19.05.2025;18.06.2025;;;;8691,00;;8277,00;0,00;0,00;0,000000;0,00;D;;;;;0,00;0;;0;;0;;0,00;414,00;;;;
20.05.2025;09:02:04;;;2;000721;DIM market-15 sveti nikole;100;\OR^E;874;T.D.GRANDPROM ZUR DOO;19.05.2025;18.06.2025;;;;4251,00;;4048,50;0,00;0,00;0,000000;0,00;D;;;;;0,00;0;;0;;0;;0,00;202,50;;;;
20.05.2025;09:03:03;;;2;000722;DIM market-16 berovo;100;\OR^E;874;T.D.GRANDPROM ZUR DOO;19.05.2025;18.06.2025;;;;7107,00;;6768,50;0,00;0,00;0,000000;0,00;D;;;;;0,00;0;;0;;0;;0,00;338,50;;;;
21.05.2025;08:51:30;;;2;000723;DIM market-17 pazar ^ento;100;\OR^E;874;T.D.GRANDPROM ZUR DOO;20.05.2025;19.06.2025;;;;5898,00;;5617,00;0,00;0,00;0,000000;0,00;D;;;;;0,00;0;;0;;0;;0,00;281,00;;;;
20.05.2025;09:07:50;;;2;000724;DIM market-18 ^ento park;100;\OR^E;874;T.D.GRANDPROM ZUR DOO;20.05.2025;19.06.2025;;;;7107,00;;6768,50;0,00;0,00;0,000000;0,00;D;;;;;0,00;0;;0;;0;;0,00;338,50;;;;
20.05.2025;09:09:03;;;2;000725;DIM market-19 centar;100;\OR^E;874;T.D.GRANDPROM ZUR DOO;20.05.2025;19.06.2025;;;;3654,00;;3480,00;0,00;0,00;0,000000;0,00;D;;;;;0,00;0;;0;;0;;0,00;174,00;;;;
20.05.2025;09:13:51;;;2;000726;DIM market-21 voena b.;100;\OR^E;874;T.D.GRANDPROM ZUR DOO;19.05.2025;18.06.2025;;;;4071,00;;3877,00;0,00;0,00;0,000000;0,00;D;;;;;0,00;0;;0;;0;;0,00;194,00;;;;
21.05.2025;08:55:40;;;5;000082;;100;\OR^E;100;MAGACIN \OR^E;19.05.2025;19.05.2025;;;;;;0,00;0,00;0,00;1,000000;0,00;;;;;;0,00;0;;0;;0;;0,00;0,00;;;;
26.06.2025;08:41:51;;;5;000083;;100;\OR^E;100;MAGACIN \OR^E;20.05.2025;20.05.2025;;;;;;0,00;0,00;0,00;1,000000;0,00;;;;;;0,00;0;;0;;0;;0,00;0,00;;;;
20.05.2025;09:15:16;;;2;000727;rabotilnica;100;\OR^E;1168;TP SENDVI^ARA 7;19.05.2025;26.05.2025;;;;21995,00;;20947,50;0,00;0,00;0,000000;0,00;D;;;;;0,00;0;;0;;0;;0,00;1047,50;;;;
20.05.2025;09:15:46;;;2;000728;aerodrom;100;\OR^E;1168;TP SENDVI^ARA 7;19.05.2025;26.05.2025;;;;9261,00;;8820,00;0,00;0,00;0,000000;0,00;D;;;;;0,00;0;;0;;0;;0,00;441,00;;;;
22.05.2025;09:31:13;;;2;000729;VERO-6 bitola;100;\OR^E;1050;VEROPULOS DOOEL SKOPJE;20.05.2025;19.07.2025;;;;6984,00;;6652,00;0,00;0,00;0,000000;0,00;D;;;;;0,00;0;;0;;0;;0,00;332,00;;;;
22.05.2025;09:31:26;;;2;000730;VERO-4 bitola;100;\OR^E;1050;VEROPULOS DOOEL SKOPJE;20.05.2025;19.07.2025;;;;7855,50;;7481,50;0,00;0,00;0,000000;0,00;D;;;;;0,00;0;;0;;0;;0,00;374,00;;;;
21.05.2025;14:46:37;;;2;000731;VERO-2 taftalixe;100;\OR^E;1050;VEROPULOS DOOEL SKOPJE;20.05.2025;19.07.2025;;;;6286,00;;5987,00;0,00;0,00;0,000000;0,00;D;;;;;0,00;0;;0;;0;;0,00;299,00;;;;
22.05.2025;09:31:44;;;2;000732;VERO-7 gtc;100;\OR^E;1050;VEROPULOS DOOEL SKOPJE;20.05.2025;19.07.2025;;;;3086,50;;2939,50;0,00;0,00;0,000000;0,00;D;;;;;0,00;0;;0;;0;;0,00;147,00;;;;
21.05.2025;08:58:59;;;2;000733;podr.ramstore vardar;100;\OR^E;971;RAMSTORE MAKEDONIJA DOO SKOPJE;20.05.2025;19.07.2025;;;;2572,50;;2450,00;0,00;0,00;0,000000;0,00;D;;;;;0,00;0;;0;;0;;0,00;122,50;;;;
21.05.2025;08:59:40;;;2;000734;SUPER TINEKS-6 dramski;100;\OR^E;1201;TINEKS MT;20.05.2025;18.08.2025;;;;5113,50;;4870,00;0,00;0,00;0,000000;0,00;D;;;;;0,00;0;;0;;0;;0,00;243,50;;;;
21.05.2025;09:00:21;;;2;000735;SUPER TINEKS-11 lisa;100;\OR^E;1201;TINEKS MT;20.05.2025;18.08.2025;;;;3675,50;;3500,50;0,00;0,00;0,000000;0,00;D;;;;;0,00;0;;0;;0;;0,00;175,00;;;;
21.05.2025;09:01:04;;;2;000736;makpetrol;100;\OR^E;1168;TP SENDVI^ARA 7;20.05.2025;27.05.2025;;;;8798,00;;8379,00;0,00;0,00;0,000000;0,00;D;;;;;0,00;0;;0;;0;;0,00;419,00;;;;
21.05.2025;09:02:04;;;2;000737;;100;\OR^E;1095;BOMAGO;20.05.2025;27.05.2025;;;;29765,50;;28348,00;0,00;0,00;0,000000;0,00;D;;;;;0,00;0;;0;;0;;0,00;1417,50;;;;
21.05.2025;09:02:28;;;2;000738;;100;\OR^E;1028;MAKROPROM;20.05.2025;27.05.2025;;;;16518,50;;15732,00;0,00;0,00;0,000000;0,00;D;;;;;0,00;0;;0;;0;;0,00;786,50;;;;
21.05.2025;14:47:59;;;2;000739;TINEKS karpo[-3;100;\OR^E;1201;TINEKS MT;21.05.2025;19.08.2025;;;;6300,50;;6000,50;0,00;0,00;0,000000;0,00;D;;;;;0,00;0;;0;;0;;0,00;300,00;;;;
21.05.2025;14:49:08;;;2;000740;SUPER TINEKS-3 prvomajska;100;\OR^E;1201;TINEKS MT;21.05.2025;19.08.2025;;;;3276,50;;3120,50;0,00;0,00;0,000000;0,00;D;;;;;0,00;0;;0;;0;;0,00;156,00;;;;
21.05.2025;14:49:52;;;2;000741;podr.ramstore city moll;100;\OR^E;971;RAMSTORE MAKEDONIJA DOO SKOPJE;21.05.2025;20.07.2025;;;;3570,50;;3400,50;0,00;0,00;0,000000;0,00;D;;;;;0,00;0;;0;;0;;0,00;170,00;;;;
22.05.2025;09:28:04;;;2;000742;VERO-2 n.banka;100;\OR^E;1050;VEROPULOS DOOEL SKOPJE;22.05.2025;21.07.2025;;;;4796,50;;4568,50;0,00;0,00;0,000000;0,00;D;;;;;0,00;0;;0;;0;;0,00;228,00;;;;
21.05.2025;14:51:31;;;2;000743;ZUR market-18 rasadnik;100;\OR^E;874;T.D.GRANDPROM ZUR DOO;21.05.2025;20.06.2025;;;;5385,00;;5129,00;0,00;0,00;0,000000;0,00;D;;;;;0,00;0;;0;;0;;0,00;256,00;;;;
21.05.2025;14:51:51;;;2;000744;;100;\OR^E;165;MRE@A DOO;21.05.2025;28.05.2025;;;;94284,00;;89794,00;0,00;0,00;0,000000;0,00;D;;;;;0,00;0;;0;;0;;0,00;4490,00;;;;
26.05.2025;08:40:03;;;2;000745;east gate;100;\OR^E;60;BEJKING BREAD IST GEJT SKOPJE;22.05.2025;29.05.2025;;;;1092,00;;1040,00;0,00;0,00;0,000000;0,00;D;;;;;0,00;0;;0;;0;;0,00;52,00;;;;
27.06.2025;13:13:17;;;2;000746;Dervent Promet DOOEL Zelino;100;\OR^E;1020;DERVENT PROMET;22.05.2025;29.05.2025;;;;22518,00;;21446,00;0,00;0,00;0,000000;0,00;D;;;;;0,00;0;;0;;0;;0,00;1072,00;;;;
23.05.2025;08:15:42;;;2;000747;TINEKS centar-2;100;\OR^E;1201;TINEKS MT;22.05.2025;20.08.2025;;;;9240,00;;8800,00;0,00;0,00;0,000000;0,00;D;;;;;0,00;0;;0;;0;;0,00;440,00;;;;
23.05.2025;08:22:30;;;2;000748;REPTIL market-7 porta;100;\OR^E;1225;REPTIL DPTU;22.05.2025;21.06.2025;;;;3654,00;;3480,00;0,00;0,00;0,000000;0,00;D;;;;;0,00;0;;0;;0;;0,00;174,00;;;;
23.05.2025;08:23:02;;;2;000749;ZUR market-13 dra^evo;100;\OR^E;874;T.D.GRANDPROM ZUR DOO;22.05.2025;21.06.2025;;;;1827,00;;1740,00;0,00;0,00;0,000000;0,00;D;;;;;0,00;0;;0;;0;;0,00;87,00;;;;
23.05.2025;08:23:54;;;2;000750;ZUR market-7 dra^evo;100;\OR^E;874;T.D.GRANDPROM ZUR DOO;22.05.2025;21.06.2025;;;;1827,00;;1740,00;0,00;0,00;0,000000;0,00;D;;;;;0,00;0;;0;;0;;0,00;87,00;;;;
23.05.2025;08:24:25;;;2;000751;VERO-8 ^air;100;\OR^E;1050;VEROPULOS DOOEL SKOPJE;22.05.2025;21.07.2025;;;;5132,00;;4888,00;0,00;0,00;0,000000;0,00;D;;;;;0,00;0;;0;;0;;0,00;244,00;;;;
27.10.2025;11:41:30;;;2;000752;;100;\OR^E;75;BURGER ZONE GRIL DOOEL SKOPJE;22.05.2025;29.05.2025;;;;9261,00;;8820,00;0,00;0,00;0,000000;0,00;D;;;;;0,00;0;;0;;0;;0,00;441,00;;;;
26.05.2025;08:40:36;;;2;000753;saraj;100;\OR^E;187;DAUTI-KOMERC KE[&KERI;23.05.2025;22.06.2025;;;;160398,00;;152760,00;0,00;0,00;0,000000;0,00;D;;;;;0,00;0;;0;;0;;0,00;7638,00;;;;
26.05.2025;08:41:25;;;2;000754;;100;\OR^E;40;EUROEDIL-HOLDING DOOEL;23.05.2025;30.05.2025;;;;1411,00;;1344,00;0,00;0,00;0,000000;0,00;D;;;;;0,00;0;;0;;0;;0,00;67,00;;;;
26.05.2025;08:42:12;;;2;000755;ZUR market-17 lira;100;\OR^E;874;T.D.GRANDPROM ZUR DOO;23.05.2025;22.06.2025;;;;5238,00;;4989,00;0,00;0,00;0,000000;0,00;D;;;;;0,00;0;;0;;0;;0,00;249,00;;;;
26.05.2025;08:43:06;;;2;000756;ambasada;100;\OR^E;1168;TP SENDVI^ARA 7;23.05.2025;30.05.2025;;;;1320,00;;1257,00;0,00;0,00;0,000000;0,00;D;;;;;0,00;0;;0;;0;;0,00;63,00;;;;
26.05.2025;15:35:22;;;2;000757;;100;\OR^E;160;DOOEL A.M. OHRID;26.05.2025;02.06.2025;;;;46653,00;;44431,50;0,00;0,00;0,000000;0,00;D;;;;;0,00;0;;0;;0;;0,00;2221,50;;;;
26.05.2025;15:36:30;;;2;000758;DIM market-22 gor^e;100;\OR^E;874;T.D.GRANDPROM ZUR DOO;26.05.2025;25.06.2025;;;;13906,00;;13243,00;0,00;0,00;0,000000;0,00;D;;;;;0,00;0;;0;;0;;0,00;663,00;;;;
23.06.2025;14:44:02;;;2;000759;saraj;100;\OR^E;63;DERVENT PRODUKT DOOEL SKOPJE;26.05.2025;02.06.2025;;;;37001,50;;35240,00;0,00;0,00;0,000000;0,00;D;;;;;0,00;0;;0;;0;;0,00;1761,50;;;;
26.06.2025;08:44:36;;;5;000084;;100;\OR^E;100;MAGACIN \OR^E;25.05.2025;25.05.2025;;;;;;0,00;0,00;0,00;1,000000;0,00;;;;;;0,00;0;;0;;0;;0,00;0,00;;;;
26.05.2025;15:41:25;;;2;000760;S.glumovo;100;\OR^E;836;EURO-IS-GRUP S.GLUMOVO;26.05.2025;02.06.2025;;;;49007,00;;46673,50;0,00;0,00;0,000000;0,00;D;;;;;0,00;0;;0;;0;;0,00;2333,50;;;;
26.05.2025;15:42:38;;;2;000761;SUPER TINEKS-2 zebra;100;\OR^E;1201;TINEKS MT;26.05.2025;24.08.2025;;;;7162,00;;6821,00;0,00;0,00;0,000000;0,00;D;;;;;0,00;0;;0;;0;;0,00;341,00;;;;
27.05.2025;14:16:52;;;2;000762;SUPER TINEKS-4 kon^ar;100;\OR^E;1201;TINEKS MT;27.05.2025;25.08.2025;;;;1470,00;;1400,00;0,00;0,00;0,000000;0,00;D;;;;;0,00;0;;0;;0;;0,00;70,00;;;;
27.05.2025;14:19:54;;;2;000763;VERO-2 taftalixe;100;\OR^E;1050;VEROPULOS DOOEL SKOPJE;27.05.2025;26.07.2025;;;;6780,50;;6458,50;0,00;0,00;0,000000;0,00;D;;;;;0,00;0;;0;;0;;0,00;322,00;;;;
27.05.2025;14:21:56;;;2;000764;SUPER TINEKS-11 lisa;100;\OR^E;1201;TINEKS MT;27.05.2025;25.08.2025;;;;2730,00;;2600,00;0,00;0,00;0,000000;0,00;D;;;;;0,00;0;;0;;0;;0,00;130,00;;;;
27.05.2025;14:22:56;;;2;000765;VERO-10 k.voda;100;\OR^E;1050;VEROPULOS DOOEL SKOPJE;27.05.2025;26.07.2025;;;;2406,50;;2292,00;0,00;0,00;0,000000;0,00;D;;;;;0,00;0;;0;;0;;0,00;114,50;;;;
27.05.2025;14:23:27;;;2;000766;REPTIL-6 simpo;100;\OR^E;1225;REPTIL DPTU;27.05.2025;26.06.2025;;;;2709,00;;2580,00;0,00;0,00;0,000000;0,00;D;;;;;0,00;0;;0;;0;;0,00;129,00;;;;
27.05.2025;14:24:30;;;2;000767;VERO-5 centar;100;\OR^E;1050;VEROPULOS DOOEL SKOPJE;27.05.2025;26.07.2025;;;;1838,50;;1751,50;0,00;0,00;0,000000;0,00;D;;;;;0,00;0;;0;;0;;0,00;87,00;;;;
27.05.2025;14:24:58;;;2;000768;SUPER TINEKS-16 east gate;100;\OR^E;1201;TINEKS MT;27.05.2025;25.08.2025;;;;5271,50;;5020,50;0,00;0,00;0,000000;0,00;D;;;;;0,00;0;;0;;0;;0,00;251,00;;;;
27.05.2025;14:25:39;;;2;000769;leptokarija;100;\OR^E;1168;TP SENDVI^ARA 7;27.05.2025;03.06.2025;;;;8798,00;;8379,00;0,00;0,00;0,000000;0,00;D;;;;;0,00;0;;0;;0;;0,00;419,00;;;;
27.05.2025;14:26:01;;;2;000770;REPTIL-10 butel;100;\OR^E;1225;REPTIL DPTU;27.05.2025;26.06.2025;;;;2487,00;;2368,50;0,00;0,00;0,000000;0,00;D;;;;;0,00;0;;0;;0;;0,00;118,50;;;;
29.05.2025;08:16:44;;;2;000771;pod.ramstore taftalixe;100;\OR^E;971;RAMSTORE MAKEDONIJA DOO SKOPJE;28.05.2025;27.07.2025;;;;3996,00;;3805,00;0,00;0,00;0,000000;0,00;D;;;;;0,00;0;;0;;0;;0,00;191,00;;;;
29.05.2025;08:17:43;;;2;000772;VERO-1 aerodrom;100;\OR^E;1050;VEROPULOS DOOEL SKOPJE;28.05.2025;27.07.2025;;;;1569,00;;1494,50;0,00;0,00;0,000000;0,00;D;;;;;0,00;0;;0;;0;;0,00;74,50;;;;
29.05.2025;08:20:03;;;2;000773;s.glumovo;100;\OR^E;1213;ADRIJUS D.O.O.;28.05.2025;04.06.2025;;;;87979,50;;83790,00;0,00;0,00;0,000000;0,00;D;;;;;0,00;0;;0;;0;;0,00;4189,50;;;;
29.05.2025;08:21:05;;;2;000774;podr.ramstore star aerodrom;100;\OR^E;971;RAMSTORE MAKEDONIJA DOO SKOPJE;28.05.2025;27.07.2025;;;;3980,50;;3791,00;0,00;0,00;0,000000;0,00;D;;;;;0,00;0;;0;;0;;0,00;189,50;;;;
29.05.2025;08:21:45;;;2;000775;;100;\OR^E;1028;MAKROPROM;28.05.2025;04.06.2025;;;;17955,00;;17100,00;0,00;0,00;0,000000;0,00;D;;;;;0,00;0;;0;;0;;0,00;855,00;;;;
29.05.2025;08:22:30;;;2;000776;ZUR market-8 n.lisi^e;100;\OR^E;874;T.D.GRANDPROM ZUR DOO;28.05.2025;27.06.2025;;;;3654,00;;3480,00;0,00;0,00;0,000000;0,00;D;;;;;0,00;0;;0;;0;;0,00;174,00;;;;
29.10.2025;12:33:02;;;2;000777;;100;\OR^E;1371;SER@;28.05.2025;04.06.2025;;;;7121,50;;6783,00;0,00;0,00;0,000000;0,00;D;;;;;0,00;0;;0;;0;;0,00;338,50;;;;
29.05.2025;08:23:51;;;2;000778;REPTIL-12 g.nerezi;100;\OR^E;1225;REPTIL DPTU;28.05.2025;27.06.2025;;;;1827,00;;1740,00;0,00;0,00;0,000000;0,00;D;;;;;0,00;0;;0;;0;;0,00;87,00;;;;
29.05.2025;08:24:21;;;2;000779;REPTIL-13 maxari;100;\OR^E;1125;SKOPSKA PIVARA;28.05.2025;27.06.2025;;;;4974,00;;4737,00;0,00;0,00;0,000000;0,00;D;;;;;0,00;0;;0;;0;;0,00;237,00;;;;
29.05.2025;08:26:22;;;2;000780;;100;\OR^E;885;TRGOPRODUKT DOO STRUMICA;28.05.2025;04.06.2025;;;;25210,00;;24009,50;0,00;0,00;0,000000;0,00;D;;;;;0,00;0;;0;;0;;0,00;1200,50;;;;
30.05.2025;09:13:16;;;2;000781;lapuerta centar;100;\OR^E;24;PLANET PI ES DOOOEL;29.05.2025;05.06.2025;;;;2766,00;;2634,50;0,00;0,00;0,000000;0,00;D;;;;;0,00;0;;0;;0;;0,00;131,50;;;;
30.05.2025;09:15:06;;;2;000782;GIGO TREJD-2 gor^e;100;\OR^E;2008;GIGO-TREJD;29.05.2025;05.06.2025;;;;4269,50;;4066,00;0,00;0,00;0,000000;0,00;D;;;;;0,00;0;;0;;0;;0,00;203,50;;;;
30.05.2025;09:16:02;;;2;000783;TINEKS karpo[-4;100;\OR^E;1201;TINEKS MT;29.05.2025;27.08.2025;;;;2861,50;;2725,00;0,00;0,00;0,000000;0,00;D;;;;;0,00;0;;0;;0;;0,00;136,50;;;;
30.05.2025;14:02:22;;;2;000784;podr.ramstore karpo[;100;\OR^E;971;RAMSTORE MAKEDONIJA DOO SKOPJE;29.05.2025;28.07.2025;;;;2971,50;;2830,00;0,00;0,00;0,000000;0,00;D;;;;;0,00;0;;0;;0;;0,00;141,50;;;;
30.05.2025;14:01:41;;;2;000785;VERO- n.banka;100;\OR^E;1050;VEROPULOS DOOEL SKOPJE;30.05.2025;29.07.2025;;;;3465,50;;3300,50;0,00;0,00;0,000000;0,00;D;;;;;0,00;0;;0;;0;;0,00;165,00;;;;
30.05.2025;14:04:32;;;2;000786;TINEKS porta aerodrom;100;\OR^E;1201;TINEKS MT;30.05.2025;28.08.2025;;;;4714,50;;4490,00;0,00;0,00;0,000000;0,00;D;;;;;0,00;0;;0;;0;;0,00;224,50;;;;
29.07.2025;09:50:13;;;2;000787;SUPER TINEKS-15 maj^in dom;100;\OR^E;1201;TINEKS MT;30.05.2025;28.08.2025;;;;5377,00;;5121,00;0,00;0,00;0,000000;0,00;D;;;;;0,00;0;;0;;0;;0,00;256,00;;;;
29.07.2025;09:51:17;;;2;000788;;100;\OR^E;1348;KVATRO;30.05.2025;06.06.2025;;;;14829,50;;14123,00;0,00;0,00;0,000000;0,00;D;;;;;0,00;0;;0;;0;;0,00;706,50;;;;
30.05.2025;14:06:37;;;2;000789;REPTIL-3 k.voda;100;\OR^E;1225;REPTIL DPTU;30.05.2025;29.06.2025;;;;2460,00;;2343,00;0,00;0,00;0,000000;0,00;D;;;;;0,00;0;;0;;0;;0,00;117,00;;;;
30.05.2025;14:07:24;;;2;000790;rabotilnica;100;\OR^E;1168;TP SENDVI^ARA 7;30.05.2025;06.06.2025;;;;21995,00;;20947,50;0,00;0,00;0,000000;0,00;D;;;;;0,00;0;;0;;0;;0,00;1047,50;;;;
03.06.2025;14:08:52;;;9;000043;;100;\OR^E;73;DONER NEAT SARAJ;03.06.2025;03.06.2025;;;;2205,00;;2100,00;0,00;0,00;0,000000;0,00;D;;;;;0,00;0;;0;;0;;0,00;105,00;;;;
03.06.2025;14:27:46;;;2;000791;VERO-2 taftalixe;100;\OR^E;1050;VEROPULOS DOOEL SKOPJE;03.06.2025;02.08.2025;;;;5793,50;;5518,00;0,00;0,00;0,000000;0,00;D;;;;;0,00;0;;0;;0;;0,00;275,50;;;;
03.06.2025;14:26:24;;;2;000792;podr.ramstore vardar;100;\OR^E;971;RAMSTORE MAKEDONIJA DOO SKOPJE;03.06.2025;02.08.2025;;;;2572,50;;2450,00;0,00;0,00;0,000000;0,00;D;;;;;0,00;0;;0;;0;;0,00;122,50;;;;
03.06.2025;14:27:56;;;2;000793;SUPER TINEKS-11 lisa;100;\OR^E;1201;TINEKS MT;03.06.2025;01.09.2025;;;;3570,50;;3400,50;0,00;0,00;0,000000;0,00;D;;;;;0,00;0;;0;;0;;0,00;170,00;;;;
04.06.2025;14:07:29;;;2;000794;SUPER TINEKS-4 kon^ar;100;\OR^E;1201;TINEKS MT;03.06.2025;01.09.2025;;;;2971,50;;2830,00;0,00;0,00;0,000000;0,00;D;;;;;0,00;0;;0;;0;;0,00;141,50;;;;
03.06.2025;14:29:00;;;2;000795;;100;\OR^E;1301;MEDISON T.P.;03.06.2025;03.06.2025;;;;18540,50;;17657,50;0,00;0,00;0,000000;0,00;D;;;;;0,00;0;;0;;0;;0,00;883,00;;;;
04.06.2025;08:40:41;;;9;000044;;100;\OR^E;8;RESTORAN FA-FA SKOPJE;04.06.2025;04.06.2025;;;;6405,00;;6100,00;0,00;0,00;0,000000;0,00;D;;;;;0,00;0;;0;;0;;0,00;305,00;;;;
04.06.2025;14:08:27;;;2;000796;pod.ramstore xevahir;100;\OR^E;971;RAMSTORE MAKEDONIJA DOO SKOPJE;04.06.2025;03.08.2025;;;;4126,50;;3930,00;0,00;0,00;0,000000;0,00;D;;;;;0,00;0;;0;;0;;0,00;196,50;;;;
04.06.2025;14:09:22;;;2;000797;VERO-12 karpo[-4 (sity moll);100;\OR^E;1050;VEROPULOS DOOEL SKOPJE;04.06.2025;03.08.2025;;;;5255,00;;5005,50;0,00;0,00;0,000000;0,00;D;;;;;0,00;0;;0;;0;;0,00;249,50;;;;
05.06.2025;15:20:26;;;2;000798;VERO-9n.banka;100;\OR^E;1050;VEROPULOS DOOEL SKOPJE;04.06.2025;03.08.2025;;;;3962,50;;3774,00;0,00;0,00;0,000000;0,00;D;;;;;0,00;0;;0;;0;;0,00;188,50;;;;
04.06.2025;14:12:32;;;2;000799;TINEKS-delikatesen(beko);100;\OR^E;1201;TINEKS MT;04.06.2025;02.09.2025;;;;10133,50;;9651,00;0,00;0,00;0,000000;0,00;D;;;;;0,00;0;;0;;0;;0,00;482,50;;;;
04.06.2025;14:14:34;;;2;000800;TINEKS-karpo[-3;100;\OR^E;1201;TINEKS MT;04.06.2025;02.09.2025;;;;1984,50;;1890,00;0,00;0,00;0,000000;0,00;D;;;;;0,00;0;;0;;0;;0,00;94,50;;;;
18.07.2025;14:56:55;;;2;000801;;100;\OR^E;66;MKB-MISA STRUGA DOO;04.06.2025;11.06.2025;;;;2633,50;;2508,00;0,00;0,00;0,000000;0,00;D;;;;;0,00;0;;0;;0;;0,00;125,50;;;;
04.06.2025;14:16:11;;;2;000802;REPTIL market-2 (mesara);100;\OR^E;1225;REPTIL DPTU;04.06.2025;04.07.2025;;;;2887,50;;2750,00;0,00;0,00;0,000000;0,00;D;;;;;0,00;0;;0;;0;;0,00;137,50;;;;
05.06.2025;08:49:31;;;2;000803;restoran fotka;100;\OR^E;902;LUKSEMURG KOMERC PERO DOOEL SKOPJE;04.06.2025;11.06.2025;;;;2835,00;;2700,00;0,00;0,00;0,000000;0,00;D;;;;;0,00;0;;0;;0;;0,00;135,00;;;;
05.06.2025;09:13:55;;;9;000045;;100;\OR^E;958;BURGER HAUS DOOEL TETOVO;04.06.2025;04.06.2025;;;;7110,00;;6771,50;0,00;0,00;0,000000;0,00;D;;;;;0,00;0;;0;;0;;0,00;338,50;;;;
05.06.2025;15:21:03;;;2;000804;REPTIL-10 butel;100;\OR^E;1225;REPTIL DPTU;05.06.2025;05.07.2025;;;;4326,00;;4120,00;0,00;0,00;0,000000;0,00;D;;;;;0,00;0;;0;;0;;0,00;206,00;;;;
05.06.2025;15:21:52;;;2;000805;REPTIL-14 lisi^e;100;\OR^E;1225;REPTIL DPTU;05.06.2025;05.07.2025;;;;6153,00;;5860,00;0,00;0,00;0,000000;0,00;D;;;;;0,00;0;;0;;0;;0,00;293,00;;;;
17.06.2025;09:32:24;;;2;000806;;100;\OR^E;1028;MAKROPROM;05.06.2025;12.06.2025;;;;19631,00;;18696,00;0,00;0,00;0,000000;0,00;D;;;;;0,00;0;;0;;0;;0,00;935,00;;;;
05.06.2025;15:25:14;;;2;000807;REPTIL-1 rizveltova;100;\OR^E;1225;REPTIL DPTU;05.06.2025;05.07.2025;;;;8163,00;;7774,50;0,00;0,00;0,000000;0,00;D;;;;;0,00;0;;0;;0;;0,00;388,50;;;;
17.06.2025;09:47:55;;;2;000808;;100;\OR^E;877;INTEGRAL DOOEL;05.06.2025;20.06.2025;;;;8020,50;;7638,00;0,00;0,00;0,000000;0,00;D;;;;;0,00;0;;0;;0;;0,00;382,50;;;;
05.06.2025;15:28:46;;;2;000809;TINEKS aerodrom;100;\OR^E;1201;TINEKS MT;05.06.2025;03.09.2025;;;;4557,00;;4340,00;0,00;0,00;0,000000;0,00;D;;;;;0,00;0;;0;;0;;0,00;217,00;;;;
05.06.2025;15:36:24;;;2;000810;podr.ramstore -11 aerodrom;100;\OR^E;971;RAMSTORE MAKEDONIJA DOO SKOPJE;05.06.2025;04.08.2025;;;;1984,50;;1890,00;0,00;0,00;0,000000;0,00;D;;;;;0,00;0;;0;;0;;0,00;94,50;;;;
05.06.2025;15:37:08;;;2;000811;podr.ramstore city moll;100;\OR^E;971;RAMSTORE MAKEDONIJA DOO SKOPJE;05.06.2025;04.08.2025;;;;1292,00;;1230,50;0,00;0,00;0,000000;0,00;D;;;;;0,00;0;;0;;0;;0,00;61,50;;;;
17.06.2025;09:50:37;;;2;000812;podr.ramstore topansko pole;100;\OR^E;971;RAMSTORE MAKEDONIJA DOO SKOPJE;05.06.2025;04.08.2025;;;;6583,50;;6270,00;0,00;0,00;0,000000;0,00;D;;;;;0,00;0;;0;;0;;0,00;313,50;;;;
23.06.2025;10:00:02;;;2;000813;;100;\OR^E;1434;MARJAN-KOOP DOOEL SKOPJE;09.06.2025;16.06.2025;;;;5436,50;;5177,50;0,00;0,00;0,000000;0,00;D;;;;;0,00;0;;0;;0;;0,00;259,00;;;;
18.07.2025;14:59:09;;;2;000814;;100;\OR^E;160;DOOEL A.M. OHRID;09.06.2025;16.06.2025;;;;8379,00;;7980,00;0,00;0,00;0,000000;0,00;D;;;;;0,00;0;;0;;0;;0,00;399,00;;;;
29.07.2025;10:03:11;;;2;000815;;100;\OR^E;69;UBAC T.P. GOSTILNICA;09.06.2025;16.06.2025;;;;3049,00;;2904,00;0,00;0,00;0,000000;0,00;D;;;;;0,00;0;;0;;0;;0,00;145,00;;;;
09.06.2025;14:42:18;;;2;000816;SUPER TINEKS-15 pra[ka;100;\OR^E;1201;TINEKS MT;09.06.2025;07.09.2025;;;;2522,00;;2402,00;0,00;0,00;0,000000;0,00;D;;;;;0,00;0;;0;;0;;0,00;120,00;;;;
09.06.2025;14:45:07;;;2;000817;ZUR market-20 karpo[-1;100;\OR^E;874;T.D.GRANDPROM ZUR DOO;09.06.2025;09.07.2025;;;;3402,00;;3240,00;0,00;0,00;0,000000;0,00;D;;;;;0,00;0;;0;;0;;0,00;162,00;;;;
09.06.2025;14:47:05;;;2;000818;ZUR market-10 centar;100;\OR^E;74;EURO MARKET-DATI SKOPJE;09.06.2025;09.07.2025;;;;2667,00;;2540,00;0,00;0,00;0,000000;0,00;D;;;;;0,00;0;;0;;0;;0,00;127,00;;;;
09.06.2025;14:47:58;;;2;000819;TINEKS hrom;100;\OR^E;1201;TINEKS MT;09.06.2025;07.09.2025;;;;4775,00;;4547,50;0,00;0,00;0,000000;0,00;D;;;;;0,00;0;;0;;0;;0,00;227,50;;;;
09.06.2025;14:49:04;;;2;000820;;100;\OR^E;160;DOOEL A.M. OHRID;09.06.2025;16.06.2025;;;;37705,50;;35910,00;0,00;0,00;0,000000;0,00;D;;;;;0,00;0;;0;;0;;0,00;1795,50;;;;
11.06.2025;08:51:44;;;2;000821;TINEKS delikatesen(buWakovec);100;\OR^E;1201;TINEKS MT;10.06.2025;08.09.2025;;;;4148,50;;3951,00;0,00;0,00;0,000000;0,00;D;;;;;0,00;0;;0;;0;;0,00;197,50;;;;
11.06.2025;08:50:58;;;2;000822;VERO-2taftalixe;100;\OR^E;1050;VEROPULOS DOOEL SKOPJE;10.06.2025;09.08.2025;;;;3924,00;;3737,50;0,00;0,00;0,000000;0,00;D;;;;;0,00;0;;0;;0;;0,00;186,50;;;;
23.06.2025;10:00:59;;;2;000823;VERO-10 k.voda;100;\OR^E;1050;VEROPULOS DOOEL SKOPJE;10.06.2025;09.08.2025;;;;1323,00;;1260,00;0,00;0,00;0,000000;0,00;D;;;;;0,00;0;;0;;0;;0,00;63,00;;;;
11.06.2025;08:52:59;;;2;000824;VERO-7 gtc;100;\OR^E;1050;VEROPULOS DOOEL SKOPJE;10.06.2025;09.08.2025;;;;1323,00;;1260,00;0,00;0,00;0,000000;0,00;D;;;;;0,00;0;;0;;0;;0,00;63,00;;;;
11.06.2025;08:53:49;;;2;000825;makpetrol;100;\OR^E;1168;TP SENDVI^ARA 7;10.06.2025;17.06.2025;;;;8798,00;;8379,00;0,00;0,00;0,000000;0,00;D;;;;;0,00;0;;0;;0;;0,00;419,00;;;;
11.06.2025;08:54:34;;;2;000826;ZUR market-3 przino;100;\OR^E;874;T.D.GRANDPROM ZUR DOO;10.06.2025;10.07.2025;;;;2157,00;;2054,50;0,00;0,00;0,000000;0,00;D;;;;;0,00;0;;0;;0;;0,00;102,50;;;;
23.06.2025;10:01:51;;;2;000827;ZUR market-6 lisi^e;100;\OR^E;874;T.D.GRANDPROM ZUR DOO;10.06.2025;10.07.2025;;;;4314,00;;4108,50;0,00;0,00;0,000000;0,00;D;;;;;0,00;0;;0;;0;;0,00;205,50;;;;
11.06.2025;08:56:53;;;2;000828;podr.ramstore capitol moll;100;\OR^E;971;RAMSTORE MAKEDONIJA DOO SKOPJE;10.06.2025;09.08.2025;;;;934,50;;890,00;0,00;0,00;0,000000;0,00;D;;;;;0,00;0;;0;;0;;0,00;44,50;;;;
11.06.2025;08:57:26;;;2;000829;gtc;100;\OR^E;1432;RESTORAN KAJ XINO DOOOEL;10.06.2025;17.06.2025;;;;5460,00;;5200,00;0,00;0,00;0,000000;0,00;D;;;;;0,00;0;;0;;0;;0,00;260,00;;;;
16.06.2025;09:28:14;;;2;000830;VERO- n.banka;100;\OR^E;1050;VEROPULOS DOOEL SKOPJE;12.06.2025;11.08.2025;;;;4153,50;;3955,50;0,00;0,00;0,000000;0,00;D;;;;;0,00;0;;0;;0;;0,00;198,00;;;;
16.06.2025;09:28:46;;;2;000831;VERO-13 limak;100;\OR^E;1050;VEROPULOS DOOEL SKOPJE;11.06.2025;10.08.2025;;;;6564,50;;6252,00;0,00;0,00;0,000000;0,00;D;;;;;0,00;0;;0;;0;;0,00;312,50;;;;
12.06.2025;14:23:37;;;2;000832;podr.ramstore city moll;100;\OR^E;971;RAMSTORE MAKEDONIJA DOO SKOPJE;11.06.2025;10.08.2025;;;;5113,50;;4870,00;0,00;0,00;0,000000;0,00;D;;;;;0,00;0;;0;;0;;0,00;243,50;;;;
20.06.2025;09:39:35;;;2;000833;;100;\OR^E;877;INTEGRAL DOOEL;11.06.2025;26.06.2025;;;;11013,00;;10488,00;0,00;0,00;0,000000;0,00;D;;;;;0,00;0;;0;;0;;0,00;525,00;;;;
23.06.2025;10:02:19;;;2;000834;;100;\OR^E;883;SPECIJAL PRODUKT DOOEL;11.06.2025;11.06.2025;;;;47132,00;;44887,50;0,00;0,00;0,000000;0,00;D;;;;;0,00;0;;0;;0;;0,00;2244,50;;;;
12.06.2025;14:24:34;;;2;000835;;100;\OR^E;1028;MAKROPROM;11.06.2025;18.06.2025;;;;96332,00;;91745,00;0,00;0,00;0,000000;0,00;D;;;;;0,00;0;;0;;0;;0,00;4587,00;;;;
21.10.2025;12:14:53;;;2;000836;;100;\OR^E;51;PELISTER SKOPJE DOO;16.06.2025;23.06.2025;;;;21420,00;;20400,00;0,00;0,00;0,000000;0,00;D;;;;;0,00;0;;0;;0;;0,00;1020,00;;;;
16.06.2025;09:31:32;;;2;000837;VERO-4 bitola;100;\OR^E;1050;VEROPULOS DOOEL SKOPJE;12.06.2025;11.08.2025;;;;7115,50;;6776,50;0,00;0,00;0,000000;0,00;D;;;;;0,00;0;;0;;0;;0,00;339,00;;;;
16.06.2025;09:32:29;;;2;000838;REPTIL- radi[ani;100;\OR^E;1225;REPTIL DPTU;12.06.2025;12.07.2025;;;;3654,00;;3480,00;0,00;0,00;0,000000;0,00;D;;;;;0,00;0;;0;;0;;0,00;174,00;;;;
16.06.2025;09:33:05;;;2;000839;;100;\OR^E;1158;SEQ-IS;12.06.2025;19.06.2025;;;;15815,00;;15062,00;0,00;0,00;0,000000;0,00;D;;;;;0,00;0;;0;;0;;0,00;753,00;;;;
18.07.2025;14:57:37;;;2;000840;;100;\OR^E;37;GALEKS RA DOOEL;16.06.2025;23.06.2025;;;;6493,50;;6184,50;0,00;0,00;0,000000;0,00;D;;;;;0,00;0;;0;;0;;0,00;309,00;;;;
16.06.2025;14:13:33;;;2;000841;magacin saraj;100;\OR^E;187;DAUTI-KOMERC KE[&KERI;16.06.2025;16.07.2025;;;;146034,00;;139080,00;0,00;0,00;0,000000;0,00;D;;;;;0,00;0;;0;;0;;0,00;6954,00;;;;
16.06.2025;14:14:25;;;2;000842;aerodrom;100;\OR^E;1168;TP SENDVI^ARA 7;16.06.2025;23.06.2025;;;;13197,00;;12568,50;0,00;0,00;0,000000;0,00;D;;;;;0,00;0;;0;;0;;0,00;628,50;;;;
23.06.2025;10:03:12;;;2;000843;DIM market-4 hrom;100;\OR^E;874;T.D.GRANDPROM ZUR DOO;16.06.2025;16.07.2025;;;;5238,00;;4988,50;0,00;0,00;0,000000;0,00;D;;;;;0,00;0;;0;;0;;0,00;249,50;;;;
16.06.2025;14:16:59;;;2;000844;DIM market-22 gor^e;100;\OR^E;874;T.D.GRANDPROM ZUR DOO;16.06.2025;16.07.2025;;;;3654,00;;3480,00;0,00;0,00;0,000000;0,00;D;;;;;0,00;0;;0;;0;;0,00;174,00;;;;
16.06.2025;14:18:07;;;2;000845;DIM market-7 aerodrom;100;\OR^E;874;T.D.GRANDPROM ZUR DOO;16.06.2025;16.07.2025;;;;6267,00;;5968,50;0,00;0,00;0,000000;0,00;D;;;;;0,00;0;;0;;0;;0,00;298,50;;;;
16.06.2025;14:19:16;;;2;000846;DIM market-14 karpo[-4;100;\OR^E;874;T.D.GRANDPROM ZUR DOO;16.06.2025;16.07.2025;;;;7434,00;;7080,00;0,00;0,00;0,000000;0,00;D;;;;;0,00;0;;0;;0;;0,00;354,00;;;;
23.06.2025;10:04:54;;;2;000847;DIM market-21 voena;100;\OR^E;874;T.D.GRANDPROM ZUR DOO;16.06.2025;16.07.2025;;;;2667,00;;2540,00;0,00;0,00;0,000000;0,00;D;;;;;0,00;0;;0;;0;;0,00;127,00;;;;
23.06.2025;10:04:16;;;2;000848;DIM market-19centar;100;\OR^E;874;T.D.GRANDPROM ZUR DOO;16.06.2025;16.07.2025;;;;3591,00;;3420,00;0,00;0,00;0,000000;0,00;D;;;;;0,00;0;;0;;0;;0,00;171,00;;;;
19.06.2025;07:52:59;;;2;000849;podr.ramstore n.lisi^e;100;\OR^E;971;RAMSTORE MAKEDONIJA DOO SKOPJE;18.06.2025;18.07.2025;;;;4641,00;;4420,00;0,00;0,00;0,000000;0,00;D;;;;;0,00;0;;0;;0;;0,00;221,00;;;;
23.06.2025;10:05:45;;;2;000850;SUPER TINEKS-11 lisa;100;\OR^E;1201;TINEKS MT;17.06.2025;15.09.2025;;;;5516,00;;5253,00;0,00;0,00;0,000000;0,00;D;;;;;0,00;0;;0;;0;;0,00;263,00;;;;
18.06.2025;08:54:51;;;2;000851;VERO-2 taftalixe;100;\OR^E;1050;VEROPULOS DOOEL SKOPJE;17.06.2025;16.08.2025;;;;3051,00;;2906,00;0,00;0,00;0,000000;0,00;D;;;;;0,00;0;;0;;0;;0,00;145,00;;;;
18.06.2025;08:56:37;;;2;000852;GIGO TREJD-5 dra^evo;100;\OR^E;2008;GIGO-TREJD;17.06.2025;24.06.2025;;;;5666,00;;5396,00;0,00;0,00;0,000000;0,00;D;;;;;0,00;0;;0;;0;;0,00;270,00;;;;
18.06.2025;09:05:06;;;2;000853;SUPER TINEKS-16 east gate;100;\OR^E;1201;TINEKS MT;17.06.2025;15.09.2025;;;;5793,00;;5517,00;0,00;0,00;0,000000;0,00;D;;;;;0,00;0;;0;;0;;0,00;276,00;;;;
23.06.2025;10:07:33;;;2;000854;SUPER TINEKS-1 godel;100;\OR^E;1201;TINEKS MT;17.06.2025;15.09.2025;;;;4924,50;;4690,00;0,00;0,00;0,000000;0,00;D;;;;;0,00;0;;0;;0;;0,00;234,50;;;;
23.06.2025;10:07:14;;;2;000855;DIM market-2 k.voda;100;\OR^E;874;T.D.GRANDPROM ZUR DOO;17.06.2025;17.07.2025;;;;5481,00;;5220,00;0,00;0,00;0,000000;0,00;D;;;;;0,00;0;;0;;0;;0,00;261,00;;;;
18.06.2025;09:11:22;;;2;000856;DIM market-3 gazi baba;100;\OR^E;874;T.D.GRANDPROM ZUR DOO;17.06.2025;17.07.2025;;;;9858,00;;9388,50;0,00;0,00;0,000000;0,00;D;;;;;0,00;0;;0;;0;;0,00;469,50;;;;
18.06.2025;09:13:29;;;2;000857;DIM market-18^ento;100;\OR^E;874;T.D.GRANDPROM ZUR DOO;17.06.2025;17.07.2025;;;;4494,00;;4280,00;0,00;0,00;0,000000;0,00;D;;;;;0,00;0;;0;;0;;0,00;214,00;;;;
18.06.2025;09:14:17;;;2;000858;leptokarija;100;\OR^E;1168;TP SENDVI^ARA 7;17.06.2025;24.06.2025;;;;9261,00;;8820,00;0,00;0,00;0,000000;0,00;D;;;;;0,00;0;;0;;0;;0,00;441,00;;;;
18.06.2025;09:15:03;;;2;000859;REPTIL-9 karpo[-3;100;\OR^E;1225;REPTIL DPTU;17.06.2025;17.07.2025;;;;2892,00;;2754,50;0,00;0,00;0,000000;0,00;D;;;;;0,00;0;;0;;0;;0,00;137,50;;;;
18.07.2025;14:58:15;;;2;000860;DIM market-13 kumanovo;100;\OR^E;874;T.D.GRANDPROM ZUR DOO;18.06.2025;18.07.2025;;;;3411,00;;3248,50;0,00;0,00;0,000000;0,00;D;;;;;0,00;0;;0;;0;;0,00;162,50;;;;
20.06.2025;08:29:18;;;2;000861;TINEKS st.televizija;100;\OR^E;1201;TINEKS MT;19.06.2025;17.09.2025;;;;4869,00;;4637,00;0,00;0,00;0,000000;0,00;D;;;;;0,00;0;;0;;0;;0,00;232,00;;;;
20.06.2025;08:27:45;;;2;000862;podr.ramstore vardar;100;\OR^E;971;RAMSTORE MAKEDONIJA DOO SKOPJE;19.06.2025;18.08.2025;;;;4316,00;;4110,50;0,00;0,00;0,000000;0,00;D;;;;;0,00;0;;0;;0;;0,00;205,50;;;;
23.06.2025;10:06:03;;;2;000863;;100;\OR^E;877;INTEGRAL DOOEL;19.06.2025;04.07.2025;;;;12062,50;;11488,50;0,00;0,00;0,000000;0,00;D;;;;;0,00;0;;0;;0;;0,00;574,00;;;;
20.06.2025;08:30:33;;;2;000864;VERO-9 n.banka;100;\OR^E;1050;VEROPULOS DOOEL SKOPJE;19.06.2025;18.08.2025;;;;3924,00;;3737,50;0,00;0,00;0,000000;0,00;D;;;;;0,00;0;;0;;0;;0,00;186,50;;;;
23.06.2025;10:06:54;;;2;000865;SUPER TINEKS-10 cveten pazar;100;\OR^E;1201;TINEKS MT;19.06.2025;17.09.2025;;;;3132,00;;2983,00;0,00;0,00;0,000000;0,00;D;;;;;0,00;0;;0;;0;;0,00;149,00;;;;
20.06.2025;08:32:44;;;2;000866;VERO-3 tetovo;100;\OR^E;1050;VEROPULOS DOOEL SKOPJE;19.06.2025;18.08.2025;;;;4056,50;;3863,50;0,00;0,00;0,000000;0,00;D;;;;;0,00;0;;0;;0;;0,00;193,00;;;;
20.06.2025;08:35:24;;;2;000867;;100;\OR^E;1321;MB-DOO;19.06.2025;26.06.2025;;;;9796,00;;9329,00;0,00;0,00;0,000000;0,00;D;;;;;0,00;0;;0;;0;;0,00;467,00;;;;
20.06.2025;08:38:54;;;2;000868;;100;\OR^E;18;PAKET MARKET DOO-PODRUZNICA;19.06.2025;26.06.2025;;;;2129,50;;2028,00;0,00;0,00;0,000000;0,00;D;;;;;0,00;0;;0;;0;;0,00;101,50;;;;
20.06.2025;08:41:02;;;2;000869;DIM market-1 s.stajkovci;100;\OR^E;74;EURO MARKET-DATI SKOPJE;19.06.2025;19.07.2025;;;;6531,00;;6220,00;0,00;0,00;0,000000;0,00;D;;;;;0,00;0;;0;;0;;0,00;311,00;;;;
20.06.2025;08:44:11;;;2;000870;DIM market-5 dra^evo;100;\OR^E;74;EURO MARKET-DATI SKOPJE;19.06.2025;19.07.2025;;;;3654,00;;3480,00;0,00;0,00;0,000000;0,00;D;;;;;0,00;0;;0;;0;;0,00;174,00;;;;
20.06.2025;08:45:19;;;2;000871;DIM market-8 d.lisi^e;100;\OR^E;874;T.D.GRANDPROM ZUR DOO;19.06.2025;19.07.2025;;;;4314,00;;4108,50;0,00;0,00;0,000000;0,00;D;;;;;0,00;0;;0;;0;;0,00;205,50;;;;
20.06.2025;08:46:35;;;2;000872;DIM market-6 gor^e;100;\OR^E;874;T.D.GRANDPROM ZUR DOO;19.06.2025;19.07.2025;;;;3654,00;;3480,00;0,00;0,00;0,000000;0,00;D;;;;;0,00;0;;0;;0;;0,00;174,00;;;;
20.06.2025;08:47:22;;;2;000873;ZUR mzrket-7 dra^evo;100;\OR^E;874;T.D.GRANDPROM ZUR DOO;19.06.2025;19.07.2025;;;;5481,00;;5220,00;0,00;0,00;0,000000;0,00;D;;;;;0,00;0;;0;;0;;0,00;261,00;;;;
20.06.2025;08:48:04;;;2;000874;ZUR market-1 dra^evo;100;\OR^E;874;T.D.GRANDPROM ZUR DOO;19.06.2025;19.07.2025;;;;9324,00;;8880,00;0,00;0,00;0,000000;0,00;D;;;;;0,00;0;;0;;0;;0,00;444,00;;;;
20.06.2025;08:49:24;;;2;000875;ZUR market-2 dra^evo;100;\OR^E;874;T.D.GRANDPROM ZUR DOO;19.06.2025;19.07.2025;;;;2289,00;;2180,00;0,00;0,00;0,000000;0,00;D;;;;;0,00;0;;0;;0;;0,00;109,00;;;;
26.06.2025;08:20:20;;;2;000876;SUPER TINEKS-17 ilinden;100;\OR^E;1201;TINEKS MT;25.06.2025;23.09.2025;;;;4148,50;;3951,00;0,00;0,00;0,000000;0,00;D;;;;;0,00;0;;0;;0;;0,00;197,50;;;;
20.06.2025;08:50:46;;;2;000877;restoran;100;\OR^E;1168;TP SENDVI^ARA 7;19.06.2025;26.06.2025;;;;4399,00;;4189,50;0,00;0,00;0,000000;0,00;D;;;;;0,00;0;;0;;0;;0,00;209,50;;;;
20.06.2025;08:51:18;;;2;000878;;100;\OR^E;23;KIM DOOEL NEGOTINO;19.06.2025;26.06.2025;;;;15435,00;;14700,00;0,00;0,00;0,000000;0,00;D;;;;;0,00;0;;0;;0;;0,00;735,00;;;;
18.07.2025;14:58:36;;;2;000879;;100;\OR^E;160;DOOEL A.M. OHRID;19.06.2025;26.06.2025;;;;37556,00;;35767,50;0,00;0,00;0,000000;0,00;D;;;;;0,00;0;;0;;0;;0,00;1788,50;;;;
20.06.2025;10:18:25;;;9;000046;;100;\OR^E;1423;GRADOTE DOOEL;19.06.2025;19.06.2025;;;;1365,00;;1300,00;0,00;0,00;0,000000;0,00;D;;;;;0,00;0;;0;;0;;0,00;65,00;;;;
23.06.2025;10:16:16;;;2;000880;podr.ramstore star aerodrom;100;\OR^E;971;RAMSTORE MAKEDONIJA DOO SKOPJE;20.06.2025;19.08.2025;;;;3129,00;;2980,00;0,00;0,00;0,000000;0,00;D;;;;;0,00;0;;0;;0;;0,00;149,00;;;;
23.06.2025;14:17:50;;;2;000881;TINEKS k.voda-2 (kino);100;\OR^E;1201;TINEKS MT;23.06.2025;21.09.2025;;;;4010,50;;3819,50;0,00;0,00;0,000000;0,00;D;;;;;0,00;0;;0;;0;;0,00;191,00;;;;
23.06.2025;14:18:29;;;2;000882;REPTIL-25 bardovci;100;\OR^E;1225;REPTIL DPTU;23.06.2025;23.07.2025;;;;3780,00;;3600,00;0,00;0,00;0,000000;0,00;D;;;;;0,00;0;;0;;0;;0,00;180,00;;;;
27.06.2025;09:20:19;;;2;000883;REPTI market-17 kozle;100;\OR^E;1225;REPTIL DPTU;26.06.2025;26.07.2025;;;;4575,00;;4357,00;0,00;0,00;0,000000;0,00;D;;;;;0,00;0;;0;;0;;0,00;218,00;;;;
23.06.2025;14:20:48;;;2;000884;VERO-5 centar;100;\OR^E;1050;VEROPULOS DOOEL SKOPJE;23.06.2025;22.08.2025;;;;2904,00;;2766,00;0,00;0,00;0,000000;0,00;D;;;;;0,00;0;;0;;0;;0,00;138,00;;;;
26.06.2025;08:36:38;;;2;000885;SUPER TINEKS-4 kon^ar;100;\OR^E;1201;TINEKS MT;23.06.2025;21.09.2025;;;;2263,50;;2156,00;0,00;0,00;0,000000;0,00;D;;;;;0,00;0;;0;;0;;0,00;107,50;;;;
26.06.2025;08:28:53;;;2;000886;VERO- n.banka;100;\OR^E;1050;VEROPULOS DOOEL SKOPJE;24.06.2025;23.08.2025;;;;17850,00;;17000,00;0,00;0,00;0,000000;0,00;D;;;;;0,00;0;;0;;0;;0,00;850,00;;;;
26.06.2025;08:32:00;;;2;000887;VERO-2 taftalixe;100;\OR^E;1050;VEROPULOS DOOEL SKOPJE;24.06.2025;23.08.2025;;;;2160,50;;2057,50;0,00;0,00;0,000000;0,00;D;;;;;0,00;0;;0;;0;;0,00;103,00;;;;
26.06.2025;08:33:44;;;2;000888;VERO-7 gtc;100;\OR^E;1050;VEROPULOS DOOEL SKOPJE;24.06.2025;23.08.2025;;;;3729,50;;3552,00;0,00;0,00;0,000000;0,00;D;;;;;0,00;0;;0;;0;;0,00;177,50;;;;
27.06.2025;09:19:08;;;2;000889;ZUR market-4 mi^urin;100;\OR^E;874;T.D.GRANDPROM ZUR DOO;24.06.2025;24.07.2025;;;;2709,00;;2580,00;0,00;0,00;0,000000;0,00;D;;;;;0,00;0;;0;;0;;0,00;129,00;;;;
26.06.2025;08:37:47;;;2;000890;VERO-10 k.voda;100;\OR^E;1050;VEROPULOS DOOEL SKOPJE;24.06.2025;23.08.2025;;;;1666,50;;1587,00;0,00;0,00;0,000000;0,00;D;;;;;0,00;0;;0;;0;;0,00;79,50;;;;
25.06.2025;12:52:12;;;9;000047;;100;\OR^E;8;RESTORAN FA-FA SKOPJE;24.06.2025;24.06.2025;;;;4200,00;;4000,00;0,00;0,00;0,000000;0,00;D;;;;;0,00;0;;0;;0;;0,00;200,00;;;;
26.06.2025;09:54:38;;;9;000048;;100;\OR^E;1;ZORAN BITOLA;25.06.2025;10.07.2025;;;;6720,00;;6400,00;0,00;0,00;0,000000;0,00;D;;;;;0,00;0;;0;;0;;0,00;320,00;;;;
02.07.2025;14:21:37;;;2;000891;TINEKS vodno (delikatesen);100;\OR^E;1201;TINEKS MT;02.07.2025;30.09.2025;;;;4666,00;;4443,50;0,00;0,00;0,000000;0,00;D;;;;;0,00;0;;0;;0;;0,00;222,50;;;;
24.07.2025;13:22:16;;;2;000892;;100;\OR^E;63;DERVENT PRODUKT DOOEL SKOPJE;25.06.2025;02.07.2025;;;;13197,00;;12568,50;0,00;0,00;0,000000;0,00;D;;;;;0,00;0;;0;;0;;0,00;628,50;;;;
26.06.2025;08:47:13;;;2;000893;ambasada;100;\OR^E;1168;TP SENDVI^ARA 7;25.06.2025;02.07.2025;;;;8798,00;;8379,00;0,00;0,00;0,000000;0,00;D;;;;;0,00;0;;0;;0;;0,00;419,00;;;;
26.06.2025;08:55:52;;;2;000894;bife;100;\OR^E;1331;PEKABESKO A.D.-SKOPJE;25.06.2025;02.07.2025;;;;10795,00;;10281,50;0,00;0,00;0,000000;0,00;D;;;;;0,00;0;;0;;0;;0,00;513,50;;;;
15.08.2025;11:30:44;;;2;000895;proizvodstvo;100;\OR^E;1331;PEKABESKO A.D.-SKOPJE;25.06.2025;02.07.2025;;;;4410,00;;4200,00;0,00;0,00;0,000000;0,00;D;;;;;0,00;0;;0;;0;;0,00;210,00;;;;
26.06.2025;09:55:00;;;9;000049;;100;\OR^E;892;[AMPION-1 GORAN^E TP BUREKXILNICA;26.06.2025;26.06.2025;;;;2500,00;;2381,00;0,00;0,00;0,000000;0,00;D;;;;;0,00;0;;0;;0;;0,00;119,00;;;;
26.06.2025;10:58:35;;;9;000050;;100;\OR^E;1005;AFRO-KOM SKOPJE;26.06.2025;26.06.2025;;;;15600,00;;14857,00;0,00;0,00;0,000000;0,00;D;;;;;0,00;0;;0;;0;;0,00;743,00;;;;
27.06.2025;09:23:26;;;2;000896;VERO-12 karpo[-4;100;\OR^E;1050;VEROPULOS DOOEL SKOPJE;26.06.2025;25.08.2025;;;;5132,00;;4888,00;0,00;0,00;0,000000;0,00;D;;;;;0,00;0;;0;;0;;0,00;244,00;;;;
27.06.2025;09:25:03;;;2;000897;SUPER TINEKS-2 zebra;100;\OR^E;1201;TINEKS MT;26.06.2025;24.09.2025;;;;1908,00;;1817,50;0,00;0,00;0,000000;0,00;D;;;;;0,00;0;;0;;0;;0,00;90,50;;;;
27.06.2025;09:26:16;;;2;000898;REPTIL-1 vlae;100;\OR^E;1225;REPTIL DPTU;26.06.2025;26.07.2025;;;;2487,00;;2368,50;0,00;0,00;0,000000;0,00;D;;;;;0,00;0;;0;;0;;0,00;118,50;;;;
27.06.2025;09:26:55;;;2;000899;rabotilnica;100;\OR^E;1168;TP SENDVI^ARA 7;26.06.2025;03.07.2025;;;;21995,00;;20947,50;0,00;0,00;0,000000;0,00;D;;;;;0,00;0;;0;;0;;0,00;1047,50;;;;
27.06.2025;09:29:29;;;9;000051;;100;\OR^E;73;DONER NEAT SARAJ;27.06.2025;27.06.2025;;;;2205,00;;2100,00;0,00;0,00;0,000000;0,00;D;;;;;0,00;0;;0;;0;;0,00;105,00;;;;
27.06.2025;09:52:36;;;2;000900;;100;\OR^E;1328;BONTE KOMPANI;27.06.2025;04.07.2025;;;;23940,00;;22800,00;0,00;0,00;0,000000;0,00;D;;;;;0,00;0;;0;;0;;0,00;1140,00;;;;
30.06.2025;14:39:55;;;2;000901;;100;\OR^E;1213;ADRIJUS D.O.O.;30.06.2025;07.07.2025;;;;219031,00;;208601,00;0,00;0,00;0,000000;0,00;D;;;;;0,00;0;;0;;0;;0,00;10430,00;;;;
14.07.2025;13:49:50;;;5;000085;;100;\OR^E;100;MAGACIN \OR^E;30.06.2025;30.06.2025;;;;;;0,00;0,00;0,00;1,000000;0,00;;;;;;0,00;0;;0;;0;;0,00;0,00;;;;
04.07.2025;08:37:28;;;2;000902;ZUR market-14 maxari;100;\OR^E;874;T.D.GRANDPROM ZUR DOO;03.07.2025;02.08.2025;;;;3654,00;;3480,00;0,00;0,00;0,000000;0,00;D;;;;;0,00;0;;0;;0;;0,00;174,00;;;;
02.07.2025;14:28:42;;;2;000903;mesara buWakovec;100;\OR^E;895;TEOSA KOMPANI DOOEL SKOPJE;30.06.2025;07.07.2025;;;;10913,00;;10393,00;0,00;0,00;0,000000;0,00;D;;;;;0,00;0;;0;;0;;0,00;520,00;;;;
02.07.2025;14:26:15;;;2;000904;SUPER TINEKS-2 zebra;100;\OR^E;1201;TINEKS MT;30.06.2025;28.09.2025;;;;2661,00;;2534,00;0,00;0,00;0,000000;0,00;D;;;;;0,00;0;;0;;0;;0,00;127,00;;;;
15.07.2025;10:54:50;;;9;000052;;100;\OR^E;828;ISBS DOOEL SKOPJE;02.07.2025;02.07.2025;;;;7800,00;;7428,50;0,00;0,00;0,000000;0,00;D;;;;;0,00;0;;0;;0;;0,00;371,50;;;;
04.07.2025;08:37:47;;;2;000905;VERO-7 gtc;100;\OR^E;1050;VEROPULOS DOOEL SKOPJE;02.07.2025;31.08.2025;;;;4453,50;;4241,50;0,00;0,00;0,000000;0,00;D;;;;;0,00;0;;0;;0;;0,00;212,00;;;;
04.07.2025;08:39:00;;;2;000906;VERO-2 taftalixe;100;\OR^E;1050;VEROPULOS DOOEL SKOPJE;03.07.2025;01.09.2025;;;;3166,00;;3015,50;0,00;0,00;0,000000;0,00;D;;;;;0,00;0;;0;;0;;0,00;150,50;;;;
04.07.2025;14:42:17;;;2;000907;podr.ramstore city moll;100;\OR^E;971;RAMSTORE MAKEDONIJA DOO SKOPJE;03.07.2025;01.09.2025;;;;3980,50;;3791,00;0,00;0,00;0,000000;0,00;D;;;;;0,00;0;;0;;0;;0,00;189,50;;;;
02.07.2025;14:34:08;;;2;000908;VERO-13 limak;100;\OR^E;1050;VEROPULOS DOOEL SKOPJE;02.07.2025;31.08.2025;;;;1799,00;;1713,50;0,00;0,00;0,000000;0,00;D;;;;;0,00;0;;0;;0;;0,00;85,50;;;;
02.07.2025;14:35:59;;;2;000909;VERO-9 n.banka;100;\OR^E;1050;VEROPULOS DOOEL SKOPJE;02.07.2025;31.08.2025;;;;3465,50;;3300,50;0,00;0,00;0,000000;0,00;D;;;;;0,00;0;;0;;0;;0,00;165,00;;;;
02.07.2025;14:36:41;;;2;000910;;100;\OR^E;1028;MAKROPROM;02.07.2025;09.07.2025;;;;15561,00;;14820,00;0,00;0,00;0,000000;0,00;D;;;;;0,00;0;;0;;0;;0,00;741,00;;;;
02.07.2025;14:37:11;;;2;000911;;100;\OR^E;1095;BOMAGO;02.07.2025;09.07.2025;;;;15561,00;;14820,00;0,00;0,00;0,000000;0,00;D;;;;;0,00;0;;0;;0;;0,00;741,00;;;;
02.07.2025;14:37:39;;;2;000912;;100;\OR^E;165;MRE@A DOO;02.07.2025;09.07.2025;;;;80199,00;;76380,00;0,00;0,00;0,000000;0,00;D;;;;;0,00;0;;0;;0;;0,00;3819,00;;;;
04.07.2025;08:41:37;;;2;000913;SUPER TINEKS-3 prvomajska;100;\OR^E;1201;TINEKS MT;02.07.2025;30.09.2025;;;;5026,00;;4786,50;0,00;0,00;0,000000;0,00;D;;;;;0,00;0;;0;;0;;0,00;239,50;;;;
04.07.2025;14:40:20;;;2;000914;VERO-8 ^air;100;\OR^E;1050;VEROPULOS DOOEL SKOPJE;03.07.2025;01.09.2025;;;;4656,00;;4434,50;0,00;0,00;0,000000;0,00;D;;;;;0,00;0;;0;;0;;0,00;221,50;;;;
04.07.2025;14:46:08;;;2;000915;la puerta aerodrom;100;\OR^E;32;PI ES DVA DOOOEL SKOPJE;03.07.2025;10.07.2025;;;;2971,00;;2829,50;0,00;0,00;0,000000;0,00;D;;;;;0,00;0;;0;;0;;0,00;141,50;;;;
04.07.2025;08:47:37;;;2;000916;ZUR-8 lisi^e;100;\OR^E;874;T.D.GRANDPROM ZUR DOO;03.07.2025;02.08.2025;;;;3654,00;;3480,00;0,00;0,00;0,000000;0,00;D;;;;;0,00;0;;0;;0;;0,00;174,00;;;;
04.07.2025;08:48:39;;;2;000917;orka holding n.ilinnden;100;\OR^E;908;OK RESTORANTS & BARS DOOEL;03.07.2025;10.07.2025;;;;4630,50;;4410,00;0,00;0,00;0,000000;0,00;D;;;;;0,00;0;;0;;0;;0,00;220,50;;;;
04.07.2025;08:49:23;;;2;000918;ZUR MARKET-1 s.zelenikovo;100;\OR^E;874;T.D.GRANDPROM ZUR DOO;03.07.2025;02.08.2025;;;;3984,00;;3794,00;0,00;0,00;0,000000;0,00;D;;;;;0,00;0;;0;;0;;0,00;190,00;;;;
04.08.2025;13:06:08;;;2;000919;podr.ramstore struga;100;\OR^E;971;RAMSTORE MAKEDONIJA DOO SKOPJE;03.07.2025;01.09.2025;;;;5995,50;;5710,00;0,00;0,00;0,000000;0,00;D;;;;;0,00;0;;0;;0;;0,00;285,50;;;;
04.07.2025;14:43:33;;;2;000920;VERO-1 aerodrom;100;\OR^E;1050;VEROPULOS DOOEL SKOPJE;04.07.2025;02.09.2025;;;;2160,50;;2057,50;0,00;0,00;0,000000;0,00;D;;;;;0,00;0;;0;;0;;0,00;103,00;;;;
04.07.2025;14:45:01;;;2;000921;la puerta gtc;100;\OR^E;24;PLANET PI ES DOOOEL;04.07.2025;11.07.2025;;;;2425,50;;2310,00;0,00;0,00;0,000000;0,00;D;;;;;0,00;0;;0;;0;;0,00;115,50;;;;
04.07.2025;14:47:06;;;2;000922;forca fiuzn;100;\OR^E;1431;VAJNMASTERS DOO SKOPJE;04.07.2025;11.07.2025;;;;1785,00;;1700,00;0,00;0,00;0,000000;0,00;D;;;;;0,00;0;;0;;0;;0,00;85,00;;;;
04.07.2025;14:47:55;;;2;000923;restoran debar maalo;100;\OR^E;44;DEKSION KO ZLATKO DOOOEL;04.07.2025;11.07.2025;;;;13671,00;;13020,00;0,00;0,00;0,000000;0,00;D;;;;;0,00;0;;0;;0;;0,00;651,00;;;;
04.07.2025;14:49:36;;;2;000924;REPTIL market3 k.voda;100;\OR^E;1225;REPTIL DPTU;04.07.2025;03.08.2025;;;;4860,00;;4628,50;0,00;0,00;0,000000;0,00;D;;;;;0,00;0;;0;;0;;0,00;231,50;;;;
04.07.2025;14:50:01;;;2;000925;REPTIL market-10 butel;100;\OR^E;1225;REPTIL DPTU;04.07.2025;03.08.2025;;;;4200,00;;4000,00;0,00;0,00;0,000000;0,00;D;;;;;0,00;0;;0;;0;;0,00;200,00;;;;
16.07.2025;08:06:49;;;2;000926;Vajn Masters DOO Skopje;100;\OR^E;1431;VAJNMASTERS DOO SKOPJE;05.07.2025;12.07.2025;;;;1785,00;;1700,00;0,00;0,00;0,000000;0,00;D;;;;;0,00;0;;0;;0;;0,00;85,00;;;;
14.07.2025;12:39:10;;;2;000927;Ramstore Kapitol Mol;100;\OR^E;971;RAMSTORE MAKEDONIJA DOO SKOPJE;08.07.2025;22.08.2025;;;;2457,00;;2340,00;0,00;0,00;0,000000;0,00;D;;;;;0,00;0;;0;;0;;0,00;117,00;;;;
14.07.2025;13:20:00;;;2;000928;Tineks Delikatesen Beko;100;\OR^E;1201;TINEKS MT;08.07.2025;06.09.2025;;;;1746,00;;1663,00;0,00;0,00;0,000000;0,00;D;;;;;0,00;0;;0;;0;;0,00;83,00;;;;
14.07.2025;13:22:05;;;2;000929;Super Tinex Lisa;100;\OR^E;1201;TINEKS MT;08.07.2025;06.09.2025;;;;4112,00;;3916,00;0,00;0,00;0,000000;0,00;D;;;;;0,00;0;;0;;0;;0,00;196,00;;;;
14.07.2025;13:30:19;;;2;000930;Ramstore Topansko Pole;100;\OR^E;971;RAMSTORE MAKEDONIJA DOO SKOPJE;10.07.2025;24.08.2025;;;;1365,50;;1300,00;0,00;0,00;0,000000;0,00;D;;;;;0,00;0;;0;;0;;0,00;65,50;;;;
14.07.2025;13:35:35;;;2;000931;Sendvicara-7 Makpetrol;100;\OR^E;1168;TP SENDVI^ARA 7;08.07.2025;23.07.2025;;;;8798,00;;8379,00;0,00;0,00;0,000000;0,00;D;;;;;0,00;0;;0;;0;;0,00;419,00;;;;
14.07.2025;13:37:15;;;2;000932;Zur br.21 Gjorce;100;\OR^E;874;T.D.GRANDPROM ZUR DOO;08.07.2025;07.08.2025;;;;3654,00;;3480,00;0,00;0,00;0,000000;0,00;D;;;;;0,00;0;;0;;0;;0,00;174,00;;;;
14.07.2025;13:38:26;;;2;000933;Reptil-19 Avtokomanda;100;\OR^E;1225;REPTIL DPTU;08.07.2025;07.08.2025;;;;1827,00;;1740,00;0,00;0,00;0,000000;0,00;D;;;;;0,00;0;;0;;0;;0,00;87,00;;;;
14.07.2025;13:39:32;;;2;000934;Makroprom;100;\OR^E;1028;MAKROPROM;08.07.2025;15.07.2025;;;;33276,50;;31692,00;0,00;0,00;0,000000;0,00;D;;;;;0,00;0;;0;;0;;0,00;1584,50;;;;
14.07.2025;13:43:05;;;2;000935;Super Tineks Godel;100;\OR^E;1201;TINEKS MT;08.07.2025;06.09.2025;;;;2504,00;;2384,50;0,00;0,00;0,000000;0,00;D;;;;;0,00;0;;0;;0;;0,00;119,50;;;;
14.07.2025;13:45:36;;;2;000936;Ramstore Taftalidze;100;\OR^E;971;RAMSTORE MAKEDONIJA DOO SKOPJE;08.07.2025;22.08.2025;;;;1323,00;;1260,00;0,00;0,00;0,000000;0,00;D;;;;;0,00;0;;0;;0;;0,00;63,00;;;;
14.07.2025;13:53:19;;;2;000937;Dervent Promet Zelino;100;\OR^E;1020;DERVENT PROMET;08.07.2025;15.07.2025;;;;18119,00;;17256,50;0,00;0,00;0,000000;0,00;D;;;;;0,00;0;;0;;0;;0,00;862,50;;;;
14.07.2025;13:53:03;;;5;000086;;100;\OR^E;100;MAGACIN \OR^E;08.07.2025;23.07.2025;;;;;;0,00;0,00;0,00;1,000000;0,00;;;;;;0,00;0;;0;;0;;0,00;0,00;;;;
14.07.2025;13:55:35;;;2;000938;Gigo Trejd-4 Radisani;100;\OR^E;2008;GIGO-TREJD;09.07.2025;16.07.2025;;;;11271,50;;10735,00;0,00;0,00;0,000000;0,00;D;;;;;0,00;0;;0;;0;;0,00;536,50;;;;
14.07.2025;13:58:37;;;2;000939;Vero 2 Taftalidze;100;\OR^E;1050;VEROPULOS DOOEL SKOPJE;10.07.2025;08.09.2025;;;;4999,50;;4761,50;0,00;0,00;0,000000;0,00;D;;;;;0,00;0;;0;;0;;0,00;238,00;;;;
14.07.2025;14:00:04;;;2;000940;Dauti Komerc;100;\OR^E;187;DAUTI-KOMERC KE[&KERI;10.07.2025;09.08.2025;;;;143640,00;;136800,00;0,00;0,00;0,000000;0,00;D;;;;;0,00;0;;0;;0;;0,00;6840,00;;;;
14.07.2025;14:02:25;;;2;000941;Reptil-8 Radisani;100;\OR^E;1225;REPTIL DPTU;10.07.2025;09.08.2025;;;;6573,00;;6260,00;0,00;0,00;0,000000;0,00;D;;;;;0,00;0;;0;;0;;0,00;313,00;;;;
14.07.2025;14:04:48;;;2;000942;Vero 13 Limak;100;\OR^E;1050;VEROPULOS DOOEL SKOPJE;10.07.2025;08.09.2025;;;;2495,50;;2376,50;0,00;0,00;0,000000;0,00;D;;;;;0,00;0;;0;;0;;0,00;119,00;;;;
14.07.2025;14:06:19;;;2;000943;Super Tineks 10 Cveten;100;\OR^E;1201;TINEKS MT;10.07.2025;08.09.2025;;;;2365,00;;2252,50;0,00;0,00;0,000000;0,00;D;;;;;0,00;0;;0;;0;;0,00;112,50;;;;
14.07.2025;14:11:44;;;2;000944;Orion Komerc DOOEL;100;\OR^E;1265;ORION KOMERC;10.07.2025;17.07.2025;;;;46743,00;;44517,00;0,00;0,00;0,000000;0,00;D;;;;;0,00;0;;0;;0;;0,00;2226,00;;;;
14.07.2025;14:11:30;;;5;000087;;100;\OR^E;100;MAGACIN \OR^E;10.07.2025;25.07.2025;;;;;;0,00;0,00;0,00;1,000000;0,00;;;;;;0,00;0;;0;;0;;0,00;0,00;;;;
14.07.2025;14:13:06;;;2;000945;Gigo Trejd Gjorce;100;\OR^E;2008;GIGO-TREJD;10.07.2025;17.07.2025;;;;5703,50;;5431,50;0,00;0,00;0,000000;0,00;D;;;;;0,00;0;;0;;0;;0,00;272,00;;;;
15.07.2025;10:28:55;;;2;000946;Burger Slat;100;\OR^E;15;LILIAN MONTING DOOEL SKOPJE;10.07.2025;17.07.2025;;;;6930,00;;6600,00;0,00;0,00;0,000000;0,00;D;;;;;0,00;0;;0;;0;;0,00;330,00;;;;
14.07.2025;14:16:50;;;2;000947;Vero-11 Tetovo;100;\OR^E;1050;VEROPULOS DOOEL SKOPJE;10.07.2025;08.09.2025;;;;5264,50;;5014,00;0,00;0,00;0,000000;0,00;D;;;;;0,00;0;;0;;0;;0,00;250,50;;;;
22.08.2025;14:24:32;;;2;000948;Tineks Piom;100;\OR^E;1201;TINEKS MT;11.07.2025;09.09.2025;;;;5378,00;;5121,50;0,00;0,00;0,000000;0,00;D;;;;;0,00;0;;0;;0;;0,00;256,50;;;;
14.07.2025;14:20:56;;;2;000949;A.M. DOOEL Ohrid;100;\OR^E;160;DOOEL A.M. OHRID;11.07.2025;18.07.2025;;;;32992,00;;31421,00;0,00;0,00;0,000000;0,00;D;;;;;0,00;0;;0;;0;;0,00;1571,00;;;;
15.07.2025;10:28:21;;;2;000950;Reptil br. 17;100;\OR^E;1225;REPTIL DPTU;11.07.2025;10.08.2025;;;;3654,00;;3480,00;0,00;0,00;0,000000;0,00;D;;;;;0,00;0;;0;;0;;0,00;174,00;;;;
15.07.2025;10:58:21;;;9;000053;;100;\OR^E;20;FISH CHIPS;10.07.2025;10.07.2025;;;;2823,00;;2688,50;0,00;0,00;0,000000;0,00;D;;;;;0,00;0;;0;;0;;0,00;134,50;;;;
18.07.2025;08:34:04;;;9;000054;;100;\OR^E;8;RESTORAN FA-FA SKOPJE;11.07.2025;11.07.2025;;;;4200,00;;4000,00;0,00;0,00;0,000000;0,00;D;;;;;0,00;0;;0;;0;;0,00;200,00;;;;
17.07.2025;10:07:40;;;2;000951;VERO-2 taftalixe;100;\OR^E;1050;VEROPULOS DOOEL SKOPJE;16.07.2025;14.09.2025;;;;5723,00;;5451,00;0,00;0,00;0,000000;0,00;D;;;;;0,00;0;;0;;0;;0,00;272,00;;;;
17.07.2025;10:08:43;;;2;000952;;100;\OR^E;914;SONJA ISAEVA;16.07.2025;16.07.2025;;;;677,00;;645,00;0,00;0,00;0,000000;0,00;D;;;;;0,00;0;;0;;0;;0,00;32,00;;;;
17.07.2025;10:10:13;;;2;000953;east gate;100;\OR^E;60;BEJKING BREAD IST GEJT SKOPJE;16.07.2025;23.07.2025;;;;1638,00;;1560,00;0,00;0,00;0,000000;0,00;D;;;;;0,00;0;;0;;0;;0,00;78,00;;;;
17.07.2025;10:12:15;;;2;000954;SUPER TINEKS-16 east gate;100;\OR^E;1201;TINEKS MT;16.07.2025;14.10.2025;;;;1293,50;;1232,00;0,00;0,00;0,000000;0,00;D;;;;;0,00;0;;0;;0;;0,00;61,50;;;;
17.07.2025;10:13:34;;;2;000955;SUPER TINEKS-2 zebra;100;\OR^E;1201;TINEKS MT;16.07.2025;14.10.2025;;;;4361,50;;4153,50;0,00;0,00;0,000000;0,00;D;;;;;0,00;0;;0;;0;;0,00;208,00;;;;
17.07.2025;10:14:56;;;2;000956;leptokarija;100;\OR^E;1168;TP SENDVI^ARA 7;16.07.2025;23.07.2025;;;;8798,00;;8379,00;0,00;0,00;0,000000;0,00;D;;;;;0,00;0;;0;;0;;0,00;419,00;;;;
18.07.2025;08:12:53;;;2;000957;VERO-4 bitola;100;\OR^E;1050;VEROPULOS DOOEL SKOPJE;17.07.2025;15.09.2025;;;;5538,50;;5275,00;0,00;0,00;0,000000;0,00;D;;;;;0,00;0;;0;;0;;0,00;263,50;;;;
17.07.2025;10:19:39;;;2;000958;podr.ramstore city moll;100;\OR^E;971;RAMSTORE MAKEDONIJA DOO SKOPJE;16.07.2025;14.09.2025;;;;6856,50;;6530,00;0,00;0,00;0,000000;0,00;D;;;;;0,00;0;;0;;0;;0,00;326,50;;;;
17.07.2025;10:27:37;;;2;000959;TINEKS gor^e;100;\OR^E;1201;TINEKS MT;16.07.2025;14.10.2025;;;;5378,00;;5121,50;0,00;0,00;0,000000;0,00;D;;;;;0,00;0;;0;;0;;0,00;256,50;;;;
17.07.2025;10:28:34;;;2;000960;podr.ramstore-11 aerodrom;100;\OR^E;971;RAMSTORE MAKEDONIJA DOO SKOPJE;16.07.2025;14.09.2025;;;;1408,00;;1341,00;0,00;0,00;0,000000;0,00;D;;;;;0,00;0;;0;;0;;0,00;67,00;;;;
17.07.2025;10:32:09;;;2;000961;TINEKS aerodrom;100;\OR^E;1201;TINEKS MT;16.07.2025;14.10.2025;;;;3493,00;;3326,50;0,00;0,00;0,000000;0,00;D;;;;;0,00;0;;0;;0;;0,00;166,50;;;;
01.09.2025;10:50:26;;;2;000962;;100;\OR^E;57;NOA GIRADIKO SKOPJE;16.07.2025;23.07.2025;;;;4520,00;;4305,00;0,00;0,00;0,000000;0,00;D;;;;;0,00;0;;0;;0;;0,00;215,00;;;;
18.07.2025;08:14:00;;;2;000963;VERO- n.banka;100;\OR^E;1050;VEROPULOS DOOEL SKOPJE;17.07.2025;15.09.2025;;;;2997,50;;2855,00;0,00;0,00;0,000000;0,00;D;;;;;0,00;0;;0;;0;;0,00;142,50;;;;
18.07.2025;08:14:24;;;2;000964;ZUR market-1 rasadnik;100;\OR^E;874;T.D.GRANDPROM ZUR DOO;16.07.2025;15.08.2025;;;;4734,00;;4509,00;0,00;0,00;0,000000;0,00;D;;;;;0,00;0;;0;;0;;0,00;225,00;;;;
18.07.2025;08:14:40;;;2;000965;VERO-6 bitola;100;\OR^E;1050;VEROPULOS DOOEL SKOPJE;17.07.2025;15.09.2025;;;;3394,50;;3233,00;0,00;0,00;0,000000;0,00;D;;;;;0,00;0;;0;;0;;0,00;161,50;;;;
18.07.2025;15:03:03;;;2;000966;;100;\OR^E;37;GALEKS RA DOOEL;17.07.2025;24.07.2025;;;;6835,50;;6510,00;0,00;0,00;0,000000;0,00;D;;;;;0,00;0;;0;;0;;0,00;325,50;;;;
18.07.2025;15:03:33;;;2;000967;TINEKS centar-2;100;\OR^E;1201;TINEKS MT;17.07.2025;15.10.2025;;;;4629,50;;4409,00;0,00;0,00;0,000000;0,00;D;;;;;0,00;0;;0;;0;;0,00;220,50;;;;
18.07.2025;15:03:39;;;2;000968;;100;\OR^E;156;BOSA DVA;17.07.2025;24.07.2025;;;;6535,50;;6224,50;0,00;0,00;0,000000;0,00;D;;;;;0,00;0;;0;;0;;0,00;311,00;;;;
18.07.2025;15:03:53;;;2;000969;rabotilnica;100;\OR^E;1168;TP SENDVI^ARA 7;17.07.2025;24.07.2025;;;;10997,00;;10473,50;0,00;0,00;0,000000;0,00;D;;;;;0,00;0;;0;;0;;0,00;523,50;;;;
18.07.2025;08:33:54;;;9;000055;;100;\OR^E;73;DONER NEAT SARAJ;18.07.2025;18.07.2025;;;;2205,00;;2100,00;0,00;0,00;0,000000;0,00;D;;;;;0,00;0;;0;;0;;0,00;105,00;;;;
18.07.2025;15:05:21;;;2;000970;DIM market-3 gazi baba;100;\OR^E;874;T.D.GRANDPROM ZUR DOO;18.07.2025;17.08.2025;;;;6141,00;;5848,50;0,00;0,00;0,000000;0,00;D;;;;;0,00;0;;0;;0;;0,00;292,50;;;;
18.07.2025;15:06:00;;;2;000971;DIM market-4 hrom;100;\OR^E;874;T.D.GRANDPROM ZUR DOO;18.07.2025;17.08.2025;;;;1827,00;;1740,00;0,00;0,00;0,000000;0,00;D;;;;;0,00;0;;0;;0;;0,00;87,00;;;;
18.07.2025;15:06:40;;;2;000972;DIM market-14 karpo[-4;100;\OR^E;874;T.D.GRANDPROM ZUR DOO;18.07.2025;17.08.2025;;;;7065,00;;6728,50;0,00;0,00;0,000000;0,00;D;;;;;0,00;0;;0;;0;;0,00;336,50;;;;
18.07.2025;15:07:58;;;2;000973;DIM market-17 singelik;100;\OR^E;874;T.D.GRANDPROM ZUR DOO;18.07.2025;17.08.2025;;;;5607,00;;5340,00;0,00;0,00;0,000000;0,00;D;;;;;0,00;0;;0;;0;;0,00;267,00;;;;
18.07.2025;15:09:36;;;2;000974;DIM market-18 singelik;100;\OR^E;874;T.D.GRANDPROM ZUR DOO;18.07.2025;17.08.2025;;;;8232,00;;7840,00;0,00;0,00;0,000000;0,00;D;;;;;0,00;0;;0;;0;;0,00;392,00;;;;
18.07.2025;15:10:11;;;2;000975;DIM market-21 v.bolnica;100;\OR^E;874;T.D.GRANDPROM ZUR DOO;18.07.2025;17.08.2025;;;;1827,00;;1740,00;0,00;0,00;0,000000;0,00;D;;;;;0,00;0;;0;;0;;0,00;87,00;;;;
18.07.2025;15:10:44;;;2;000976;DIM market-22 gor^e;100;\OR^E;874;T.D.GRANDPROM ZUR DOO;18.07.2025;17.08.2025;;;;3327,00;;3168,50;0,00;0,00;0,000000;0,00;D;;;;;0,00;0;;0;;0;;0,00;158,50;;;;
18.07.2025;15:11:32;;;2;000977;GIGO TREJD-4 radi[ami;100;\OR^E;2008;GIGO-TREJD;18.07.2025;25.07.2025;;;;7062,50;;6726,00;0,00;0,00;0,000000;0,00;D;;;;;0,00;0;;0;;0;;0,00;336,50;;;;
18.07.2025;15:12:11;;;2;000978;TINEKS karpo[-3;100;\OR^E;1201;TINEKS MT;18.07.2025;16.10.2025;;;;4786,50;;4558,50;0,00;0,00;0,000000;0,00;D;;;;;0,00;0;;0;;0;;0,00;228,00;;;;
23.07.2025;14:12:58;;;2;000979;DIM market-1 s.stajkovci;100;\OR^E;874;T.D.GRANDPROM ZUR DOO;21.07.2025;20.08.2025;;;;4314,00;;4108,50;0,00;0,00;0,000000;0,00;D;;;;;0,00;0;;0;;0;;0,00;205,50;;;;
28.07.2025;08:07:44;;;2;000980;DIM market-7 aerodrom;100;\OR^E;874;T.D.GRANDPROM ZUR DOO;21.07.2025;20.08.2025;;;;2667,00;;2540,00;0,00;0,00;0,000000;0,00;D;;;;;0,00;0;;0;;0;;0,00;127,00;;;;
29.07.2025;09:14:45;;;2;000981;DIM market-8 d.lisi^e;100;\OR^E;874;T.D.GRANDPROM ZUR DOO;21.07.2025;20.08.2025;;;;4314,00;;4108,50;0,00;0,00;0,000000;0,00;D;;;;;0,00;0;;0;;0;;0,00;205,50;;;;
22.07.2025;09:13:09;;;2;000982;SUPER TINEKS-11 lisa;100;\OR^E;1201;TINEKS MT;21.07.2025;19.10.2025;;;;4361,50;;4153,50;0,00;0,00;0,000000;0,00;D;;;;;0,00;0;;0;;0;;0,00;208,00;;;;
22.07.2025;09:14:17;;;2;000983;ZUR market-22 taftalixe;100;\OR^E;874;T.D.GRANDPROM ZUR DOO;21.07.2025;20.08.2025;;;;5100,00;;4857,00;0,00;0,00;0,000000;0,00;D;;;;;0,00;0;;0;;0;;0,00;243,00;;;;
22.07.2025;09:15:47;;;2;000984;ZUR market-12 vlae;100;\OR^E;874;T.D.GRANDPROM ZUR DOO;21.07.2025;20.08.2025;;;;3133,50;;2984,50;0,00;0,00;0,000000;0,00;D;;;;;0,00;0;;0;;0;;0,00;149,00;;;;
22.07.2025;09:17:06;;;2;000985;REPTIL-1 vlae;100;\OR^E;1225;REPTIL DPTU;21.07.2025;20.08.2025;;;;2499,00;;2380,00;0,00;0,00;0,000000;0,00;D;;;;;0,00;0;;0;;0;;0,00;119,00;;;;
22.07.2025;09:18:01;;;2;000986;REPTIL-14 lisi^e;100;\OR^E;1225;REPTIL DPTU;21.07.2025;20.08.2025;;;;6267,00;;5968,50;0,00;0,00;0,000000;0,00;D;;;;;0,00;0;;0;;0;;0,00;298,50;;;;
22.07.2025;09:19:14;;;2;000987;ZUR market-11 lisa;100;\OR^E;874;T.D.GRANDPROM ZUR DOO;21.07.2025;20.08.2025;;;;3654,00;;3480,00;0,00;0,00;0,000000;0,00;D;;;;;0,00;0;;0;;0;;0,00;174,00;;;;
22.07.2025;09:20:00;;;2;000988;ZUR market-10 centar;100;\OR^E;874;T.D.GRANDPROM ZUR DOO;21.07.2025;20.08.2025;;;;2487,00;;2369,00;0,00;0,00;0,000000;0,00;D;;;;;0,00;0;;0;;0;;0,00;118,00;;;;
23.07.2025;14:15:34;;;2;000989;pogon mesara ilinden;100;\OR^E;76;KOMPANIJA ATANASOVSKI DOO;21.07.2025;28.07.2025;;;;4300,00;;4095,00;0,00;0,00;0,000000;0,00;D;;;;;0,00;0;;0;;0;;0,00;205,00;;;;
22.07.2025;11:34:11;;;9;000056;;100;\OR^E;8;RESTORAN FA-FA SKOPJE;22.07.2025;22.07.2025;;;;4200,00;;4000,00;0,00;0,00;0,000000;0,00;D;;;;;0,00;0;;0;;0;;0,00;200,00;;;;
19.08.2025;11:24:33;;;9;000057;;100;\OR^E;1;ZORAN BITOLA;23.07.2025;07.08.2025;;;;7560,00;;7200,00;0,00;0,00;0,000000;0,00;D;;;;;0,00;0;;0;;0;;0,00;360,00;;;;
24.07.2025;09:13:18;;;2;000990;magacin saraj;100;\OR^E;63;DERVENT PRODUKT DOOEL SKOPJE;22.07.2025;29.07.2025;;;;15605,50;;14862,50;0,00;0,00;0,000000;0,00;D;;;;;0,00;0;;0;;0;;0,00;743,00;;;;
23.07.2025;14:19:25;;;2;000991;tobako;100;\OR^E;55;BEJKING BREAD TOBAKKO 2 DOO SK;22.07.2025;29.07.2025;;;;1638,00;;1560,00;0,00;0,00;0,000000;0,00;D;;;;;0,00;0;;0;;0;;0,00;78,00;;;;
23.07.2025;14:19:55;;;2;000992;VERO-7 gtc;100;\OR^E;1050;VEROPULOS DOOEL SKOPJE;23.07.2025;21.09.2025;;;;3783,50;;3603,50;0,00;0,00;0,000000;0,00;D;;;;;0,00;0;;0;;0;;0,00;180,00;;;;
23.07.2025;14:21:48;;;2;000993;VERO-5 centar;100;\OR^E;1050;VEROPULOS DOOEL SKOPJE;23.07.2025;21.09.2025;;;;1494,50;;1423,50;0,00;0,00;0,000000;0,00;D;;;;;0,00;0;;0;;0;;0,00;71,00;;;;
23.07.2025;14:23:20;;;2;000994;VERO-2 taftaixe;100;\OR^E;1050;VEROPULOS DOOEL SKOPJE;23.07.2025;21.09.2025;;;;4073,00;;3879,50;0,00;0,00;0,000000;0,00;D;;;;;0,00;0;;0;;0;;0,00;193,50;;;;
23.07.2025;14:24:14;;;2;000995;SUPER TINEKS-2 zebra;100;\OR^E;1201;TINEKS MT;23.07.2025;21.10.2025;;;;3797,50;;3616,50;0,00;0,00;0,000000;0,00;D;;;;;0,00;0;;0;;0;;0,00;181,00;;;;
23.07.2025;14:25:35;;;2;000996;podr.ramstore vardar;100;\OR^E;971;RAMSTORE MAKEDONIJA DOO SKOPJE;23.07.2025;21.09.2025;;;;3276,50;;3120,50;0,00;0,00;0,000000;0,00;D;;;;;0,00;0;;0;;0;;0,00;156,00;;;;
23.07.2025;14:26:32;;;2;000997;podr.ramstore g.lisi^e;100;\OR^E;971;RAMSTORE MAKEDONIJA DOO SKOPJE;23.07.2025;21.09.2025;;;;4158,50;;3960,50;0,00;0,00;0,000000;0,00;D;;;;;0,00;0;;0;;0;;0,00;198,00;;;;
23.07.2025;14:27:53;;;2;000998;porta vlae;100;\OR^E;38;TRADICIONAL DOOEL SKOPJE;22.07.2025;29.07.2025;;;;4630,50;;4410,00;0,00;0,00;0,000000;0,00;D;;;;;0,00;0;;0;;0;;0,00;220,50;;;;
23.07.2025;14:28:39;;;2;000999;;100;\OR^E;963;DM DEBARMAALO;22.07.2025;29.07.2025;;;;4851,00;;4620,00;0,00;0,00;0,000000;0,00;D;;;;;0,00;0;;0;;0;;0,00;231,00;;;;
23.07.2025;14:29:20;;;2;001000;SUPER TINEKS-10 cveten;100;\OR^E;1201;TINEKS MT;23.07.2025;21.10.2025;;;;2365,00;;2252,50;0,00;0,00;0,000000;0,00;D;;;;;0,00;0;;0;;0;;0,00;112,50;;;;
23.07.2025;14:30:28;;;2;001001;reptil- mesara;100;\OR^E;1225;REPTIL DPTU;23.07.2025;22.08.2025;;;;1092,00;;1040,00;0,00;0,00;0,000000;0,00;D;;;;;0,00;0;;0;;0;;0,00;52,00;;;;
23.07.2025;14:31:02;;;2;001002;REPTIL- radi[ani;100;\OR^E;1225;REPTIL DPTU;23.07.2025;22.08.2025;;;;2373,00;;2260,00;0,00;0,00;0,000000;0,00;D;;;;;0,00;0;;0;;0;;0,00;113,00;;;;
23.07.2025;14:31:36;;;2;001003;REPTIL-13 maxari;100;\OR^E;1225;REPTIL DPTU;23.07.2025;22.08.2025;;;;4326,00;;4120,00;0,00;0,00;0,000000;0,00;D;;;;;0,00;0;;0;;0;;0,00;206,00;;;;
23.07.2025;14:32:29;;;2;001004;ZUR market- maxari;100;\OR^E;74;EURO MARKET-DATI SKOPJE;23.07.2025;22.08.2025;;;;3654,00;;3480,00;0,00;0,00;0,000000;0,00;D;;;;;0,00;0;;0;;0;;0,00;174,00;;;;
23.07.2025;14:33:10;;;2;001005;ZUR market-3 przino;100;\OR^E;74;EURO MARKET-DATI SKOPJE;23.07.2025;22.08.2025;;;;774,00;;737,00;0,00;0,00;0,000000;0,00;D;;;;;0,00;0;;0;;0;;0,00;37,00;;;;
22.08.2025;14:16:33;;;2;001006;SUPER TINEKS-6 dramski;100;\OR^E;1201;TINEKS MT;23.07.2025;21.10.2025;;;;2614,50;;2490,00;0,00;0,00;0,000000;0,00;D;;;;;0,00;0;;0;;0;;0,00;124,50;;;;
23.07.2025;14:36:17;;;2;001007;;100;\OR^E;877;INTEGRAL DOOEL;23.07.2025;07.08.2025;;;;7049,00;;6713,50;0,00;0,00;0,000000;0,00;D;;;;;0,00;0;;0;;0;;0,00;335,50;;;;
28.07.2025;08:09:28;;;2;001008;;100;\OR^E;866;BTA MAKEDONIJA DOOEL;23.07.2025;22.08.2025;;;;7270,50;;6924,50;0,00;0,00;0,000000;0,00;D;;;;;0,00;0;;0;;0;;0,00;346,00;;;;
28.07.2025;08:09:37;;;2;001009;;100;\OR^E;1028;MAKROPROM;23.07.2025;30.07.2025;;;;23341,50;;22230,00;0,00;0,00;0,000000;0,00;D;;;;;0,00;0;;0;;0;;0,00;1111,50;;;;
28.07.2025;08:37:46;;;2;001010;VERO-9 n.banka;100;\OR^E;1050;VEROPULOS DOOEL SKOPJE;25.07.2025;23.09.2025;;;;3465,50;;3300,50;0,00;0,00;0,000000;0,00;D;;;;;0,00;0;;0;;0;;0,00;165,00;;;;
28.07.2025;08:38:01;;;2;001011;VERO-12 karpo[-4;100;\OR^E;1050;VEROPULOS DOOEL SKOPJE;25.07.2025;23.09.2025;;;;1939,00;;1846,50;0,00;0,00;0,000000;0,00;D;;;;;0,00;0;;0;;0;;0,00;92,50;;;;
28.07.2025;08:38:26;;;2;001012;TINEKS delikatesen beko;100;\OR^E;1201;TINEKS MT;25.07.2025;23.10.2025;;;;1035,00;;985,50;0,00;0,00;0,000000;0,00;D;;;;;0,00;0;;0;;0;;0,00;49,50;;;;
29.07.2025;09:15:03;;;2;001013;SUPER TINEKS-3 prvomajska;100;\OR^E;1201;TINEKS MT;25.07.2025;23.10.2025;;;;4250,00;;4047,50;0,00;0,00;0,000000;0,00;D;;;;;0,00;0;;0;;0;;0,00;202,50;;;;
28.07.2025;08:39:18;;;2;001014;REPTIL-16 leninova;100;\OR^E;1225;REPTIL DPTU;25.07.2025;24.08.2025;;;;1827,00;;1740,00;0,00;0,00;0,000000;0,00;D;;;;;0,00;0;;0;;0;;0,00;87,00;;;;
28.07.2025;08:39:37;;;2;001015;REPTIL-5 karpo[-4;100;\OR^E;1225;REPTIL DPTU;25.07.2025;24.08.2025;;;;3969,00;;3780,00;0,00;0,00;0,000000;0,00;D;;;;;0,00;0;;0;;0;;0,00;189,00;;;;
28.07.2025;08:39:51;;;2;001016;REPTIL-1 karpo[-1;100;\OR^E;1225;REPTIL DPTU;25.07.2025;24.08.2025;;;;4911,00;;4677,00;0,00;0,00;0,000000;0,00;D;;;;;0,00;0;;0;;0;;0,00;234,00;;;;
28.07.2025;08:40:27;;;2;001017;REPTIL-7 porta;100;\OR^E;1225;REPTIL DPTU;25.07.2025;24.08.2025;;;;4620,00;;4400,00;0,00;0,00;0,000000;0,00;D;;;;;0,00;0;;0;;0;;0,00;220,00;;;;
28.07.2025;08:27:32;;;2;001018;REPIL-6 karpo[-1;100;\OR^E;1225;REPTIL DPTU;25.07.2025;24.08.2025;;;;1827,00;;1740,00;0,00;0,00;0,000000;0,00;D;;;;;0,00;0;;0;;0;;0,00;87,00;;;;
28.07.2025;08:40:51;;;2;001019;REPTIL-23 aerodrom;100;\OR^E;1225;REPTIL DPTU;25.07.2025;24.08.2025;;;;2667,00;;2540,00;0,00;0,00;0,000000;0,00;D;;;;;0,00;0;;0;;0;;0,00;127,00;;;;
28.07.2025;08:41:05;;;2;001020;podr.ramstore kapi[tec;100;\OR^E;971;RAMSTORE MAKEDONIJA DOO SKOPJE;25.07.2025;23.09.2025;;;;2279,00;;2170,00;0,00;0,00;0,000000;0,00;D;;;;;0,00;0;;0;;0;;0,00;109,00;;;;
28.07.2025;08:32:36;;;2;001021;podr.ramstore karpo[;100;\OR^E;971;RAMSTORE MAKEDONIJA DOO SKOPJE;25.07.2025;23.09.2025;;;;2846,00;;2710,50;0,00;0,00;0,000000;0,00;D;;;;;0,00;0;;0;;0;;0,00;135,50;;;;
28.07.2025;08:34:31;;;2;001022;saraj;100;\OR^E;187;DAUTI-KOMERC KE[&KERI;25.07.2025;24.08.2025;;;;143640,00;;136800,00;0,00;0,00;0,000000;0,00;D;;;;;0,00;0;;0;;0;;0,00;6840,00;;;;
29.07.2025;09:15:21;;;2;001023;Reptil Market br.2 Crnice;100;\OR^E;1225;REPTIL DPTU;28.07.2025;27.08.2025;;;;9921,00;;9448,50;0,00;0,00;0,000000;0,00;D;;;;;0,00;0;;0;;0;;0,00;472,50;;;;
29.07.2025;09:15:49;;;2;001024;Zur 19 Dracevo;100;\OR^E;874;T.D.GRANDPROM ZUR DOO;28.07.2025;27.08.2025;;;;8754,00;;8337,00;0,00;0,00;0,000000;0,00;D;;;;;0,00;0;;0;;0;;0,00;417,00;;;;
29.07.2025;09:16:08;;;2;001025;Zur 7 Dracevo;100;\OR^E;874;T.D.GRANDPROM ZUR DOO;28.07.2025;27.08.2025;;;;5607,00;;5340,00;0,00;0,00;0,000000;0,00;D;;;;;0,00;0;;0;;0;;0,00;267,00;;;;
28.07.2025;14:55:57;;;2;001026;Zur 2 Dracevo;100;\OR^E;874;T.D.GRANDPROM ZUR DOO;28.07.2025;27.08.2025;;;;1827,00;;1740,00;0,00;0,00;0,000000;0,00;D;;;;;0,00;0;;0;;0;;0,00;87,00;;;;
28.07.2025;14:57:20;;;2;001027;Super Tineks 8 Mlecen;100;\OR^E;1201;TINEKS MT;28.07.2025;26.09.2025;;;;7263,00;;6916,50;0,00;0,00;0,000000;0,00;D;;;;;0,00;0;;0;;0;;0,00;346,50;;;;
28.07.2025;15:00:15;;;2;001028;Tim Vojcevski;100;\OR^E;59;TIM VOJCEVSKI DOO SKOPJE;28.07.2025;04.08.2025;;;;1827,00;;1740,00;0,00;0,00;0,000000;0,00;D;;;;;0,00;0;;0;;0;;0,00;87,00;;;;
29.07.2025;09:57:03;;;9;000058;;100;\OR^E;930;RAMIZ ROSTU[E DEBAR;29.07.2025;29.07.2025;;;;20280,00;;19314,50;0,00;0,00;0,000000;0,00;D;;;;;0,00;0;;0;;0;;0,00;965,50;;;;
31.07.2025;09:05:29;;;2;001029;;100;\OR^E;883;SPECIJAL PRODUKT DOOEL;29.07.2025;29.07.2025;;;;42733,00;;40698,00;0,00;0,00;0,000000;0,00;D;;;;;0,00;0;;0;;0;;0,00;2035,00;;;;
31.07.2025;09:07:22;;;2;001030;VERO-2 taftaixe;100;\OR^E;1060;SKOPSKI PAZAR;30.07.2025;28.09.2025;;;;2288,00;;2179,00;0,00;0,00;0,000000;0,00;D;;;;;0,00;0;;0;;0;;0,00;109,00;;;;
31.07.2025;09:08:12;;;2;001031;VERO-7 gtc;100;\OR^E;1050;VEROPULOS DOOEL SKOPJE;30.07.2025;28.09.2025;;;;1851,00;;1762,50;0,00;0,00;0,000000;0,00;D;;;;;0,00;0;;0;;0;;0,00;88,50;;;;
31.07.2025;09:09:15;;;2;001032;SUPER TINEKS-16 east gate;100;\OR^E;1201;TINEKS MT;30.07.2025;28.10.2025;;;;1136,50;;1082,50;0,00;0,00;0,000000;0,00;D;;;;;0,00;0;;0;;0;;0,00;54,00;;;;
31.07.2025;09:10:02;;;2;001033;VERO-10 k.voda;100;\OR^E;1050;VEROPULOS DOOEL SKOPJE;30.07.2025;28.09.2025;;;;4205,50;;4005,50;0,00;0,00;0,000000;0,00;D;;;;;0,00;0;;0;;0;;0,00;200,00;;;;
31.07.2025;09:15:15;;;2;001034;podr.ramstoore n.lisi^e;100;\OR^E;971;RAMSTORE MAKEDONIJA DOO SKOPJE;30.07.2025;28.09.2025;;;;3129,00;;2980,00;0,00;0,00;0,000000;0,00;D;;;;;0,00;0;;0;;0;;0,00;149,00;;;;
19.09.2025;11:32:19;;;2;001035;;100;\OR^E;69;UBAC T.P. GOSTILNICA;30.07.2025;06.08.2025;;;;3049,00;;2904,00;0,00;0,00;0,000000;0,00;D;;;;;0,00;0;;0;;0;;0,00;145,00;;;;
31.07.2025;09:16:37;;;5;000088;;100;\OR^E;100;MAGACIN \OR^E;30.07.2025;30.07.2025;;;;;;0,00;0,00;0,00;1,000000;0,00;;;;;;0,00;0;;0;;0;;0,00;0,00;;;;
31.07.2025;09:20:15;;;2;001036;SUPER TINEKS-15 maj^in dom;100;\OR^E;1201;TINEKS MT;30.07.2025;28.10.2025;;;;2522,00;;2402,00;0,00;0,00;0,000000;0,00;D;;;;;0,00;0;;0;;0;;0,00;120,00;;;;
31.07.2025;09:21:47;;;2;001037;VERO-13 limak;100;\OR^E;1050;VEROPULOS DOOEL SKOPJE;30.07.2025;28.09.2025;;;;1676,00;;1596,50;0,00;0,00;0,000000;0,00;D;;;;;0,00;0;;0;;0;;0,00;79,50;;;;
31.07.2025;09:23:28;;;2;001038;VERO-11 tetovo;100;\OR^E;1050;VEROPULOS DOOEL SKOPJE;31.07.2025;29.09.2025;;;;2475,50;;2357,50;0,00;0,00;0,000000;0,00;D;;;;;0,00;0;;0;;0;;0,00;118,00;;;;
31.07.2025;09:24:36;;;2;001039;VERO-3 tetovo;100;\OR^E;1050;VEROPULOS DOOEL SKOPJE;31.07.2025;29.09.2025;;;;4885,50;;4653,00;0,00;0,00;0,000000;0,00;D;;;;;0,00;0;;0;;0;;0,00;232,50;;;;
31.07.2025;09:25:47;;;2;001040;VERO- n.banka;100;\OR^E;1050;VEROPULOS DOOEL SKOPJE;31.07.2025;29.09.2025;;;;2848,50;;2713,00;0,00;0,00;0,000000;0,00;D;;;;;0,00;0;;0;;0;;0,00;135,50;;;;
31.07.2025;09:26:52;;;2;001041;;100;\OR^E;165;MRE@A DOO;30.07.2025;06.08.2025;;;;49597,50;;47235,50;0,00;0,00;0,000000;0,00;D;;;;;0,00;0;;0;;0;;0,00;2362,00;;;;
05.08.2025;08:34:00;;;2;001042;;100;\OR^E;1348;KVATRO;30.07.2025;06.08.2025;;;;12981,00;;12362,50;0,00;0,00;0,000000;0,00;D;;;;;0,00;0;;0;;0;;0,00;618,50;;;;
31.07.2025;09:36:37;;;2;001043;SUPER TINEKS-4 kon^ar;100;\OR^E;1201;TINEKS MT;30.07.2025;28.10.2025;;;;2005,00;;1909,50;0,00;0,00;0,000000;0,00;D;;;;;0,00;0;;0;;0;;0,00;95,50;;;;
31.07.2025;09:37:58;;;2;001044;TINEKS hrom;100;\OR^E;1201;TINEKS MT;31.07.2025;29.10.2025;;;;11033,00;;10507,50;0,00;0,00;0,000000;0,00;D;;;;;0,00;0;;0;;0;;0,00;525,50;;;;
04.08.2025;14:48:07;;;9;000059;restoran fa-fa s.kondovo;100;\OR^E;8;RESTORAN FA-FA SKOPJE;04.08.2025;04.08.2025;;;;7620,00;;7257,00;0,00;0,00;0,000000;0,00;D;;;;;0,00;0;;0;;0;;0,00;363,00;;;;
05.08.2025;08:35:27;;;2;001045;;100;\OR^E;1095;BOMAGO;31.07.2025;07.08.2025;;;;20676,00;;19691,50;0,00;0,00;0,000000;0,00;D;;;;;0,00;0;;0;;0;;0,00;984,50;;;;
08.09.2025;09:50:22;;;2;001046;s.glumovo;100;\OR^E;1213;ADRIJUS D.O.O.;04.08.2025;11.08.2025;;;;247280,00;;235505,00;0,00;0,00;0,000000;0,00;D;;;;;0,00;0;;0;;0;;0,00;11775,00;;;;
06.08.2025;08:36:44;;;5;000089;;100;\OR^E;100;MAGACIN \OR^E;04.08.2025;04.08.2025;;;;;;0,00;0,00;0,00;1,000000;0,00;;;;;;0,00;0;;0;;0;;0,00;0,00;;;;
19.08.2025;11:24:55;;;9;000060;;100;\OR^E;73;DONER NEAT SARAJ;05.08.2025;05.08.2025;;;;2205,00;;2100,00;0,00;0,00;0,000000;0,00;D;;;;;0,00;0;;0;;0;;0,00;105,00;;;;
06.08.2025;08:35:10;;;2;001047;;100;\OR^E;1328;BONTE KOMPANI;05.08.2025;12.08.2025;;;;25615,50;;24396,00;0,00;0,00;0,000000;0,00;D;;;;;0,00;0;;0;;0;;0,00;1219,50;;;;
02.10.2025;09:55:10;;;2;001048;;100;\OR^E;160;DOOEL A.M. OHRID;05.08.2025;12.08.2025;;;;19152,00;;18240,00;0,00;0,00;0,000000;0,00;D;;;;;0,00;0;;0;;0;;0,00;912,00;;;;
12.08.2025;09:02:15;;;5;000090;;100;\OR^E;100;MAGACIN \OR^E;05.08.2025;05.08.2025;;;;;;0,00;0,00;0,00;1,000000;0,00;;;;;;0,00;0;;0;;0;;0,00;0,00;;;;
06.08.2025;08:38:05;;;2;001049;;100;\OR^E;1301;MEDISON T.P.;05.08.2025;12.08.2025;;;;15561,00;;14820,00;0,00;0,00;0,000000;0,00;D;;;;;0,00;0;;0;;0;;0,00;741,00;;;;
06.08.2025;14:56:36;;;2;001050;VERO-1 aerodrom;100;\OR^E;1050;VEROPULOS DOOEL SKOPJE;05.08.2025;04.10.2025;;;;4056,50;;3863,50;0,00;0,00;0,000000;0,00;D;;;;;0,00;0;;0;;0;;0,00;193,00;;;;
06.08.2025;08:40:30;;;2;001051;podr.ramstore vardar;100;\OR^E;971;RAMSTORE MAKEDONIJA DOO SKOPJE;05.08.2025;04.10.2025;;;;3192,00;;3040,00;0,00;0,00;0,000000;0,00;D;;;;;0,00;0;;0;;0;;0,00;152,00;;;;
06.08.2025;08:42:37;;;2;001052;TINEKS k.voda-2 ekonomic;100;\OR^E;1201;TINEKS MT;05.08.2025;03.11.2025;;;;11033,00;;10507,50;0,00;0,00;0,000000;0,00;D;;;;;0,00;0;;0;;0;;0,00;525,50;;;;
06.08.2025;08:43:58;;;2;001053;SUPER TINEKS-11 lisa;100;\OR^E;1201;TINEKS MT;05.08.2025;03.11.2025;;;;2583,00;;2460,50;0,00;0,00;0,000000;0,00;D;;;;;0,00;0;;0;;0;;0,00;122,50;;;;
06.08.2025;08:46:35;;;2;001054;mle^en;100;\OR^E;53;PEMPELE-PAJKO MAALO DOOEL;05.08.2025;12.08.2025;;;;2887,50;;2750,00;0,00;0,00;0,000000;0,00;D;;;;;0,00;0;;0;;0;;0,00;137,50;;;;
06.08.2025;14:56:58;;;2;001055;;100;\OR^E;1028;MAKROPROM;06.08.2025;13.08.2025;;;;23341,50;;22230,00;0,00;0,00;0,000000;0,00;D;;;;;0,00;0;;0;;0;;0,00;1111,50;;;;
06.08.2025;14:57:36;;;2;001056;;100;\OR^E;1321;MB-DOO;06.08.2025;13.08.2025;;;;7689,50;;7323,00;0,00;0,00;0,000000;0,00;D;;;;;0,00;0;;0;;0;;0,00;366,50;;;;
06.08.2025;14:58:27;;;2;001057;n.ilinden;100;\OR^E;908;OK RESTORANTS & BARS DOOEL;06.08.2025;13.08.2025;;;;4630,50;;4410,00;0,00;0,00;0,000000;0,00;D;;;;;0,00;0;;0;;0;;0,00;220,50;;;;
06.08.2025;14:59:09;;;2;001058;podr.ramstore city moll;100;\OR^E;971;RAMSTORE MAKEDONIJA DOO SKOPJE;06.08.2025;05.10.2025;;;;3570,50;;3400,50;0,00;0,00;0,000000;0,00;D;;;;;0,00;0;;0;;0;;0,00;170,00;;;;
06.08.2025;14:59:55;;;2;001059;podr.ramstore taftalixe;100;\OR^E;971;RAMSTORE MAKEDONIJA DOO SKOPJE;06.08.2025;05.10.2025;;;;1596,00;;1520,00;0,00;0,00;0,000000;0,00;D;;;;;0,00;0;;0;;0;;0,00;76,00;;;;
07.08.2025;14:35:23;;;2;001060;VERO- n.banka;100;\OR^E;1050;VEROPULOS DOOEL SKOPJE;07.08.2025;06.10.2025;;;;4274,00;;4071,00;0,00;0,00;0,000000;0,00;D;;;;;0,00;0;;0;;0;;0,00;203,00;;;;
07.08.2025;14:36:07;;;2;001061;VERO-11 tetovo;100;\OR^E;1050;VEROPULOS DOOEL SKOPJE;07.08.2025;06.10.2025;;;;1569,00;;1494,50;0,00;0,00;0,000000;0,00;D;;;;;0,00;0;;0;;0;;0,00;74,50;;;;
07.08.2025;14:36:56;;;2;001062;podr.ramstore sever;100;\OR^E;971;RAMSTORE MAKEDONIJA DOO SKOPJE;07.08.2025;06.10.2025;;;;5008,50;;4770,00;0,00;0,00;0,000000;0,00;D;;;;;0,00;0;;0;;0;;0,00;238,50;;;;
07.08.2025;14:38:10;;;2;001063;podr.ramstore capitil moll;100;\OR^E;971;RAMSTORE MAKEDONIJA DOO SKOPJE;07.08.2025;06.10.2025;;;;1408,00;;1341,00;0,00;0,00;0,000000;0,00;D;;;;;0,00;0;;0;;0;;0,00;67,00;;;;
02.10.2025;09:55:43;;;2;001064;;100;\OR^E;959;EKSTRA MEIN BORIS DOOEL KUMANOVO;07.08.2025;14.08.2025;;;;65984,50;;62842,50;0,00;0,00;0,000000;0,00;D;;;;;0,00;0;;0;;0;;0,00;3142,00;;;;
07.08.2025;14:39:13;;;2;001065;podr.ramstore vodno;100;\OR^E;971;RAMSTORE MAKEDONIJA DOO SKOPJE;07.08.2025;06.10.2025;;;;3570,50;;3400,50;0,00;0,00;0,000000;0,00;D;;;;;0,00;0;;0;;0;;0,00;170,00;;;;
08.09.2025;09:50:46;;;2;001066;saraj;100;\OR^E;187;DAUTI-KOMERC KE[&KERI;08.08.2025;07.09.2025;;;;227430,00;;216600,00;0,00;0,00;0,000000;0,00;D;;;;;0,00;0;;0;;0;;0,00;10830,00;;;;
12.08.2025;09:16:02;;;2;001067;s.glumovo;100;\OR^E;836;EURO-IS-GRUP S.GLUMOVO;11.08.2025;18.08.2025;;;;50643,00;;48231,50;0,00;0,00;0,000000;0,00;D;;;;;0,00;0;;0;;0;;0,00;2411,50;;;;
12.08.2025;09:18:04;;;5;000091;;100;\OR^E;100;MAGACIN \OR^E;11.08.2025;11.08.2025;;;;;;0,00;0,00;0,00;1,000000;0,00;;;;;;0,00;0;;0;;0;;0,00;0,00;;;;
13.08.2025;09:36:57;;;2;001068;s.zelino;100;\OR^E;1020;DERVENT PROMET;12.08.2025;19.08.2025;;;;22518,00;;21446,00;0,00;0,00;0,000000;0,00;D;;;;;0,00;0;;0;;0;;0,00;1072,00;;;;
14.08.2025;08:18:15;;;2;001069;ZUR-5 aerodrom;100;\OR^E;874;T.D.GRANDPROM ZUR DOO;13.08.2025;12.09.2025;;;;2157,00;;2054,50;0,00;0,00;0,000000;0,00;D;;;;;0,00;0;;0;;0;;0,00;102,50;;;;
13.08.2025;09:34:09;;;2;001070;SUPER TINEKS-zlokukjni;100;\OR^E;1201;TINEKS MT;12.08.2025;10.11.2025;;;;12779,00;;12170,50;0,00;0,00;0,000000;0,00;D;;;;;0,00;0;;0;;0;;0,00;608,50;;;;
13.08.2025;09:35:17;;;2;001071;REPTIL-25 bardovci;100;\OR^E;1225;REPTIL DPTU;12.08.2025;11.09.2025;;;;3654,00;;3480,00;0,00;0,00;0,000000;0,00;D;;;;;0,00;0;;0;;0;;0,00;174,00;;;;
13.08.2025;09:35:54;;;2;001072;SUPER TINEKS-2 zebra;100;\OR^E;1201;TINEKS MT;12.08.2025;10.11.2025;;;;3233,50;;3079,50;0,00;0,00;0,000000;0,00;D;;;;;0,00;0;;0;;0;;0,00;154,00;;;;
08.09.2025;09:51:16;;;2;001073;VERO-2 taftalixe;100;\OR^E;1050;VEROPULOS DOOEL SKOPJE;12.08.2025;11.10.2025;;;;3235,50;;3081,50;0,00;0,00;0,000000;0,00;D;;;;;0,00;0;;0;;0;;0,00;154,00;;;;
14.08.2025;08:19:14;;;2;001074;podr.ramstore g.lisi^e;100;\OR^E;971;RAMSTORE MAKEDONIJA DOO SKOPJE;13.08.2025;12.10.2025;;;;1984,50;;1890,00;0,00;0,00;0,000000;0,00;D;;;;;0,00;0;;0;;0;;0,00;94,50;;;;
14.08.2025;08:19:46;;;2;001075;VERO-7 gtc;100;\OR^E;1050;VEROPULOS DOOEL SKOPJE;13.08.2025;12.10.2025;;;;3465,50;;3300,50;0,00;0,00;0,000000;0,00;D;;;;;0,00;0;;0;;0;;0,00;165,00;;;;
14.08.2025;08:20:23;;;2;001076;VERO-13 limak;100;\OR^E;1050;VEROPULOS DOOEL SKOPJE;13.08.2025;12.10.2025;;;;3465,50;;3300,50;0,00;0,00;0,000000;0,00;D;;;;;0,00;0;;0;;0;;0,00;165,00;;;;
14.08.2025;08:21:14;;;2;001077;TINEKS porta aerodrom;100;\OR^E;1201;TINEKS MT;13.08.2025;11.11.2025;;;;2831,50;;2697,00;0,00;0,00;0,000000;0,00;D;;;;;0,00;0;;0;;0;;0,00;134,50;;;;
15.08.2025;09:36:17;;;2;001078;VERO-9 n.banka;100;\OR^E;1050;VEROPULOS DOOEL SKOPJE;14.08.2025;13.10.2025;;;;2021,50;;1925,00;0,00;0,00;0,000000;0,00;D;;;;;0,00;0;;0;;0;;0,00;96,50;;;;
15.08.2025;09:37:15;;;2;001079;VERO-3 tetovo;100;\OR^E;1050;VEROPULOS DOOEL SKOPJE;14.08.2025;13.10.2025;;;;8861,00;;8439,50;0,00;0,00;0,000000;0,00;D;;;;;0,00;0;;0;;0;;0,00;421,50;;;;
19.08.2025;10:29:22;;;2;001080;;100;\OR^E;1028;MAKROPROM;14.08.2025;21.08.2025;;;;5838,50;;5560,50;0,00;0,00;0,000000;0,00;D;;;;;0,00;0;;0;;0;;0,00;278,00;;;;
19.08.2025;10:31:25;;;2;001081;REPTIL-4 aerodrom;100;\OR^E;1225;REPTIL DPTU;14.08.2025;13.09.2025;;;;2487,00;;2368,50;0,00;0,00;0,000000;0,00;D;;;;;0,00;0;;0;;0;;0,00;118,50;;;;
19.08.2025;10:31:39;;;2;001082;REPTIL- radi[ani;100;\OR^E;1225;REPTIL DPTU;14.08.2025;13.09.2025;;;;3654,00;;3480,00;0,00;0,00;0,000000;0,00;D;;;;;0,00;0;;0;;0;;0,00;174,00;;;;
19.08.2025;10:31:49;;;2;001083;proizvodstvo;100;\OR^E;1331;PEKABESKO A.D.-SKOPJE;14.08.2025;28.09.2025;;;;8820,00;;8400,00;0,00;0,00;0,000000;0,00;D;;;;;0,00;0;;0;;0;;0,00;420,00;;;;
22.08.2025;14:13:01;;;2;001084;rekord;100;\OR^E;54;BEJKING BREAD REKORD DOO;14.08.2025;21.08.2025;;;;2772,00;;2640,00;0,00;0,00;0,000000;0,00;D;;;;;0,00;0;;0;;0;;0,00;132,00;;;;
19.08.2025;10:08:04;;;2;001085;aerodrom;100;\OR^E;1168;TP SENDVI^ARA 7;18.08.2025;25.08.2025;;;;13197,00;;12568,50;0,00;0,00;0,000000;0,00;D;;;;;0,00;0;;0;;0;;0,00;628,50;;;;
19.08.2025;10:09:29;;;2;001086;makpetrol;100;\OR^E;1168;TP SENDVI^ARA 7;18.08.2025;25.08.2025;;;;10997,00;;10473,50;0,00;0,00;0,000000;0,00;D;;;;;0,00;0;;0;;0;;0,00;523,50;;;;
19.08.2025;10:10:26;;;2;001087;ambasada;100;\OR^E;1168;TP SENDVI^ARA 7;18.08.2025;25.08.2025;;;;8798,00;;8379,00;0,00;0,00;0,000000;0,00;D;;;;;0,00;0;;0;;0;;0,00;419,00;;;;
19.08.2025;10:20:09;;;2;001088;VERO-9 n.banka;100;\OR^E;1050;VEROPULOS DOOEL SKOPJE;18.08.2025;17.10.2025;;;;17850,00;;17000,00;0,00;0,00;0,000000;0,00;D;;;;;0,00;0;;0;;0;;0,00;850,00;;;;
19.08.2025;10:22:01;;;2;001089;ZUR market-20 karpo[-1;100;\OR^E;874;T.D.GRANDPROM ZUR DOO;18.08.2025;17.09.2025;;;;5364,00;;5108,50;0,00;0,00;0,000000;0,00;D;;;;;0,00;0;;0;;0;;0,00;255,50;;;;
22.08.2025;14:23:53;;;2;001090;ZUR market-15 k.voda;100;\OR^E;874;T.D.GRANDPROM ZUR DOO;18.08.2025;17.09.2025;;;;2034,00;;1937,00;0,00;0,00;0,000000;0,00;D;;;;;0,00;0;;0;;0;;0,00;97,00;;;;
22.08.2025;14:23:41;;;2;001091;ZUR market-17 lira;100;\OR^E;874;T.D.GRANDPROM ZUR DOO;18.08.2025;17.09.2025;;;;6483,00;;6174,50;0,00;0,00;0,000000;0,00;D;;;;;0,00;0;;0;;0;;0,00;308,50;;;;
22.08.2025;14:23:15;;;2;001092;TINEKS delikatesen (vodno);100;\OR^E;1201;TINEKS MT;18.08.2025;16.11.2025;;;;3940,50;;3753,00;0,00;0,00;0,000000;0,00;D;;;;;0,00;0;;0;;0;;0,00;187,50;;;;
02.10.2025;09:56:22;;;2;001093;;100;\OR^E;1265;ORION KOMERC;19.08.2025;26.08.2025;;;;48419,00;;46113,00;0,00;0,00;0,000000;0,00;D;;;;;0,00;0;;0;;0;;0,00;2306,00;;;;
19.08.2025;10:28:30;;;5;000092;;100;\OR^E;100;MAGACIN \OR^E;19.08.2025;19.08.2025;;;;;;0,00;0,00;0,00;1,000000;0,00;;;;;;0,00;0;;0;;0;;0,00;0,00;;;;
21.08.2025;08:21:35;;;9;000061;;100;\OR^E;1;ZORAN BITOLA;19.08.2025;03.09.2025;;;;5460,00;;5200,00;0,00;0,00;0,000000;0,00;D;;;;;0,00;0;;0;;0;;0,00;260,00;;;;
02.10.2025;09:56:58;;;2;001094;;100;\OR^E;160;DOOEL A.M. OHRID;19.08.2025;26.08.2025;;;;20947,50;;19950,00;0,00;0,00;0,000000;0,00;D;;;;;0,00;0;;0;;0;;0,00;997,50;;;;
22.08.2025;14:17:04;;;2;001095;VERO-7 gtc;100;\OR^E;1050;VEROPULOS DOOEL SKOPJE;20.08.2025;19.10.2025;;;;3677,50;;3502,50;0,00;0,00;0,000000;0,00;D;;;;;0,00;0;;0;;0;;0,00;175,00;;;;
22.08.2025;14:41:30;;;2;001096;VERO-10 k.voda;100;\OR^E;1050;VEROPULOS DOOEL SKOPJE;20.08.2025;19.10.2025;;;;2257,50;;2150,00;0,00;0,00;0,000000;0,00;D;;;;;0,00;0;;0;;0;;0,00;107,50;;;;
22.08.2025;14:41:44;;;2;001097;VERO-2 taftalixe;100;\OR^E;1050;VEROPULOS DOOEL SKOPJE;20.08.2025;19.10.2025;;;;5264,50;;5014,00;0,00;0,00;0,000000;0,00;D;;;;;0,00;0;;0;;0;;0,00;250,50;;;;
22.08.2025;14:37:32;;;2;001098;;100;\OR^E;877;INTEGRAL DOOEL;20.08.2025;04.09.2025;;;;9456,50;;9006,00;0,00;0,00;0,000000;0,00;D;;;;;0,00;0;;0;;0;;0,00;450,50;;;;
22.08.2025;14:37:54;;;2;001099;SUPER TINEKS-11 lisa;100;\OR^E;1201;TINEKS MT;20.08.2025;18.11.2025;;;;4269,00;;4065,50;0,00;0,00;0,000000;0,00;D;;;;;0,00;0;;0;;0;;0,00;203,50;;;;
21.08.2025;08:25:35;;;2;001100;podr.ramstore kapitol moll;100;\OR^E;971;RAMSTORE MAKEDONIJA DOO SKOPJE;20.08.2025;19.10.2025;;;;1984,50;;1890,00;0,00;0,00;0,000000;0,00;D;;;;;0,00;0;;0;;0;;0,00;94,50;;;;
21.08.2025;08:25:52;;;2;001101;magacin gor^e;100;\OR^E;1158;SEQ-IS;20.08.2025;27.08.2025;;;;26438,50;;25179,50;0,00;0,00;0,000000;0,00;D;;;;;0,00;0;;0;;0;;0,00;1259,00;;;;
20.08.2025;14:31:03;;;5;000093;;100;\OR^E;100;MAGACIN \OR^E;20.08.2025;20.08.2025;;;;;;0,00;0,00;0,00;1,000000;0,00;;;;;;0,00;0;;0;;0;;0,00;0,00;;;;
21.08.2025;08:26:15;;;2;001102;TINEKS karpo[-3;100;\OR^E;1201;TINEKS MT;20.08.2025;18.11.2025;;;;2504,00;;2384,50;0,00;0,00;0,000000;0,00;D;;;;;0,00;0;;0;;0;;0,00;119,50;;;;
21.08.2025;08:27:16;;;2;001103;VERO-1 aerodrom;100;\OR^E;1050;VEROPULOS DOOEL SKOPJE;20.08.2025;19.10.2025;;;;3606,00;;3434,50;0,00;0,00;0,000000;0,00;D;;;;;0,00;0;;0;;0;;0,00;171,50;;;;
21.08.2025;08:27:45;;;2;001104;REPTIL-17 kozle;100;\OR^E;1225;REPTIL DPTU;20.08.2025;19.09.2025;;;;3717,00;;3540,00;0,00;0,00;0,000000;0,00;D;;;;;0,00;0;;0;;0;;0,00;177,00;;;;
21.08.2025;08:27:59;;;2;001105;TINEKS aerodrom;100;\OR^E;1201;TINEKS MT;20.08.2025;18.11.2025;;;;1746,00;;1663,00;0,00;0,00;0,000000;0,00;D;;;;;0,00;0;;0;;0;;0,00;83,00;;;;
21.08.2025;08:28:15;;;2;001106;SUPER TINEKS-13 pra[ka;100;\OR^E;1201;TINEKS MT;20.08.2025;18.11.2025;;;;2421,50;;2306,00;0,00;0,00;0,000000;0,00;D;;;;;0,00;0;;0;;0;;0,00;115,50;;;;
22.08.2025;14:47:59;;;2;001107;VERO-11 tetovo;100;\OR^E;1050;VEROPULOS DOOEL SKOPJE;21.08.2025;20.10.2025;;;;1666,50;;1587,00;0,00;0,00;0,000000;0,00;D;;;;;0,00;0;;0;;0;;0,00;79,50;;;;
22.08.2025;14:48:07;;;2;001108;VERO-4 bitola;100;\OR^E;1050;VEROPULOS DOOEL SKOPJE;21.08.2025;20.10.2025;;;;2257,50;;2150,00;0,00;0,00;0,000000;0,00;D;;;;;0,00;0;;0;;0;;0,00;107,50;;;;
22.08.2025;14:48:23;;;2;001109;VERO-3 tetovo;100;\OR^E;1050;VEROPULOS DOOEL SKOPJE;21.08.2025;20.10.2025;;;;2495,50;;2376,50;0,00;0,00;0,000000;0,00;D;;;;;0,00;0;;0;;0;;0,00;119,00;;;;
02.10.2025;09:57:10;;;2;001110;;100;\OR^E;37;GALEKS RA DOOEL;21.08.2025;28.08.2025;;;;4630,50;;4410,00;0,00;0,00;0,000000;0,00;D;;;;;0,00;0;;0;;0;;0,00;220,50;;;;
26.08.2025;09:31:36;;;2;001111;DIM market-23 k.voda;100;\OR^E;874;T.D.GRANDPROM ZUR DOO;25.08.2025;24.09.2025;;;;15266,50;;14539,00;0,00;0,00;0,000000;0,00;D;;;;;0,00;0;;0;;0;;0,00;727,50;;;;
22.08.2025;14:48:49;;;2;001112;DIM market-3 gazi baba;100;\OR^E;874;T.D.GRANDPROM ZUR DOO;21.08.2025;20.09.2025;;;;4440,00;;4228,50;0,00;0,00;0,000000;0,00;D;;;;;0,00;0;;0;;0;;0,00;211,50;;;;
22.08.2025;14:49:01;;;2;001113;DIM market-4 hrom;100;\OR^E;874;T.D.GRANDPROM ZUR DOO;21.08.2025;20.09.2025;;;;5814,00;;5537,00;0,00;0,00;0,000000;0,00;D;;;;;0,00;0;;0;;0;;0,00;277,00;;;;
22.08.2025;14:49:11;;;2;001114;DIM market-6 gor^e;100;\OR^E;874;T.D.GRANDPROM ZUR DOO;21.08.2025;20.09.2025;;;;4314,00;;4108,50;0,00;0,00;0,000000;0,00;D;;;;;0,00;0;;0;;0;;0,00;205,50;;;;
22.08.2025;14:49:27;;;2;001115;DIM market-7 aerodrom;100;\OR^E;874;T.D.GRANDPROM ZUR DOO;21.08.2025;20.09.2025;;;;3654,00;;3480,00;0,00;0,00;0,000000;0,00;D;;;;;0,00;0;;0;;0;;0,00;174,00;;;;
22.08.2025;14:49:49;;;2;001116;DIM market-17 ^ento;100;\OR^E;874;T.D.GRANDPROM ZUR DOO;21.08.2025;20.09.2025;;;;2487,00;;2368,50;0,00;0,00;0,000000;0,00;D;;;;;0,00;0;;0;;0;;0,00;118,50;;;;
22.08.2025;14:51:06;;;2;001117;DIM market-18^ento;100;\OR^E;874;T.D.GRANDPROM ZUR DOO;21.08.2025;20.09.2025;;;;3327,00;;3168,50;0,00;0,00;0,000000;0,00;D;;;;;0,00;0;;0;;0;;0,00;158,50;;;;
22.08.2025;14:51:18;;;2;001118;DIM market-21 voena;100;\OR^E;874;T.D.GRANDPROM ZUR DOO;21.08.2025;20.09.2025;;;;3654,00;;3480,00;0,00;0,00;0,000000;0,00;D;;;;;0,00;0;;0;;0;;0,00;174,00;;;;
22.08.2025;14:51:27;;;2;001119;DIM market-22 gor^e;100;\OR^E;874;T.D.GRANDPROM ZUR DOO;21.08.2025;20.09.2025;;;;4440,00;;4228,50;0,00;0,00;0,000000;0,00;D;;;;;0,00;0;;0;;0;;0,00;211,50;;;;
22.08.2025;14:51:41;;;2;001120;DIM market-14 karpo[-4;100;\OR^E;874;T.D.GRANDPROM ZUR DOO;21.08.2025;20.09.2025;;;;3327,00;;3168,50;0,00;0,00;0,000000;0,00;D;;;;;0,00;0;;0;;0;;0,00;158,50;;;;
02.10.2025;09:57:20;;;2;001121;DIM market- kumanovo;100;\OR^E;874;T.D.GRANDPROM ZUR DOO;21.08.2025;20.09.2025;;;;5280,00;;5028,50;0,00;0,00;0,000000;0,00;D;;;;;0,00;0;;0;;0;;0,00;251,50;;;;
02.10.2025;09:58:40;;;2;001122;DIM market-12 kumanovo;100;\OR^E;874;T.D.GRANDPROM ZUR DOO;21.08.2025;20.09.2025;;;;2487,00;;2368,50;0,00;0,00;0,000000;0,00;D;;;;;0,00;0;;0;;0;;0,00;118,50;;;;
02.10.2025;09:59:10;;;2;001123;DIM market-16 berovo;100;\OR^E;874;T.D.GRANDPROM ZUR DOO;21.08.2025;20.09.2025;;;;6864,00;;6537,00;0,00;0,00;0,000000;0,00;D;;;;;0,00;0;;0;;0;;0,00;327,00;;;;
02.10.2025;09:59:43;;;2;001124;DIM market-20 ko^ani;100;\OR^E;874;T.D.GRANDPROM ZUR DOO;21.08.2025;20.09.2025;;;;3084,00;;2937,00;0,00;0,00;0,000000;0,00;D;;;;;0,00;0;;0;;0;;0,00;147,00;;;;
22.08.2025;08:50:38;;;2;001125;;100;\OR^E;1028;MAKROPROM;21.08.2025;28.08.2025;;;;17237,00;;16416,00;0,00;0,00;0,000000;0,00;D;;;;;0,00;0;;0;;0;;0,00;821,00;;;;
22.08.2025;14:55:51;;;2;001126;DIM market-1 s.stajkovci;100;\OR^E;874;T.D.GRANDPROM ZUR DOO;22.08.2025;21.09.2025;;;;5607,00;;5340,00;0,00;0,00;0,000000;0,00;D;;;;;0,00;0;;0;;0;;0,00;267,00;;;;
22.08.2025;14:56:12;;;2;001127;DIM market-3 K.voda;100;\OR^E;874;T.D.GRANDPROM ZUR DOO;22.08.2025;21.09.2025;;;;5898,00;;5617,00;0,00;0,00;0,000000;0,00;D;;;;;0,00;0;;0;;0;;0,00;281,00;;;;
22.08.2025;14:57:41;;;2;001128;DIM-19centar;100;\OR^E;874;T.D.GRANDPROM ZUR DOO;22.08.2025;21.09.2025;;;;3453,00;;3288,50;0,00;0,00;0,000000;0,00;D;;;;;0,00;0;;0;;0;;0,00;164,50;;;;
22.08.2025;14:57:51;;;2;001129;REPTIL-12 dolno nerezi;100;\OR^E;1225;REPTIL DPTU;22.08.2025;21.09.2025;;;;4440,00;;4229,00;0,00;0,00;0,000000;0,00;D;;;;;0,00;0;;0;;0;;0,00;211,00;;;;
22.08.2025;14:58:08;;;2;001130;REPTIL-18 vlae;100;\OR^E;1225;REPTIL DPTU;22.08.2025;21.09.2025;;;;2487,00;;2368,50;0,00;0,00;0,000000;0,00;D;;;;;0,00;0;;0;;0;;0,00;118,50;;;;
16.10.2025;08:59:23;;;2;001131;podr.bife ^elik;100;\OR^E;1434;MARJAN-KOOP DOOEL SKOPJE;22.08.2025;29.08.2025;;;;8715,00;;8300,00;0,00;0,00;0,000000;0,00;D;;;;;0,00;0;;0;;0;;0,00;415,00;;;;
22.08.2025;14:58:47;;;2;001132;REPTIL-1 ruzveltova;100;\OR^E;1225;REPTIL DPTU;22.08.2025;21.09.2025;;;;3654,00;;3480,00;0,00;0,00;0,000000;0,00;D;;;;;0,00;0;;0;;0;;0,00;174,00;;;;
22.08.2025;14:59:52;;;2;001133;ZUR market-3 przino;100;\OR^E;874;T.D.GRANDPROM ZUR DOO;22.08.2025;21.09.2025;;;;2157,00;;2054,50;0,00;0,00;0,000000;0,00;D;;;;;0,00;0;;0;;0;;0,00;102,50;;;;
16.10.2025;11:10:24;;;9;000062;RESTORAN florijan;100;\OR^E;2;RESTORAN FLORIAN DOOEL TETOVO;22.08.2025;22.08.2025;;;;11660,00;;11105,00;0,00;0,00;0,000000;0,00;D;;;;;0,00;0;;0;;0;;0,00;555,00;;;;
22.08.2025;10:22:10;;;5;000094;;100;\OR^E;100;MAGACIN \OR^E;22.08.2025;22.08.2025;;;;;;0,00;0,00;0,00;1,000000;0,00;;;;;;0,00;0;;0;;0;;0,00;0,00;;;;
22.08.2025;15:00:35;;;2;001134;ZUR market-14 maxari;100;\OR^E;874;T.D.GRANDPROM ZUR DOO;22.08.2025;21.09.2025;;;;4494,00;;4280,00;0,00;0,00;0,000000;0,00;D;;;;;0,00;0;;0;;0;;0,00;214,00;;;;
25.08.2025;08:50:25;;;2;001135;lisi^e;100;\OR^E;56;BEJKING BREAD DOOEL;22.08.2025;29.08.2025;;;;924,00;;880,00;0,00;0,00;0,000000;0,00;D;;;;;0,00;0;;0;;0;;0,00;44,00;;;;
26.08.2025;09:34:40;;;2;001136;VERO-5 centar;100;\OR^E;1050;VEROPULOS DOOEL SKOPJE;25.08.2025;24.10.2025;;;;2332,50;;2221,50;0,00;0,00;0,000000;0,00;D;;;;;0,00;0;;0;;0;;0,00;111,00;;;;
26.08.2025;14:26:53;;;2;001137;rabotilnica;100;\OR^E;1168;TP SENDVI^ARA 7;26.08.2025;02.09.2025;;;;35192,00;;33516,00;0,00;0,00;0,000000;0,00;D;;;;;0,00;0;;0;;0;;0,00;1676,00;;;;
26.08.2025;14:26:24;;;5;000095;;100;\OR^E;100;MAGACIN \OR^E;26.08.2025;26.08.2025;;;;;;0,00;0,00;0,00;1,000000;0,00;;;;;;0,00;0;;0;;0;;0,00;0,00;;;;
26.08.2025;14:27:44;;;2;001138;VERO-2 taftalixe;100;\OR^E;1050;VEROPULOS DOOEL SKOPJE;26.08.2025;25.10.2025;;;;4353,00;;4146,00;0,00;0,00;0,000000;0,00;D;;;;;0,00;0;;0;;0;;0,00;207,00;;;;
08.09.2025;09:57:59;;;2;001139;VERO-7 gtc;100;\OR^E;1050;VEROPULOS DOOEL SKOPJE;26.08.2025;25.10.2025;;;;3783,50;;3603,50;0,00;0,00;0,000000;0,00;D;;;;;0,00;0;;0;;0;;0,00;180,00;;;;
26.08.2025;14:30:45;;;2;001140;ZUR market-10 centar;100;\OR^E;874;T.D.GRANDPROM ZUR DOO;26.08.2025;25.09.2025;;;;1533,00;;1460,00;0,00;0,00;0,000000;0,00;D;;;;;0,00;0;;0;;0;;0,00;73,00;;;;
26.08.2025;14:31:25;;;2;001141;REPTIL-21 centar;100;\OR^E;1225;REPTIL DPTU;26.08.2025;25.09.2025;;;;3822,00;;3640,00;0,00;0,00;0,000000;0,00;D;;;;;0,00;0;;0;;0;;0,00;182,00;;;;
26.08.2025;14:32:33;;;2;001142;SUPER TINEKS-4 kon^ar;100;\OR^E;1201;TINEKS MT;26.08.2025;24.11.2025;;;;3631,00;;3458,00;0,00;0,00;0,000000;0,00;D;;;;;0,00;0;;0;;0;;0,00;173,00;;;;
26.08.2025;14:33:20;;;2;001143;SUPER TINEKS-2 zebra;100;\OR^E;1201;TINEKS MT;26.08.2025;24.11.2025;;;;4924,50;;4690,00;0,00;0,00;0,000000;0,00;D;;;;;0,00;0;;0;;0;;0,00;234,50;;;;
26.08.2025;14:34:29;;;2;001144;SUPER TINEKS-16 east gate;100;\OR^E;1201;TINEKS MT;26.08.2025;24.11.2025;;;;3132,00;;2983,00;0,00;0,00;0,000000;0,00;D;;;;;0,00;0;;0;;0;;0,00;149,00;;;;
26.08.2025;14:35:24;;;2;001145;VERO-6 bitola;100;\OR^E;1050;VEROPULOS DOOEL SKOPJE;26.08.2025;25.10.2025;;;;8580,00;;8172,00;0,00;0,00;0,000000;0,00;D;;;;;0,00;0;;0;;0;;0,00;408,00;;;;
27.08.2025;10:56:24;;;9;000063;^ar[ija;100;\OR^E;9;GALERIJA-7 ^AR[IJA;27.08.2025;27.08.2025;;;;2250,00;;2143,00;0,00;0,00;0,000000;0,00;D;;;;;0,00;0;;0;;0;;0,00;107,00;;;;
28.08.2025;10:34:13;;;2;001146;DIM market-5 dra^evo;100;\OR^E;874;T.D.GRANDPROM ZUR DOO;27.08.2025;26.09.2025;;;;4440,00;;4228,50;0,00;0,00;0,000000;0,00;D;;;;;0,00;0;;0;;0;;0,00;211,50;;;;
28.08.2025;10:40:14;;;2;001147;DIM -8 d.lisi^e;100;\OR^E;874;T.D.GRANDPROM ZUR DOO;27.08.2025;26.09.2025;;;;3654,00;;3480,00;0,00;0,00;0,000000;0,00;D;;;;;0,00;0;;0;;0;;0,00;174,00;;;;
29.08.2025;08:21:36;;;2;001148;VERO- n.banka;100;\OR^E;1050;VEROPULOS DOOEL SKOPJE;28.08.2025;27.10.2025;;;;2406,50;;2292,00;0,00;0,00;0,000000;0,00;D;;;;;0,00;0;;0;;0;;0,00;114,50;;;;
28.08.2025;10:46:35;;;2;001149;podr.ramstore city moll;100;\OR^E;971;RAMSTORE MAKEDONIJA DOO SKOPJE;27.08.2025;26.10.2025;;;;3276,50;;3120,50;0,00;0,00;0,000000;0,00;D;;;;;0,00;0;;0;;0;;0,00;156,00;;;;
28.08.2025;10:47:38;;;2;001150;GIGO TREJD-2 gor^e;100;\OR^E;2008;GIGO-TREJD;27.08.2025;03.09.2025;;;;1206,00;;1148,50;0,00;0,00;0,000000;0,00;D;;;;;0,00;0;;0;;0;;0,00;57,50;;;;
28.08.2025;10:48:19;;;2;001151;REPTIL-7 porta;100;\OR^E;1225;REPTIL DPTU;27.08.2025;26.09.2025;;;;2373,00;;2260,00;0,00;0,00;0,000000;0,00;D;;;;;0,00;0;;0;;0;;0,00;113,00;;;;
28.08.2025;10:50:05;;;2;001152;REPTIL-10 butel;100;\OR^E;1225;REPTIL DPTU;27.08.2025;26.09.2025;;;;8766,00;;8348,50;0,00;0,00;0,000000;0,00;D;;;;;0,00;0;;0;;0;;0,00;417,50;;;;
28.08.2025;10:50:35;;;2;001153;ZUR market-2 dra^evo;100;\OR^E;874;T.D.GRANDPROM ZUR DOO;27.08.2025;26.09.2025;;;;1827,00;;1740,00;0,00;0,00;0,000000;0,00;D;;;;;0,00;0;;0;;0;;0,00;87,00;;;;
28.08.2025;10:51:39;;;2;001154;ZUR market-1 dra^evo;100;\OR^E;874;T.D.GRANDPROM ZUR DOO;27.08.2025;26.09.2025;;;;10719,00;;10208,50;0,00;0,00;0,000000;0,00;D;;;;;0,00;0;;0;;0;;0,00;510,50;;;;
28.08.2025;10:52:44;;;2;001155;ZUR market-13 dra^evo;100;\OR^E;874;T.D.GRANDPROM ZUR DOO;27.08.2025;26.09.2025;;;;3147,00;;2997,00;0,00;0,00;0,000000;0,00;D;;;;;0,00;0;;0;;0;;0,00;150,00;;;;
02.09.2025;08:47:59;;;2;001156;VERO-3 tetovo;100;\OR^E;1050;VEROPULOS DOOEL SKOPJE;28.08.2025;27.10.2025;;;;4346,50;;4139,50;0,00;0,00;0,000000;0,00;D;;;;;0,00;0;;0;;0;;0,00;207,00;;;;
28.08.2025;11:02:36;;;9;000064;saraj;100;\OR^E;73;DONER NEAT SARAJ;29.08.2025;29.08.2025;;;;2205,00;;2100,00;0,00;0,00;0,000000;0,00;D;;;;;0,00;0;;0;;0;;0,00;105,00;;;;
29.08.2025;12:24:20;;;9;000065;;100;\OR^E;958;BURGER HAUS DOOEL TETOVO;29.08.2025;29.08.2025;;;;7110,00;;6771,50;0,00;0,00;0,000000;0,00;D;;;;;0,00;0;;0;;0;;0,00;338,50;;;;
01.09.2025;09:50:55;;;9;000066;;100;\OR^E;8;RESTORAN FA-FA SKOPJE;01.09.2025;01.09.2025;;;;4200,00;;4000,00;0,00;0,00;0,000000;0,00;D;;;;;0,00;0;;0;;0;;0,00;200,00;;;;
02.09.2025;08:49:48;;;2;001157;;100;\OR^E;1201;TINEKS MT;02.09.2025;02.09.2025;;;;0,00;;0,00;0,00;0,00;0,000000;0,00;D;;;;;0,00;0;;0;;0;;0,00;0,00;;;;
02.09.2025;08:49:59;;;2;001158;;100;\OR^E;1201;TINEKS MT;02.09.2025;02.09.2025;;;;0,00;;0,00;0,00;0,00;0,000000;0,00;D;;;;;0,00;0;;0;;0;;0,00;0,00;;;;
02.09.2025;08:52:50;;;2;001159;TINEKS-39stara televizija;100;\OR^E;1201;TINEKS MT;01.09.2025;30.11.2025;;;;8907,50;;8482,50;0,00;0,00;0,000000;0,00;D;;;;;0,00;0;;0;;0;;0,00;425,00;;;;
02.09.2025;08:52:34;;;2;001160;TINEKS -8 [ipad;100;\OR^E;1201;TINEKS MT;01.09.2025;30.11.2025;;;;1746,00;;1663,00;0,00;0,00;0,000000;0,00;D;;;;;0,00;0;;0;;0;;0,00;83,00;;;;
04.09.2025;09:09:06;;;2;001161;saraj;100;\OR^E;63;DERVENT PRODUKT DOOEL SKOPJE;02.09.2025;09.09.2025;;;;24718,00;;23541,00;0,00;0,00;0,000000;0,00;D;;;;;0,00;0;;0;;0;;0,00;1177,00;;;;
02.09.2025;08:54:08;;;5;000096;;100;\OR^E;100;MAGACIN \OR^E;02.09.2025;02.09.2025;;;;;;0,00;0,00;0,00;1,000000;0,00;;;;;;0,00;0;;0;;0;;0,00;0,00;;;;
05.09.2025;10:34:52;;;2;001162;;100;\OR^E;1328;BONTE KOMPANI;02.09.2025;09.09.2025;;;;15920,00;;15162,00;0,00;0,00;0,000000;0,00;D;;;;;0,00;0;;0;;0;;0,00;758,00;;;;
02.09.2025;08:56:09;;;2;001163;SUPER TINEKS-1 godel;100;\OR^E;1201;TINEKS MT;01.09.2025;30.11.2025;;;;5045,50;;4805,00;0,00;0,00;0,000000;0,00;D;;;;;0,00;0;;0;;0;;0,00;240,50;;;;
02.09.2025;08:57:06;;;2;001164;;100;\OR^E;1095;BOMAGO;01.09.2025;08.09.2025;;;;25017,50;;23826,00;0,00;0,00;0,000000;0,00;D;;;;;0,00;0;;0;;0;;0,00;1191,50;;;;
02.09.2025;08:57:54;;;2;001165;;100;\OR^E;866;BTA MAKEDONIJA DOOEL;01.09.2025;01.10.2025;;;;10581,00;;10077,00;0,00;0,00;0,000000;0,00;D;;;;;0,00;0;;0;;0;;0,00;504,00;;;;
29.10.2025;12:15:29;;;2;001166;;100;\OR^E;57;NOA GIRADIKO SKOPJE;01.09.2025;08.09.2025;;;;6835,50;;6510,00;0,00;0,00;0,000000;0,00;D;;;;;0,00;0;;0;;0;;0,00;325,50;;;;
02.09.2025;09:37:51;;;2;001167;TINEKS gor^e;100;\OR^E;1201;TINEKS MT;01.09.2025;30.11.2025;;;;2365,00;;2252,50;0,00;0,00;0,000000;0,00;D;;;;;0,00;0;;0;;0;;0,00;112,50;;;;
02.09.2025;09:38:33;;;2;001168;;100;\OR^E;1348;KVATRO;01.09.2025;08.09.2025;;;;17529,50;;16694,50;0,00;0,00;0,000000;0,00;D;;;;;0,00;0;;0;;0;;0,00;835,00;;;;
03.09.2025;08:38:06;;;9;000067;;100;\OR^E;1;ZORAN BITOLA;03.09.2025;18.09.2025;;;;5460,00;;5200,00;0,00;0,00;0,000000;0,00;D;;;;;0,00;0;;0;;0;;0,00;260,00;;;;
03.09.2025;09:12:41;;;9;000068;;100;\OR^E;67;PICERIJA PICIKATO TETOVO;03.09.2025;03.09.2025;;;;1500,00;;1428,50;0,00;0,00;0,000000;0,00;D;;;;;0,00;0;;0;;0;;0,00;71,50;;;;
04.09.2025;09:09:44;;;2;001169;SUPER TINEKS-11 lisa;100;\OR^E;1201;TINEKS MT;03.09.2025;02.12.2025;;;;4148,50;;3951,00;0,00;0,00;0,000000;0,00;D;;;;;0,00;0;;0;;0;;0,00;197,50;;;;
04.09.2025;09:10:00;;;2;001170;VERO-2 taftalixe;100;\OR^E;1050;VEROPULOS DOOEL SKOPJE;03.09.2025;02.11.2025;;;;7786,00;;7416,00;0,00;0,00;0,000000;0,00;D;;;;;0,00;0;;0;;0;;0,00;370,00;;;;
04.09.2025;09:10:26;;;2;001171;podr.ramstore g.lisi^e;100;\OR^E;971;RAMSTORE MAKEDONIJA DOO SKOPJE;03.09.2025;02.11.2025;;;;4714,50;;4490,00;0,00;0,00;0,000000;0,00;D;;;;;0,00;0;;0;;0;;0,00;224,50;;;;
04.09.2025;09:10:48;;;2;001172;leptokarija;100;\OR^E;1168;TP SENDVI^ARA 7;02.09.2025;09.09.2025;;;;8798,00;;8379,00;0,00;0,00;0,000000;0,00;D;;;;;0,00;0;;0;;0;;0,00;419,00;;;;
22.10.2025;10:50:54;;;2;001173;;100;\OR^E;899;NEKTARKOOP DOOEL KUMANOVO;03.09.2025;03.09.2025;;;;5250,00;;5000,00;0,00;0,00;0,000000;0,00;D;;;;;0,00;0;;0;;0;;0,00;250,00;;;;
04.09.2025;09:12:26;;;2;001174;podr.ramstore vardar;100;\OR^E;971;RAMSTORE MAKEDONIJA DOO SKOPJE;03.09.2025;02.11.2025;;;;5418,50;;5160,50;0,00;0,00;0,000000;0,00;D;;;;;0,00;0;;0;;0;;0,00;258,00;;;;
04.09.2025;09:25:33;;;2;001175;VERO-12 -karpo[-4;100;\OR^E;1050;VEROPULOS DOOEL SKOPJE;03.09.2025;02.11.2025;;;;3924,00;;3737,50;0,00;0,00;0,000000;0,00;D;;;;;0,00;0;;0;;0;;0,00;186,50;;;;
04.09.2025;09:25:45;;;2;001176;TINEKS delikatesen (beko);100;\OR^E;1201;TINEKS MT;03.09.2025;02.12.2025;;;;4333,00;;4127,00;0,00;0,00;0,000000;0,00;D;;;;;0,00;0;;0;;0;;0,00;206,00;;;;
04.09.2025;09:26:10;;;2;001177;REPTIL-8radi[ani;100;\OR^E;1225;REPTIL DPTU;03.09.2025;03.10.2025;;;;3213,00;;3060,00;0,00;0,00;0,000000;0,00;D;;;;;0,00;0;;0;;0;;0,00;153,00;;;;
04.09.2025;09:26:23;;;2;001178;TINEKS-3 karpo[-3;100;\OR^E;1201;TINEKS MT;03.09.2025;02.12.2025;;;;2263,50;;2156,00;0,00;0,00;0,000000;0,00;D;;;;;0,00;0;;0;;0;;0,00;107,50;;;;
04.09.2025;09:26:33;;;2;001179;VERO-1 aerodrom;100;\OR^E;1050;VEROPULOS DOOEL SKOPJE;03.09.2025;02.11.2025;;;;4418,00;;4208,00;0,00;0,00;0,000000;0,00;D;;;;;0,00;0;;0;;0;;0,00;210,00;;;;
29.10.2025;12:33:29;;;2;001180;;100;\OR^E;1371;SER@;03.09.2025;10.09.2025;;;;1257,00;;1197,00;0,00;0,00;0,000000;0,00;D;;;;;0,00;0;;0;;0;;0,00;60,00;;;;
05.09.2025;10:48:14;;;2;001181;ZUR market- n.lisi^e;100;\OR^E;874;T.D.GRANDPROM ZUR DOO;03.09.2025;03.10.2025;;;;5418,00;;5160,00;0,00;0,00;0,000000;0,00;D;;;;;0,00;0;;0;;0;;0,00;258,00;;;;
04.09.2025;09:27:02;;;2;001182;TINEKS aerodrom;100;\OR^E;1201;TINEKS MT;03.09.2025;02.12.2025;;;;5543,50;;5279,50;0,00;0,00;0,000000;0,00;D;;;;;0,00;0;;0;;0;;0,00;264,00;;;;
04.09.2025;09:27:20;;;2;001183;REPTIL-14 lisi^e;100;\OR^E;1225;REPTIL DPTU;03.09.2025;03.10.2025;;;;6927,00;;6597,00;0,00;0,00;0,000000;0,00;D;;;;;0,00;0;;0;;0;;0,00;330,00;;;;
05.09.2025;10:53:51;;;2;001184;VERO- 9 n.banka;100;\OR^E;1050;VEROPULOS DOOEL SKOPJE;04.09.2025;03.11.2025;;;;2036,50;;1939,50;0,00;0,00;0,000000;0,00;D;;;;;0,00;0;;0;;0;;0,00;97,00;;;;
05.09.2025;10:55:34;;;2;001185;VERO-8 ^air;100;\OR^E;1050;VEROPULOS DOOEL SKOPJE;04.09.2025;03.11.2025;;;;5723,00;;5451,00;0,00;0,00;0,000000;0,00;D;;;;;0,00;0;;0;;0;;0,00;272,00;;;;
05.09.2025;10:56:29;;;2;001186;VERO-10 k.voda;100;\OR^E;1050;VEROPULOS DOOEL SKOPJE;04.09.2025;03.11.2025;;;;1323,00;;1260,00;0,00;0,00;0,000000;0,00;D;;;;;0,00;0;;0;;0;;0,00;63,00;;;;
05.09.2025;10:57:21;;;2;001187;centar gtc;100;\OR^E;24;PLANET PI ES DOOOEL;04.09.2025;11.09.2025;;;;3023,50;;2879,50;0,00;0,00;0,000000;0,00;D;;;;;0,00;0;;0;;0;;0,00;144,00;;;;
05.09.2025;11:16:20;;;2;001188;REPTIL-15 z.pazar;100;\OR^E;1225;REPTIL DPTU;04.09.2025;04.10.2025;;;;2478,00;;2360,00;0,00;0,00;0,000000;0,00;D;;;;;0,00;0;;0;;0;;0,00;118,00;;;;
05.09.2025;11:16:51;;;2;001189;;100;\OR^E;156;BOSA DVA;04.09.2025;11.09.2025;;;;7780,50;;7410,00;0,00;0,00;0,000000;0,00;D;;;;;0,00;0;;0;;0;;0,00;370,50;;;;
05.09.2025;11:17:32;;;2;001190;;100;\OR^E;165;MRE@A DOO;04.09.2025;04.10.2025;;;;58972,00;;56164,00;0,00;0,00;0,000000;0,00;D;;;;;0,00;0;;0;;0;;0,00;2808,00;;;;
05.09.2025;11:20:44;;;2;001191;;100;\OR^E;883;SPECIJAL PRODUKT DOOEL;04.09.2025;04.09.2025;;;;38334,00;;36508,50;0,00;0,00;0,000000;0,00;D;;;;;0,00;0;;0;;0;;0,00;1825,50;;;;
16.09.2025;09:01:07;;;2;001192;SUPER TINEKS-11 lisa;100;\OR^E;1201;TINEKS MT;12.09.2025;11.12.2025;;;;6616,00;;6300,50;0,00;0,00;0,000000;0,00;D;;;;;0,00;0;;0;;0;;0,00;315,50;;;;
12.09.2025;09:26:41;;;2;001193;;100;\OR^E;1028;MAKROPROM;09.09.2025;16.09.2025;;;;28209,50;;26866,00;0,00;0,00;0,000000;0,00;D;;;;;0,00;0;;0;;0;;0,00;1343,50;;;;
09.09.2025;14:44:41;;;2;001194;REPTIL-1 avtokomanda;100;\OR^E;1225;REPTIL DPTU;09.09.2025;09.10.2025;;;;2803,50;;2670,00;0,00;0,00;0,000000;0,00;D;;;;;0,00;0;;0;;0;;0,00;133,50;;;;
09.09.2025;14:45:45;;;2;001195;TINEKS centar-2;100;\OR^E;1201;TINEKS MT;09.09.2025;08.12.2025;;;;4767,50;;4540,50;0,00;0,00;0,000000;0,00;D;;;;;0,00;0;;0;;0;;0,00;227,00;;;;
12.09.2025;09:28:17;;;2;001196;VERO-2 taftalixe;100;\OR^E;1050;VEROPULOS DOOEL SKOPJE;11.09.2025;10.11.2025;;;;6299,50;;6000,00;0,00;0,00;0,000000;0,00;D;;;;;0,00;0;;0;;0;;0,00;299,50;;;;
12.09.2025;09:34:07;;;2;001197;podr.ramstore city moll;100;\OR^E;971;RAMSTORE MAKEDONIJA DOO SKOPJE;11.09.2025;10.11.2025;;;;1292,00;;1230,50;0,00;0,00;0,000000;0,00;D;;;;;0,00;0;;0;;0;;0,00;61,50;;;;
12.09.2025;09:35:57;;;2;001198;VERO-7 gtc;100;\OR^E;1050;VEROPULOS DOOEL SKOPJE;11.09.2025;10.11.2025;;;;3729,50;;3552,00;0,00;0,00;0,000000;0,00;D;;;;;0,00;0;;0;;0;;0,00;177,50;;;;
12.09.2025;09:37:53;;;2;001199;SUPER TINEKS-2 zebra;100;\OR^E;1201;TINEKS MT;12.09.2025;11.12.2025;;;;2365,00;;2252,50;0,00;0,00;0,000000;0,00;D;;;;;0,00;0;;0;;0;;0,00;112,50;;;;
12.09.2025;09:40:25;;;2;001200;SUPER TINEKS-4 kon^ar;100;\OR^E;1201;TINEKS MT;11.09.2025;10.12.2025;;;;2162,00;;2059,00;0,00;0,00;0,000000;0,00;D;;;;;0,00;0;;0;;0;;0,00;103,00;;;;
01.10.2025;08:55:32;;;2;001201;s.zelino;100;\OR^E;1020;DERVENT PROMET;11.09.2025;18.09.2025;;;;22518,00;;21446,00;0,00;0,00;0,000000;0,00;D;;;;;0,00;0;;0;;0;;0,00;1072,00;;;;
15.09.2025;08:44:30;;;5;000097;;100;\OR^E;100;MAGACIN \OR^E;12.09.2025;12.09.2025;;;;;;0,00;0,00;0,00;1,000000;0,00;;;;;;0,00;0;;0;;0;;0,00;0,00;;;;
12.09.2025;09:43:48;;;2;001202;ZUR market-21 gor^e;100;\OR^E;874;T.D.GRANDPROM ZUR DOO;11.09.2025;11.10.2025;;;;4620,00;;4400,00;0,00;0,00;0,000000;0,00;D;;;;;0,00;0;;0;;0;;0,00;220,00;;;;
12.09.2025;09:45:44;;;2;001203;ZUR market-12 vlae;100;\OR^E;874;T.D.GRANDPROM ZUR DOO;11.09.2025;11.10.2025;;;;1827,00;;1740,00;0,00;0,00;0,000000;0,00;D;;;;;0,00;0;;0;;0;;0,00;87,00;;;;
12.09.2025;09:46:28;;;2;001204;ZUR market-15 k.voda;100;\OR^E;874;T.D.GRANDPROM ZUR DOO;11.09.2025;11.10.2025;;;;2529,00;;2409,00;0,00;0,00;0,000000;0,00;D;;;;;0,00;0;;0;;0;;0,00;120,00;;;;
12.09.2025;09:47:37;;;2;001205;REPTIL-3 k.voda;100;\OR^E;1225;REPTIL DPTU;11.09.2025;11.10.2025;;;;5280,00;;5028,50;0,00;0,00;0,000000;0,00;D;;;;;0,00;0;;0;;0;;0,00;251,50;;;;
12.09.2025;09:49:17;;;9;000069;s.kondovo;100;\OR^E;8;RESTORAN FA-FA SKOPJE;12.09.2025;12.09.2025;;;;4200,00;;4000,00;0,00;0,00;0,000000;0,00;D;;;;;0,00;0;;0;;0;;0,00;200,00;;;;
15.09.2025;08:45:12;;;2;001206;aerodrom;100;\OR^E;1168;TP SENDVI^ARA 7;12.09.2025;19.09.2025;;;;13197,00;;12568,50;0,00;0,00;0,000000;0,00;D;;;;;0,00;0;;0;;0;;0,00;628,50;;;;
16.09.2025;09:06:10;;;5;000098;;100;\OR^E;100;MAGACIN \OR^E;15.09.2025;15.09.2025;;;;;;0,00;0,00;0,00;1,000000;0,00;;;;;;0,00;0;;0;;0;;0,00;0,00;;;;
15.09.2025;08:46:28;;;2;001207;TINEKS aerodrom;100;\OR^E;1201;TINEKS MT;12.09.2025;11.12.2025;;;;6514,50;;6204,00;0,00;0,00;0,000000;0,00;D;;;;;0,00;0;;0;;0;;0,00;310,50;;;;
15.09.2025;08:47:39;;;2;001208;VERO-13 limak;100;\OR^E;1050;VEROPULOS DOOEL SKOPJE;12.09.2025;11.11.2025;;;;2376,50;;2263,50;0,00;0,00;0,000000;0,00;D;;;;;0,00;0;;0;;0;;0,00;113,00;;;;
16.09.2025;09:04:28;;;2;001209;ilinden;100;\OR^E;1321;MB-DOO;15.09.2025;22.09.2025;;;;9425,00;;8976,00;0,00;0,00;0,000000;0,00;D;;;;;0,00;0;;0;;0;;0,00;449,00;;;;
16.09.2025;09:06:27;;;2;001210;makpetrol;100;\OR^E;1168;TP SENDVI^ARA 7;15.09.2025;22.09.2025;;;;13197,00;;12568,50;0,00;0,00;0,000000;0,00;D;;;;;0,00;0;;0;;0;;0,00;628,50;;;;
16.09.2025;09:07:32;;;2;001211;;100;\OR^E;963;DM DEBARMAALO;15.09.2025;22.09.2025;;;;7166,00;;6825,00;0,00;0,00;0,000000;0,00;D;;;;;0,00;0;;0;;0;;0,00;341,00;;;;
16.09.2025;09:08:42;;;2;001212;VERO-5 centar;100;\OR^E;1050;VEROPULOS DOOEL SKOPJE;15.09.2025;14.11.2025;;;;2971,00;;2830,00;0,00;0,00;0,000000;0,00;D;;;;;0,00;0;;0;;0;;0,00;141,00;;;;
18.09.2025;09:00:01;;;2;001213;restoran fotka;100;\OR^E;902;LUKSEMURG KOMERC PERO DOOEL SKOPJE;16.09.2025;23.09.2025;;;;2835,00;;2700,00;0,00;0,00;0,000000;0,00;D;;;;;0,00;0;;0;;0;;0,00;135,00;;;;
17.09.2025;08:40:43;;;9;000070;;100;\OR^E;1;ZORAN BITOLA;17.09.2025;02.10.2025;;;;5460,00;;5200,00;0,00;0,00;0,000000;0,00;D;;;;;0,00;0;;0;;0;;0,00;260,00;;;;
18.09.2025;09:00:37;;;2;001214;VERO-2 taftalixe;100;\OR^E;1050;VEROPULOS DOOEL SKOPJE;17.09.2025;16.11.2025;;;;6020,00;;5733,50;0,00;0,00;0,000000;0,00;D;;;;;0,00;0;;0;;0;;0,00;286,50;;;;
18.09.2025;09:02:00;;;2;001215;podr.ramstore vardar;100;\OR^E;971;RAMSTORE MAKEDONIJA DOO SKOPJE;17.09.2025;16.11.2025;;;;1292,00;;1230,50;0,00;0,00;0,000000;0,00;D;;;;;0,00;0;;0;;0;;0,00;61,50;;;;
18.09.2025;09:03:46;;;2;001216;SUPER TINEKS-2 zebra;100;\OR^E;1201;TINEKS MT;17.09.2025;16.12.2025;;;;3021,50;;2877,50;0,00;0,00;0,000000;0,00;D;;;;;0,00;0;;0;;0;;0,00;144,00;;;;
18.09.2025;09:06:31;;;2;001217;podr.ramstore taftalixe;100;\OR^E;971;RAMSTORE MAKEDONIJA DOO SKOPJE;17.09.2025;16.11.2025;;;;3749,00;;3570,00;0,00;0,00;0,000000;0,00;D;;;;;0,00;0;;0;;0;;0,00;179,00;;;;
18.09.2025;09:09:33;;;2;001218;TINEKS karpo[-3;100;\OR^E;1201;TINEKS MT;18.09.2025;17.12.2025;;;;1746,00;;1663,00;0,00;0,00;0,000000;0,00;D;;;;;0,00;0;;0;;0;;0,00;83,00;;;;
18.09.2025;09:10:26;;;2;001219;podr.ramstore city moll;100;\OR^E;971;RAMSTORE MAKEDONIJA DOO SKOPJE;17.09.2025;16.11.2025;;;;6038,00;;5750,50;0,00;0,00;0,000000;0,00;D;;;;;0,00;0;;0;;0;;0,00;287,50;;;;
01.10.2025;08:55:47;;;2;001220;;100;\OR^E;877;INTEGRAL DOOEL;17.09.2025;02.10.2025;;;;9456,50;;9006,00;0,00;0,00;0,000000;0,00;D;;;;;0,00;0;;0;;0;;0,00;450,50;;;;
19.09.2025;09:51:53;;;2;001221;VERO-3 tetovo;100;\OR^E;1050;VEROPULOS DOOEL SKOPJE;18.09.2025;17.11.2025;;;;6560,00;;6247,50;0,00;0,00;0,000000;0,00;D;;;;;0,00;0;;0;;0;;0,00;312,50;;;;
19.09.2025;10:01:35;;;2;001222;VERO-9 n.banka;100;\OR^E;1050;VEROPULOS DOOEL SKOPJE;18.09.2025;17.11.2025;;;;15335,50;;14605,00;0,00;0,00;0,000000;0,00;D;;;;;0,00;0;;0;;0;;0,00;730,50;;;;
19.09.2025;10:12:53;;;2;001223;;100;\OR^E;1028;MAKROPROM;18.09.2025;25.09.2025;;;;17753,50;;16908,00;0,00;0,00;0,000000;0,00;D;;;;;0,00;0;;0;;0;;0,00;845,50;;;;
19.09.2025;10:14:14;;;2;001224;magacin saraj;100;\OR^E;187;DAUTI-KOMERC KE[&KERI;18.09.2025;18.10.2025;;;;25137,00;;23940,00;0,00;0,00;0,000000;0,00;D;;;;;0,00;0;;0;;0;;0,00;1197,00;;;;
19.09.2025;10:14:44;;;2;001225;REPTIL- radi[ani;100;\OR^E;1225;REPTIL DPTU;18.09.2025;18.10.2025;;;;5910,00;;5628,50;0,00;0,00;0,000000;0,00;D;;;;;0,00;0;;0;;0;;0,00;281,50;;;;
19.09.2025;14:35:06;;;2;001226;REPTIL-8(mesara);100;\OR^E;1225;REPTIL DPTU;18.09.2025;18.10.2025;;;;1743,00;;1660,00;0,00;0,00;0,000000;0,00;D;;;;;0,00;0;;0;;0;;0,00;83,00;;;;
16.10.2025;09:09:26;;;2;001227;;100;\OR^E;1328;BONTE KOMPANI;19.09.2025;26.09.2025;;;;19751,00;;18810,00;0,00;0,00;0,000000;0,00;D;;;;;0,00;0;;0;;0;;0,00;941,00;;;;
16.10.2025;08:26:11;;;2;001228;;100;\OR^E;160;DOOEL A.M. OHRID;19.09.2025;26.09.2025;;;;21470,50;;20448,50;0,00;0,00;0,000000;0,00;D;;;;;0,00;0;;0;;0;;0,00;1022,00;;;;
19.09.2025;11:30:36;;;2;001229;bife;100;\OR^E;1331;PEKABESKO A.D.-SKOPJE;19.09.2025;03.11.2025;;;;13000,50;;12381,50;0,00;0,00;0,000000;0,00;D;;;;;0,00;0;;0;;0;;0,00;619,00;;;;
19.09.2025;11:31:55;;;2;001230;;100;\OR^E;69;UBAC T.P. GOSTILNICA;19.09.2025;26.09.2025;;;;2541,00;;2420,00;0,00;0,00;0,000000;0,00;D;;;;;0,00;0;;0;;0;;0,00;121,00;;;;
23.09.2025;08:33:28;;;2;001231;s.glumovo;100;\OR^E;836;EURO-IS-GRUP S.GLUMOVO;22.09.2025;29.09.2025;;;;18239,00;;17370,50;0,00;0,00;0,000000;0,00;D;;;;;0,00;0;;0;;0;;0,00;868,50;;;;
23.09.2025;08:32:56;;;5;000099;;100;\OR^E;100;MAGACIN \OR^E;22.09.2025;22.09.2025;;;;;;0,00;0,00;0,00;1,000000;0,00;;;;;;0,00;0;;0;;0;;0,00;0,00;;;;
24.09.2025;08:42:31;;;9;000071;;100;\OR^E;202;UBEJD DOOEL SKOPJE;24.09.2025;24.09.2025;;;;7800,00;;7428,50;0,00;0,00;0,000000;0,00;D;;;;;0,00;0;;0;;0;;0,00;371,50;;;;
01.10.2025;08:56:06;;;2;001232;VERO-6 bitola;100;\OR^E;1050;VEROPULOS DOOEL SKOPJE;23.09.2025;22.11.2025;;;;3386,00;;3225,00;0,00;0,00;0,000000;0,00;D;;;;;0,00;0;;0;;0;;0,00;161,00;;;;
01.10.2025;08:56:34;;;2;001233;podr.ramstore capitol moll;100;\OR^E;971;RAMSTORE MAKEDONIJA DOO SKOPJE;23.09.2025;22.11.2025;;;;3612,00;;3440,00;0,00;0,00;0,000000;0,00;D;;;;;0,00;0;;0;;0;;0,00;172,00;;;;
01.10.2025;08:58:24;;;2;001234;VERO-10 k.voda;100;\OR^E;1050;VEROPULOS DOOEL SKOPJE;23.09.2025;22.11.2025;;;;5255,00;;5005,50;0,00;0,00;0,000000;0,00;D;;;;;0,00;0;;0;;0;;0,00;249,50;;;;
01.10.2025;08:58:54;;;2;001235;VERO-2 taftalixe;100;\OR^E;1050;VEROPULOS DOOEL SKOPJE;23.09.2025;22.11.2025;;;;4197,50;;3998,00;0,00;0,00;0,000000;0,00;D;;;;;0,00;0;;0;;0;;0,00;199,50;;;;
01.10.2025;08:59:09;;;2;001236;SUPER TINEKS-2 zebra;100;\OR^E;1201;TINEKS MT;23.09.2025;22.12.2025;;;;1746,00;;1663,00;0,00;0,00;0,000000;0,00;D;;;;;0,00;0;;0;;0;;0,00;83,00;;;;
01.10.2025;09:03:48;;;2;001237;leeptokarija;100;\OR^E;1168;TP SENDVI^ARA 7;23.09.2025;30.09.2025;;;;8798,00;;8379,00;0,00;0,00;0,000000;0,00;D;;;;;0,00;0;;0;;0;;0,00;419,00;;;;
24.09.2025;10:15:06;;;2;001238;ZUR market-3 przino;100;\OR^E;874;T.D.GRANDPROM ZUR DOO;23.09.2025;23.10.2025;;;;2487,00;;2369,00;0,00;0,00;0,000000;0,00;D;;;;;0,00;0;;0;;0;;0,00;118,00;;;;
01.10.2025;09:04:16;;;2;001239;REPTIL-2 crni^e;100;\OR^E;1225;REPTIL DPTU;23.09.2025;23.10.2025;;;;4440,00;;4228,50;0,00;0,00;0,000000;0,00;D;;;;;0,00;0;;0;;0;;0,00;211,50;;;;
01.10.2025;09:04:56;;;2;001240;REPTIL-2 mesara;100;\OR^E;1225;REPTIL DPTU;23.09.2025;23.10.2025;;;;2887,50;;2750,00;0,00;0,00;0,000000;0,00;D;;;;;0,00;0;;0;;0;;0,00;137,50;;;;
24.09.2025;10:20:09;;;5;000100;;100;\OR^E;100;MAGACIN \OR^E;23.09.2025;23.09.2025;;;;;;0,00;0,00;0,00;1,000000;0,00;;;;;;0,00;0;;0;;0;;0,00;0,00;;;;
01.10.2025;09:05:10;;;2;001241;VERO- n.banka;100;\OR^E;1050;VEROPULOS DOOEL SKOPJE;23.09.2025;22.11.2025;;;;6384,00;;6080,50;0,00;0,00;0,000000;0,00;D;;;;;0,00;0;;0;;0;;0,00;303,50;;;;
01.10.2025;09:05:40;;;2;001242;;100;\OR^E;907;FITOFARM PLUS SKOPJE;24.09.2025;24.09.2025;;;;13125,00;;12500,00;0,00;0,00;0,000000;0,00;D;;;;;0,00;0;;0;;0;;0,00;625,00;;;;
01.10.2025;09:05:56;;;2;001243;SUPER TINEKS-3 prvomajska;100;\OR^E;1201;TINEKS MT;24.09.2025;23.12.2025;;;;2882,50;;2745,50;0,00;0,00;0,000000;0,00;D;;;;;0,00;0;;0;;0;;0,00;137,00;;;;
01.10.2025;09:07:42;;;2;001244;SUPER TINEKS-10 cveten pazar;100;\OR^E;1201;TINEKS MT;24.09.2025;23.12.2025;;;;3890,00;;3704,50;0,00;0,00;0,000000;0,00;D;;;;;0,00;0;;0;;0;;0,00;185,50;;;;
01.10.2025;09:08:05;;;2;001245;east gate;100;\OR^E;60;BEJKING BREAD IST GEJT SKOPJE;24.09.2025;01.10.2025;;;;1638,00;;1560,00;0,00;0,00;0,000000;0,00;D;;;;;0,00;0;;0;;0;;0,00;78,00;;;;
16.10.2025;08:47:26;;;2;001246;TINEKS kumanovo;100;\OR^E;1201;TINEKS MT;24.09.2025;23.12.2025;;;;5516,00;;5253,00;0,00;0,00;0,000000;0,00;D;;;;;0,00;0;;0;;0;;0,00;263,00;;;;
01.10.2025;09:08:53;;;2;001247;;100;\OR^E;1028;MAKROPROM;24.09.2025;01.10.2025;;;;22982,50;;21888,00;0,00;0,00;0,000000;0,00;D;;;;;0,00;0;;0;;0;;0,00;1094,50;;;;
01.10.2025;09:09:19;;;2;001248;GIGO TREJD-4 radi[ani;100;\OR^E;2008;GIGO-TREJD;24.09.2025;01.10.2025;;;;12847,50;;12236,00;0,00;0,00;0,000000;0,00;D;;;;;0,00;0;;0;;0;;0,00;611,50;;;;
05.11.2025;09:23:07;;;2;001249;;100;\OR^E;37;GALEKS RA DOOEL;25.09.2025;02.10.2025;;;;6835,50;;6510,00;0,00;0,00;0,000000;0,00;D;;;;;0,00;0;;0;;0;;0,00;325,50;;;;
25.09.2025;14:10:27;;;5;000101;;100;\OR^E;100;MAGACIN \OR^E;24.09.2025;24.09.2025;;;;;;0,00;0,00;0,00;1,000000;0,00;;;;;;0,00;0;;0;;0;;0,00;0,00;;;;
01.10.2025;09:10:02;;;2;001250;SUPER TINEKS-4 kon^ar;100;\OR^E;1201;TINEKS MT;25.09.2025;24.12.2025;;;;1746,00;;1663,00;0,00;0,00;0,000000;0,00;D;;;;;0,00;0;;0;;0;;0,00;83,00;;;;
01.10.2025;09:10:26;;;2;001251;TINEKS konto bitola-1;100;\OR^E;1201;TINEKS MT;25.09.2025;24.12.2025;;;;11033,00;;10507,50;0,00;0,00;0,000000;0,00;D;;;;;0,00;0;;0;;0;;0,00;525,50;;;;
01.10.2025;09:10:48;;;2;001252;;100;\OR^E;165;MRE@A DOO;25.09.2025;02.10.2025;;;;82354,00;;78432,00;0,00;0,00;0,000000;0,00;D;;;;;0,00;0;;0;;0;;0,00;3922,00;;;;
01.10.2025;09:11:16;;;2;001253;podr.tineks konto hrom;100;\OR^E;1201;TINEKS MT;25.09.2025;24.12.2025;;;;3493,00;;3326,50;0,00;0,00;0,000000;0,00;D;;;;;0,00;0;;0;;0;;0,00;166,50;;;;
01.10.2025;09:11:36;;;2;001254;SUPER TINEKS-11 lisa;100;\OR^E;1201;TINEKS MT;25.09.2025;24.12.2025;;;;2522,00;;2402,00;0,00;0,00;0,000000;0,00;D;;;;;0,00;0;;0;;0;;0,00;120,00;;;;
01.10.2025;09:11:50;;;2;001255;TINEKS podr.piom;100;\OR^E;1201;TINEKS MT;25.09.2025;24.12.2025;;;;6080,50;;5790,50;0,00;0,00;0,000000;0,00;D;;;;;0,00;0;;0;;0;;0,00;290,00;;;;
01.10.2025;09:12:13;;;2;001256;TINEKS centar-2;100;\OR^E;1201;TINEKS MT;25.09.2025;24.12.2025;;;;5516,00;;5253,00;0,00;0,00;0,000000;0,00;D;;;;;0,00;0;;0;;0;;0,00;263,00;;;;
30.09.2025;09:24:00;;;9;000072;;100;\OR^E;1423;GRADOTE DOOEL;26.09.2025;26.09.2025;;;;1365,00;;1300,00;0,00;0,00;0,000000;0,00;D;;;;;0,00;0;;0;;0;;0,00;65,00;;;;
30.09.2025;09:25:24;;;9;000073;s.kondovo;100;\OR^E;8;RESTORAN FA-FA SKOPJE;26.09.2025;26.09.2025;;;;4200,00;;4000,00;0,00;0,00;0,000000;0,00;D;;;;;0,00;0;;0;;0;;0,00;200,00;;;;
30.09.2025;09:27:15;;;9;000074;;100;\OR^E;1423;GRADOTE DOOEL;30.09.2025;30.09.2025;;;;1365,00;;1300,00;0,00;0,00;0,000000;0,00;D;;;;;0,00;0;;0;;0;;0,00;65,00;;;;
30.09.2025;09:36:08;;;9;000075;;100;\OR^E;14;FI[& CIPS SKOPJE;30.09.2025;30.09.2025;;;;2823,00;;2688,50;0,00;0,00;0,000000;0,00;D;;;;;0,00;0;;0;;0;;0,00;134,50;;;;
16.10.2025;08:28:32;;;2;001257;DIM market-10 kumanovo;100;\OR^E;874;T.D.GRANDPROM ZUR DOO;29.09.2025;29.10.2025;;;;3147,00;;2997,00;0,00;0,00;0,000000;0,00;D;;;;;0,00;0;;0;;0;;0,00;150,00;;;;
16.10.2025;08:28:47;;;2;001258;DIM market-11 kumanovo;100;\OR^E;874;T.D.GRANDPROM ZUR DOO;29.09.2025;29.10.2025;;;;3987,00;;3797,00;0,00;0,00;0,000000;0,00;D;;;;;0,00;0;;0;;0;;0,00;190,00;;;;
16.10.2025;08:29:18;;;2;001259;DIM market-13 kumanovo;100;\OR^E;874;T.D.GRANDPROM ZUR DOO;29.09.2025;29.10.2025;;;;3453,00;;3288,50;0,00;0,00;0,000000;0,00;D;;;;;0,00;0;;0;;0;;0,00;164,50;;;;
16.10.2025;08:29:33;;;2;001260;DIM market-9 kumanovo;100;\OR^E;874;T.D.GRANDPROM ZUR DOO;29.09.2025;29.10.2025;;;;3147,00;;2997,00;0,00;0,00;0,000000;0,00;D;;;;;0,00;0;;0;;0;;0,00;150,00;;;;
16.10.2025;08:30:01;;;2;001261;DIM market-15 s.nikole;100;\OR^E;874;T.D.GRANDPROM ZUR DOO;29.09.2025;29.10.2025;;;;3987,00;;3797,00;0,00;0,00;0,000000;0,00;D;;;;;0,00;0;;0;;0;;0,00;190,00;;;;
01.10.2025;09:14:09;;;2;001262;DIM market-4 hrom;100;\OR^E;874;T.D.GRANDPROM ZUR DOO;29.09.2025;29.10.2025;;;;5607,00;;5340,00;0,00;0,00;0,000000;0,00;D;;;;;0,00;0;;0;;0;;0,00;267,00;;;;
01.10.2025;09:14:24;;;2;001263;DIM market-6 gor^e;100;\OR^E;874;T.D.GRANDPROM ZUR DOO;29.09.2025;29.10.2025;;;;5280,00;;5028,50;0,00;0,00;0,000000;0,00;D;;;;;0,00;0;;0;;0;;0,00;251,50;;;;
01.10.2025;09:14:37;;;2;001264;DIM market-22 gor^e;100;\OR^E;874;T.D.GRANDPROM ZUR DOO;29.09.2025;29.10.2025;;;;3327,00;;3168,50;0,00;0,00;0,000000;0,00;D;;;;;0,00;0;;0;;0;;0,00;158,50;;;;
01.10.2025;09:14:52;;;2;001265;DIM market-14 karpo[-4;100;\OR^E;874;T.D.GRANDPROM ZUR DOO;29.09.2025;29.10.2025;;;;8934,00;;8508,50;0,00;0,00;0,000000;0,00;D;;;;;0,00;0;;0;;0;;0,00;425,50;;;;
01.10.2025;09:15:20;;;2;001266;ambasada;100;\OR^E;1168;TP SENDVI^ARA 7;29.09.2025;06.10.2025;;;;8798,00;;8379,00;0,00;0,00;0,000000;0,00;D;;;;;0,00;0;;0;;0;;0,00;419,00;;;;
01.10.2025;08:47:58;;;9;000076;;100;\OR^E;1;ZORAN BITOLA;01.10.2025;16.10.2025;;;;6720,00;;6400,00;0,00;0,00;0,000000;0,00;D;;;;;0,00;0;;0;;0;;0,00;320,00;;;;
13.10.2025;10:25:10;;;5;000102;;100;\OR^E;100;MAGACIN \OR^E;01.10.2025;01.10.2025;;;;;;0,00;0,00;0,00;1,000000;0,00;;;;;;0,00;0;;0;;0;;0,00;0,00;;;;
01.10.2025;09:18:02;;;2;001267;VERO-2 taftalixe;100;\OR^E;1050;VEROPULOS DOOEL SKOPJE;29.09.2025;28.11.2025;;;;6427,50;;6121,50;0,00;0,00;0,000000;0,00;D;;;;;0,00;0;;0;;0;;0,00;306,00;;;;
01.10.2025;09:19:45;;;2;001268;DIM market-1 s.stajkovci;100;\OR^E;874;T.D.GRANDPROM ZUR DOO;30.09.2025;30.10.2025;;;;4314,00;;4108,50;0,00;0,00;0,000000;0,00;D;;;;;0,00;0;;0;;0;;0,00;205,50;;;;
01.10.2025;09:20:38;;;2;001269;DIM market-2k.voda;100;\OR^E;874;T.D.GRANDPROM ZUR DOO;30.09.2025;30.10.2025;;;;5607,00;;5340,00;0,00;0,00;0,000000;0,00;D;;;;;0,00;0;;0;;0;;0,00;267,00;;;;
01.10.2025;09:22:05;;;2;001270;DIM market-3 gazi baba;100;\OR^E;874;T.D.GRANDPROM ZUR DOO;30.09.2025;30.10.2025;;;;9594,00;;9137,00;0,00;0,00;0,000000;0,00;D;;;;;0,00;0;;0;;0;;0,00;457,00;;;;
01.10.2025;09:25:54;;;2;001271;DIM market-5 dra^evo;100;\OR^E;74;EURO MARKET-DATI SKOPJE;30.09.2025;30.10.2025;;;;3780,00;;3600,00;0,00;0,00;0,000000;0,00;D;;;;;0,00;0;;0;;0;;0,00;180,00;;;;
01.10.2025;09:27:13;;;2;001272;DIM market-7 aerodrom;100;\OR^E;74;EURO MARKET-DATI SKOPJE;30.09.2025;30.10.2025;;;;6267,00;;5968,50;0,00;0,00;0,000000;0,00;D;;;;;0,00;0;;0;;0;;0,00;298,50;;;;
01.10.2025;09:28:33;;;2;001273;DIM market- d.lisi^e;100;\OR^E;74;EURO MARKET-DATI SKOPJE;30.09.2025;30.10.2025;;;;3780,00;;3600,00;0,00;0,00;0,000000;0,00;D;;;;;0,00;0;;0;;0;;0,00;180,00;;;;
01.10.2025;09:29:50;;;2;001274;DIM market-17 ^ento;100;\OR^E;74;EURO MARKET-DATI SKOPJE;30.09.2025;30.10.2025;;;;3654,00;;3480,00;0,00;0,00;0,000000;0,00;D;;;;;0,00;0;;0;;0;;0,00;174,00;;;;
01.10.2025;09:30:28;;;2;001275;DIM market-1 ^ento;100;\OR^E;74;EURO MARKET-DATI SKOPJE;30.09.2025;30.10.2025;;;;5607,00;;5340,00;0,00;0,00;0,000000;0,00;D;;;;;0,00;0;;0;;0;;0,00;267,00;;;;
01.10.2025;09:38:19;;;2;001276;DIM market-19 centar;100;\OR^E;74;EURO MARKET-DATI SKOPJE;30.09.2025;30.10.2025;;;;4440,00;;4228,50;0,00;0,00;0,000000;0,00;D;;;;;0,00;0;;0;;0;;0,00;211,50;;;;
01.10.2025;09:39:27;;;2;001277;GIGO TREJD-2 gor^e;100;\OR^E;2008;GIGO-TREJD;29.09.2025;06.10.2025;;;;3471,50;;3306,00;0,00;0,00;0,000000;0,00;D;;;;;0,00;0;;0;;0;;0,00;165,50;;;;
01.10.2025;09:40:13;;;2;001278;podr.ramstore g.lisi^e;100;\OR^E;971;RAMSTORE MAKEDONIJA DOO SKOPJE;30.09.2025;29.11.2025;;;;1984,50;;1890,00;0,00;0,00;0,000000;0,00;D;;;;;0,00;0;;0;;0;;0,00;94,50;;;;
01.10.2025;09:40:58;;;2;001279;VERO-1 aerodrom;100;\OR^E;1050;VEROPULOS DOOEL SKOPJE;30.09.2025;29.11.2025;;;;2406,50;;2292,00;0,00;0,00;0,000000;0,00;D;;;;;0,00;0;;0;;0;;0,00;114,50;;;;
01.10.2025;09:43:57;;;2;001280;SUPER TINEKS-16 east gate;100;\OR^E;1201;TINEKS MT;30.09.2025;29.12.2025;;;;2134,00;;2032,50;0,00;0,00;0,000000;0,00;D;;;;;0,00;0;;0;;0;;0,00;101,50;;;;
01.10.2025;09:44:42;;;2;001281;;100;\OR^E;156;BOSA DVA;30.09.2025;07.10.2025;;;;17237,00;;16416,00;0,00;0,00;0,000000;0,00;D;;;;;0,00;0;;0;;0;;0,00;821,00;;;;
01.10.2025;09:46:12;;;2;001282;REPTIL-9 karpo[-3;100;\OR^E;1225;REPTIL DPTU;30.09.2025;30.10.2025;;;;5595,00;;5328,50;0,00;0,00;0,000000;0,00;D;;;;;0,00;0;;0;;0;;0,00;266,50;;;;
01.10.2025;09:47:34;;;2;001283;;100;\OR^E;1348;KVATRO;30.09.2025;07.10.2025;;;;12449,00;;11856,00;0,00;0,00;0,000000;0,00;D;;;;;0,00;0;;0;;0;;0,00;593,00;;;;
13.10.2025;09:53:21;;;2;001284;REPTIL-25 bardovci;100;\OR^E;1225;REPTIL DPTU;30.09.2025;30.10.2025;;;;5607,00;;5340,00;0,00;0,00;0,000000;0,00;D;;;;;0,00;0;;0;;0;;0,00;267,00;;;;
01.10.2025;09:49:19;;;2;001285;;100;\OR^E;877;INTEGRAL DOOEL;30.09.2025;15.10.2025;;;;9456,50;;9006,00;0,00;0,00;0,000000;0,00;D;;;;;0,00;0;;0;;0;;0,00;450,50;;;;
13.10.2025;09:52:29;;;2;001286;centar;100;\OR^E;24;PLANET PI ES DOOOEL;30.09.2025;07.10.2025;;;;2167,50;;2064,50;0,00;0,00;0,000000;0,00;D;;;;;0,00;0;;0;;0;;0,00;103,00;;;;
01.10.2025;09:51:14;;;2;001287;ZUR market-19 dra^evo;100;\OR^E;874;T.D.GRANDPROM ZUR DOO;30.09.2025;30.10.2025;;;;13701,00;;13048,50;0,00;0,00;0,000000;0,00;D;;;;;0,00;0;;0;;0;;0,00;652,50;;;;
01.10.2025;09:52:25;;;2;001288;VERO-11 tetovo;100;\OR^E;1050;VEROPULOS DOOEL SKOPJE;30.09.2025;29.11.2025;;;;2310,50;;2200,50;0,00;0,00;0,000000;0,00;D;;;;;0,00;0;;0;;0;;0,00;110,00;;;;
13.10.2025;10:33:54;;;2;001289;;100;\OR^E;1095;BOMAGO;30.09.2025;07.10.2025;;;;19804,50;;18861,00;0,00;0,00;0,000000;0,00;D;;;;;0,00;0;;0;;0;;0,00;943,50;;;;
22.10.2025;10:44:06;;;2;001290;ZUR market-7 dra^evo;100;\OR^E;874;T.D.GRANDPROM ZUR DOO;30.09.2025;30.10.2025;;;;4950,00;;4714,50;0,00;0,00;0,000000;0,00;D;;;;;0,00;0;;0;;0;;0,00;235,50;;;;
02.10.2025;09:29:13;;;9;000077;;100;\OR^E;1423;GRADOTE DOOEL;01.10.2025;01.10.2025;;;;1365,00;;1300,00;0,00;0,00;0,000000;0,00;D;;;;;0,00;0;;0;;0;;0,00;65,00;;;;
13.10.2025;10:33:26;;;2;001291;podr.ramstore city moll;100;\OR^E;971;RAMSTORE MAKEDONIJA DOO SKOPJE;01.10.2025;30.11.2025;;;;6153,50;;5860,50;0,00;0,00;0,000000;0,00;D;;;;;0,00;0;;0;;0;;0,00;293,00;;;;
13.10.2025;10:33:08;;;2;001292;ZUR-9 maxari;100;\OR^E;874;T.D.GRANDPROM ZUR DOO;01.10.2025;31.10.2025;;;;3495,00;;3328,50;0,00;0,00;0,000000;0,00;D;;;;;0,00;0;;0;;0;;0,00;166,50;;;;
13.10.2025;10:32:14;;;2;001293;REPTIL-13 maxari;100;\OR^E;1225;REPTIL DPTU;01.10.2025;31.10.2025;;;;4974,00;;4737,00;0,00;0,00;0,000000;0,00;D;;;;;0,00;0;;0;;0;;0,00;237,00;;;;
13.10.2025;10:29:55;;;2;001294;ZUR market-14 maxari;100;\OR^E;874;T.D.GRANDPROM ZUR DOO;01.10.2025;31.10.2025;;;;5607,00;;5340,00;0,00;0,00;0,000000;0,00;D;;;;;0,00;0;;0;;0;;0,00;267,00;;;;
13.10.2025;10:26:41;;;2;001295;;100;\OR^E;1028;MAKROPROM;01.10.2025;08.10.2025;;;;18633,50;;17746,00;0,00;0,00;0,000000;0,00;D;;;;;0,00;0;;0;;0;;0,00;887,50;;;;
13.10.2025;10:26:27;;;2;001296;restoran;100;\OR^E;1168;TP SENDVI^ARA 7;01.10.2025;08.10.2025;;;;4399,00;;4189,50;0,00;0,00;0,000000;0,00;D;;;;;0,00;0;;0;;0;;0,00;209,50;;;;
13.10.2025;10:26:07;;;2;001297;novo lisi^e;100;\OR^E;56;BEJKING BREAD DOOEL NOVO LISI^E;01.10.2025;08.10.2025;;;;1092,00;;1040,00;0,00;0,00;0,000000;0,00;D;;;;;0,00;0;;0;;0;;0,00;52,00;;;;
13.10.2025;10:25:34;;;2;001298;rabotilnica;100;\OR^E;1168;TP SENDVI^ARA 7;02.10.2025;09.10.2025;;;;30793,00;;29326,50;0,00;0,00;0,000000;0,00;D;;;;;0,00;0;;0;;0;;0,00;1466,50;;;;
13.10.2025;10:24:04;;;2;001299;REPTIL-10 butel;100;\OR^E;1225;REPTIL DPTU;02.10.2025;01.11.2025;;;;4200,00;;4000,00;0,00;0,00;0,000000;0,00;D;;;;;0,00;0;;0;;0;;0,00;200,00;;;;
13.10.2025;10:23:53;;;2;001300;REPTIL-8radi[ani;100;\OR^E;1225;REPTIL DPTU;02.10.2025;01.11.2025;;;;3654,00;;3480,00;0,00;0,00;0,000000;0,00;D;;;;;0,00;0;;0;;0;;0,00;174,00;;;;
13.10.2025;10:23:38;;;2;001301;magacin saraj;100;\OR^E;187;DAUTI-KOMERC KE[&KERI;03.10.2025;02.11.2025;;;;105336,00;;100320,00;0,00;0,00;0,000000;0,00;D;;;;;0,00;0;;0;;0;;0,00;5016,00;;;;
13.10.2025;10:23:23;;;2;001302;;100;\OR^E;866;BTA MAKEDONIJA DOOEL;03.10.2025;02.11.2025;;;;9261,00;;8820,00;0,00;0,00;0,000000;0,00;D;;;;;0,00;0;;0;;0;;0,00;441,00;;;;
13.10.2025;10:23:09;;;2;001303;ZUR market-21 gor^e;100;\OR^E;874;T.D.GRANDPROM ZUR DOO;06.10.2025;05.11.2025;;;;4314,00;;4108,50;0,00;0,00;0,000000;0,00;D;;;;;0,00;0;;0;;0;;0,00;205,50;;;;
13.10.2025;10:22:51;;;2;001304;makpetrol;100;\OR^E;1168;TP SENDVI^ARA 7;06.10.2025;13.10.2025;;;;13197,00;;12568,50;0,00;0,00;0,000000;0,00;D;;;;;0,00;0;;0;;0;;0,00;628,50;;;;
09.10.2025;11:34:35;;;5;000103;;100;\OR^E;100;MAGACIN \OR^E;06.10.2025;06.10.2025;;;;;;0,00;0,00;0,00;1,000000;0,00;;;;;;0,00;0;;0;;0;;0,00;0,00;;;;
13.10.2025;10:22:25;;;2;001305;restoran fotka;100;\OR^E;902;LUKSEMURG KOMERC PERO DOOEL SKOPJE;06.10.2025;13.10.2025;;;;2835,00;;2700,00;0,00;0,00;0,000000;0,00;D;;;;;0,00;0;;0;;0;;0,00;135,00;;;;
13.10.2025;10:22:02;;;2;001306;REPTIL-17 kozle;100;\OR^E;1225;REPTIL DPTU;06.10.2025;05.11.2025;;;;4200,00;;4000,00;0,00;0,00;0,000000;0,00;D;;;;;0,00;0;;0;;0;;0,00;200,00;;;;
13.10.2025;10:21:54;;;2;001307;ZUR-18 rasadnik;100;\OR^E;874;T.D.GRANDPROM ZUR DOO;06.10.2025;05.11.2025;;;;5394,00;;5137,00;0,00;0,00;0,000000;0,00;D;;;;;0,00;0;;0;;0;;0,00;257,00;;;;
13.10.2025;10:21:20;;;2;001308;podr.ramstore vardar;100;\OR^E;971;RAMSTORE MAKEDONIJA DOO SKOPJE;06.10.2025;05.12.2025;;;;4830,50;;4600,50;0,00;0,00;0,000000;0,00;D;;;;;0,00;0;;0;;0;;0,00;230,00;;;;
13.10.2025;10:16:19;;;2;001309;;100;\OR^E;1028;MAKROPROM;06.10.2025;13.10.2025;;;;21252,50;;20241,00;0,00;0,00;0,000000;0,00;D;;;;;0,00;0;;0;;0;;0,00;1011,50;;;;
13.10.2025;10:15:51;;;2;001310;REPTIL-14 lisi^e;100;\OR^E;1225;REPTIL DPTU;06.10.2025;05.11.2025;;;;9060,00;;8628,50;0,00;0,00;0,000000;0,00;D;;;;;0,00;0;;0;;0;;0,00;431,50;;;;
13.10.2025;10:14:25;;;2;001311;ZUR-6 lisi^e;100;\OR^E;874;T.D.GRANDPROM ZUR DOO;06.10.2025;05.11.2025;;;;3654,00;;3480,00;0,00;0,00;0,000000;0,00;D;;;;;0,00;0;;0;;0;;0,00;174,00;;;;
13.10.2025;10:14:04;;;2;001312;REPTIL-7 porta;100;\OR^E;1225;REPTIL DPTU;06.10.2025;05.11.2025;;;;3081,00;;2934,50;0,00;0,00;0,000000;0,00;D;;;;;0,00;0;;0;;0;;0,00;146,50;;;;
13.10.2025;10:13:21;;;2;001313;REPTIL-6 karpo[-1;100;\OR^E;1225;REPTIL DPTU;06.10.2025;05.11.2025;;;;6813,00;;6489,00;0,00;0,00;0,000000;0,00;D;;;;;0,00;0;;0;;0;;0,00;324,00;;;;
13.10.2025;10:07:46;;;2;001314;;100;\OR^E;40;EUROEDIL-HOLDING DOOEL;06.10.2025;13.10.2025;;;;1411,00;;1344,00;0,00;0,00;0,000000;0,00;D;;;;;0,00;0;;0;;0;;0,00;67,00;;;;
07.10.2025;09:30:11;;;9;000078;;100;\OR^E;1423;GRADOTE DOOEL;07.10.2025;07.10.2025;;;;1365,00;;1300,00;0,00;0,00;0,000000;0,00;D;;;;;0,00;0;;0;;0;;0,00;65,00;;;;
08.10.2025;08:22:25;;;9;000079;;100;\OR^E;1423;GRADOTE DOOEL;07.10.2025;07.10.2025;;;;1365,00;;1300,00;0,00;0,00;0,000000;0,00;D;;;;;0,00;0;;0;;0;;0,00;65,00;;;;
08.10.2025;08:23:26;;;9;000080;;100;\OR^E;77;STEF^E ILIEVSKI BITOLA;07.10.2025;22.10.2025;;;;900,00;;857,00;0,00;0,00;0,000000;0,00;D;;;;;0,00;0;;0;;0;;0,00;43,00;;;;
08.10.2025;08:24:03;;;9;000081;;100;\OR^E;1423;GRADOTE DOOEL;08.10.2025;08.10.2025;;;;1365,00;;1300,00;0,00;0,00;0,000000;0,00;D;;;;;0,00;0;;0;;0;;0,00;65,00;;;;
13.10.2025;10:07:31;;;2;001315;Zur Market br.10 Centar;100;\OR^E;874;T.D.GRANDPROM ZUR DOO;08.10.2025;07.11.2025;;;;2667,00;;2540,00;0,00;0,00;0,000000;0,00;D;;;;;0,00;0;;0;;0;;0,00;127,00;;;;
13.10.2025;10:06:30;;;2;001316;Zur br.17 Lira;100;\OR^E;874;T.D.GRANDPROM ZUR DOO;08.10.2025;07.11.2025;;;;5418,00;;5160,00;0,00;0,00;0,000000;0,00;D;;;;;0,00;0;;0;;0;;0,00;258,00;;;;
13.10.2025;10:06:03;;;2;001317;Zur br.12 Vlae;100;\OR^E;874;T.D.GRANDPROM ZUR DOO;08.10.2025;07.11.2025;;;;2487,00;;2369,00;0,00;0,00;0,000000;0,00;D;;;;;0,00;0;;0;;0;;0,00;118,00;;;;
13.10.2025;10:05:40;;;2;001318;Zur br.11 Lisice;100;\OR^E;874;T.D.GRANDPROM ZUR DOO;08.10.2025;07.11.2025;;;;5814,00;;5537,00;0,00;0,00;0,000000;0,00;D;;;;;0,00;0;;0;;0;;0,00;277,00;;;;
13.10.2025;10:05:07;;;2;001319;Reptil-16 Leninova;100;\OR^E;1225;REPTIL DPTU;08.10.2025;07.11.2025;;;;1395,00;;1329,00;0,00;0,00;0,000000;0,00;D;;;;;0,00;0;;0;;0;;0,00;66,00;;;;
09.10.2025;11:36:39;;;5;000104;;100;\OR^E;100;MAGACIN \OR^E;08.10.2025;23.10.2025;;;;;;0,00;0,00;0,00;1,000000;0,00;;;;;;0,00;0;;0;;0;;0,00;0,00;;;;
13.10.2025;10:04:36;;;2;001320;Ramstor Vardar;100;\OR^E;971;RAMSTORE MAKEDONIJA DOO SKOPJE;08.10.2025;07.12.2025;;;;7738,50;;7370,00;0,00;0,00;0,000000;0,00;D;;;;;0,00;0;;0;;0;;0,00;368,50;;;;
13.10.2025;10:04:06;;;2;001321;Zur market-5 aerodrom;100;\OR^E;874;T.D.GRANDPROM ZUR DOO;08.10.2025;07.11.2025;;;;3228,00;;3074,50;0,00;0,00;0,000000;0,00;D;;;;;0,00;0;;0;;0;;0,00;153,50;;;;
13.10.2025;10:03:27;;;2;001322;Zur br.20 Karpos 1;100;\OR^E;874;T.D.GRANDPROM ZUR DOO;08.10.2025;07.11.2025;;;;2487,00;;2368,50;0,00;0,00;0,000000;0,00;D;;;;;0,00;0;;0;;0;;0,00;118,50;;;;
13.10.2025;10:02:55;;;2;001323;Bejking Bred Rekord;100;\OR^E;54;BEJKING BREAD REKORD DOO;08.10.2025;15.10.2025;;;;2184,00;;2080,00;0,00;0,00;0,000000;0,00;D;;;;;0,00;0;;0;;0;;0,00;104,00;;;;
13.10.2025;10:02:24;;;2;001324;Ramstor Kapistec;100;\OR^E;971;RAMSTORE MAKEDONIJA DOO SKOPJE;08.10.2025;07.12.2025;;;;1454,50;;1385,00;0,00;0,00;0,000000;0,00;D;;;;;0,00;0;;0;;0;;0,00;69,50;;;;
13.10.2025;10:00:46;;;2;001325;Ramstore City Mall;100;\OR^E;971;RAMSTORE MAKEDONIJA DOO SKOPJE;08.10.2025;07.12.2025;;;;7403,50;;7051,00;0,00;0,00;0,000000;0,00;D;;;;;0,00;0;;0;;0;;0,00;352,50;;;;
13.10.2025;09:58:39;;;2;001326;Holidej In;100;\OR^E;78;MAKEDONIJA TURIST;08.10.2025;07.11.2025;;;;6300,00;;6000,00;0,00;0,00;0,000000;0,00;D;;;;;0,00;0;;0;;0;;0,00;300,00;;;;
13.10.2025;09:57:43;;;2;001327;Zur br.4 Micurin;100;\OR^E;874;T.D.GRANDPROM ZUR DOO;08.10.2025;07.11.2025;;;;5557,50;;5293,00;0,00;0,00;0,000000;0,00;D;;;;;0,00;0;;0;;0;;0,00;264,50;;;;
13.10.2025;09:57:16;;;2;001328;Gigo Trejd-2 gor^e;100;\OR^E;2008;GIGO-TREJD;08.10.2025;15.10.2025;;;;4269,50;;4066,00;0,00;0,00;0,000000;0,00;D;;;;;0,00;0;;0;;0;;0,00;203,50;;;;
13.10.2025;09:56:09;;;2;001329;Specijal Produkt;100;\OR^E;883;SPECIJAL PRODUKT DOOEL;09.10.2025;08.11.2025;;;;25137,00;;23940,00;0,00;0,00;0,000000;0,00;D;;;;;0,00;0;;0;;0;;0,00;1197,00;;;;
17.10.2025;18:28:32;;;2;001330;magacin saraj;100;\OR^E;63;DERVENT PRODUKT DOOEL SKOPJE;10.10.2025;17.10.2025;;;;28473,00;;27117,50;0,00;0,00;0,000000;0,00;D;;;;;0,00;0;;0;;0;;0,00;1355,50;;;;
13.10.2025;09:28:02;;;5;000105;;100;\OR^E;100;MAGACIN \OR^E;10.10.2025;10.10.2025;;;;;;0,00;0,00;0,00;1,000000;0,00;;;;;;0,00;0;;0;;0;;0,00;0,00;;;;
13.10.2025;10:01:33;;;2;001331;;100;\OR^E;1301;MEDISON T.P.;10.10.2025;17.10.2025;;;;17237,00;;16416,00;0,00;0,00;0,000000;0,00;D;;;;;0,00;0;;0;;0;;0,00;821,00;;;;
13.10.2025;09:28:18;;;2;001332;podr.ramstore star aerodrom;100;\OR^E;971;RAMSTORE MAKEDONIJA DOO SKOPJE;10.10.2025;09.12.2025;;;;10133,50;;9651,00;0,00;0,00;0,000000;0,00;D;;;;;0,00;0;;0;;0;;0,00;482,50;;;;
13.10.2025;09:29:21;;;2;001333;ZUR market-15 k.voda;100;\OR^E;874;T.D.GRANDPROM ZUR DOO;10.10.2025;09.11.2025;;;;1827,00;;1740,00;0,00;0,00;0,000000;0,00;D;;;;;0,00;0;;0;;0;;0,00;87,00;;;;
15.10.2025;09:34:16;;;9;000082;;100;\OR^E;1423;GRADOTE DOOEL;09.10.2025;09.10.2025;;;;1365,00;;1300,00;0,00;0,00;0,000000;0,00;D;;;;;0,00;0;;0;;0;;0,00;65,00;;;;
15.10.2025;09:35:43;;;9;000083;;100;\OR^E;1;ZORAN BITOLA;15.10.2025;30.10.2025;;;;2940,00;;2800,00;0,00;0,00;0,000000;0,00;D;;;;;0,00;0;;0;;0;;0,00;140,00;;;;
16.10.2025;08:49:15;;;2;001334;VERO-2 taftalixe;100;\OR^E;1050;VEROPULOS DOOEL SKOPJE;14.10.2025;13.12.2025;;;;0,00;;0,00;0,00;0,00;0,000000;0,00;D;;;;;0,00;0;;0;;0;;0,00;0,00;;;;
16.10.2025;08:46:10;;;2;001335;leptokarija;100;\OR^E;1168;TP SENDVI^ARA 7;14.10.2025;21.10.2025;;;;8798,00;;8379,00;0,00;0,00;0,000000;0,00;D;;;;;0,00;0;;0;;0;;0,00;419,00;;;;
16.10.2025;08:50:46;;;2;001336;REPTIL-11 drzavna b.;100;\OR^E;1225;REPTIL DPTU;14.10.2025;13.11.2025;;;;5322,00;;5069,00;0,00;0,00;0,000000;0,00;D;;;;;0,00;0;;0;;0;;0,00;253,00;;;;
16.10.2025;08:54:41;;;2;001337;s.zelino;100;\OR^E;1020;DERVENT PROMET;15.10.2025;22.10.2025;;;;11521,00;;10972,50;0,00;0,00;0,000000;0,00;D;;;;;0,00;0;;0;;0;;0,00;548,50;;;;
21.10.2025;10:35:24;;;5;000106;;100;\OR^E;100;MAGACIN \OR^E;15.10.2025;15.10.2025;;;;;;0,00;0,00;0,00;1,000000;0,00;;;;;;0,00;0;;0;;0;;0,00;0,00;;;;
16.10.2025;08:56:13;;;2;001338;;100;\OR^E;1434;MARJAN-KOOP DOOEL SKOPJE;15.10.2025;22.10.2025;;;;2593,50;;2470,00;0,00;0,00;0,000000;0,00;D;;;;;0,00;0;;0;;0;;0,00;123,50;;;;
16.10.2025;09:01:57;;;2;001339;Full plate;100;\OR^E;1050;VEROPULOS DOOEL SKOPJE;15.10.2025;14.12.2025;;;;12180,00;;11600,00;0,00;0,00;0,000000;0,00;D;;;;;0,00;0;;0;;0;;0,00;580,00;;;;
16.10.2025;09:03:20;;;2;001340;;100;\OR^E;1201;TINEKS MT;16.10.2025;16.10.2025;;;;0,00;;0,00;0,00;0,00;0,000000;0,00;D;;;;;0,00;0;;0;;0;;0,00;0,00;;;;
29.10.2025;12:33:45;;;2;001341;;100;\OR^E;1371;SER@;15.10.2025;22.10.2025;;;;1323,00;;1260,00;0,00;0,00;0,000000;0,00;D;;;;;0,00;0;;0;;0;;0,00;63,00;;;;
17.10.2025;18:28:58;;;2;001342;aerodrom;100;\OR^E;1168;TP SENDVI^ARA 7;15.10.2025;22.10.2025;;;;13197,00;;12568,50;0,00;0,00;0,000000;0,00;D;;;;;0,00;0;;0;;0;;0,00;628,50;;;;
17.10.2025;18:29:16;;;2;001343;podr.ramstore taftalixe;100;\OR^E;971;RAMSTORE MAKEDONIJA DOO SKOPJE;15.10.2025;14.12.2025;;;;1013,50;;965,00;0,00;0,00;0,000000;0,00;D;;;;;0,00;0;;0;;0;;0,00;48,50;;;;
16.10.2025;11:10:44;;;9;000084;;100;\OR^E;69;UBAC T.P. GOSTILNICA;16.10.2025;16.10.2025;;;;693,00;;660,00;0,00;0,00;0,000000;0,00;D;;;;;0,00;0;;0;;0;;0,00;33,00;;;;
16.10.2025;11:11:34;;;9;000085;;100;\OR^E;8;RESTORAN FA-FA SKOPJE;16.10.2025;16.10.2025;;;;6720,00;;6400,00;0,00;0,00;0,000000;0,00;D;;;;;0,00;0;;0;;0;;0,00;320,00;;;;
17.10.2025;08:10:30;;;9;000086;;100;\OR^E;1423;GRADOTE DOOEL;17.10.2025;17.10.2025;;;;2730,00;;2600,00;0,00;0,00;0,000000;0,00;D;;;;;0,00;0;;0;;0;;0,00;130,00;;;;
21.10.2025;10:35:16;;;5;000107;;100;\OR^E;100;MAGACIN \OR^E;16.10.2025;16.10.2025;;;;;;0,00;0,00;0,00;1,000000;0,00;;;;;;0,00;0;;0;;0;;0,00;0,00;;;;
17.10.2025;18:30:22;;;2;001344;Selj Is;100;\OR^E;1158;SEQ-IS;16.10.2025;23.10.2025;;;;29431,00;;28029,50;0,00;0,00;0,000000;0,00;D;;;;;0,00;0;;0;;0;;0,00;1401,50;;;;
17.10.2025;18:32:08;;;2;001345;Ubac;100;\OR^E;69;UBAC T.P. GOSTILNICA;16.10.2025;23.10.2025;;;;2541,00;;2420,00;0,00;0,00;0,000000;0,00;D;;;;;0,00;0;;0;;0;;0,00;121,00;;;;
17.10.2025;18:34:44;;;2;001346;Podruznica Kapitol Mol;100;\OR^E;971;RAMSTORE MAKEDONIJA DOO SKOPJE;16.10.2025;15.11.2025;;;;1984,50;;1890,00;0,00;0,00;0,000000;0,00;D;;;;;0,00;0;;0;;0;;0,00;94,50;;;;
17.10.2025;18:36:03;;;2;001347;Dauti Komerc;100;\OR^E;187;DAUTI-KOMERC KE[&KERI;17.10.2025;16.11.2025;;;;86184,00;;82080,00;0,00;0,00;0,000000;0,00;D;;;;;0,00;0;;0;;0;;0,00;4104,00;;;;
21.10.2025;10:32:26;;;2;001348;;100;\OR^E;1095;BOMAGO;20.10.2025;27.10.2025;;;;29997,50;;28569,50;0,00;0,00;0,000000;0,00;D;;;;;0,00;0;;0;;0;;0,00;1428,00;;;;
21.10.2025;10:35:41;;;2;001349;;100;\OR^E;165;MRE@A DOO;20.10.2025;27.10.2025;;;;71820,00;;68400,00;0,00;0,00;0,000000;0,00;D;;;;;0,00;0;;0;;0;;0,00;3420,00;;;;
21.10.2025;10:36:18;;;2;001350;REPTIL-2 crni^e;100;\OR^E;1225;REPTIL DPTU;20.10.2025;19.11.2025;;;;4053,00;;3860,00;0,00;0,00;0,000000;0,00;D;;;;;0,00;0;;0;;0;;0,00;193,00;;;;
21.10.2025;10:37:10;;;2;001351;hotel park;100;\OR^E;5;PARKLEND GROUP DOOEL SKOPJE;20.10.2025;20.10.2025;;;;4725,00;;4500,00;0,00;0,00;0,000000;0,00;D;;;;;0,00;0;;0;;0;;0,00;225,00;;;;
21.10.2025;11:48:12;;;9;000087;;100;\OR^E;79;KOTUR FILM KAFE OLEG;21.10.2025;20.11.2025;;;;2240,00;;2133,50;0,00;0,00;0,000000;0,00;D;;;;;0,00;0;;0;;0;;0,00;106,50;;;;
13.11.2025;08:37:29;;;2;001352;;100;\OR^E;899;NEKTARKOOP DOOEL KUMANOVO;21.10.2025;28.10.2025;;;;15750,00;;15000,00;0,00;0,00;0,000000;0,00;D;;;;;0,00;0;;0;;0;;0,00;750,00;;;;
22.10.2025;09:30:19;;;5;000108;;100;\OR^E;100;MAGACIN \OR^E;21.10.2025;21.10.2025;;;;;;0,00;0,00;0,00;1,000000;0,00;;;;;;0,00;0;;0;;0;;0,00;0,00;;;;
24.10.2025;09:35:35;;;2;001353;;100;\OR^E;194;PICERIJA ENRIKO DOO SKOPJE;21.10.2025;28.10.2025;;;;9481,50;;9030,00;0,00;0,00;0,000000;0,00;D;;;;;0,00;0;;0;;0;;0,00;451,50;;;;
22.10.2025;09:32:29;;;2;001354;;100;\OR^E;51;PELISTER SKOPJE DOO;21.10.2025;28.10.2025;;;;13860,00;;13200,00;0,00;0,00;0,000000;0,00;D;;;;;0,00;0;;0;;0;;0,00;660,00;;;;
22.10.2025;09:33:14;;;2;001355;Zur market-22 taftalixe;100;\OR^E;874;T.D.GRANDPROM ZUR DOO;21.10.2025;20.11.2025;;;;5154,00;;4908,50;0,00;0,00;0,000000;0,00;D;;;;;0,00;0;;0;;0;;0,00;245,50;;;;
13.11.2025;08:36:46;;;2;001356;;100;\OR^E;1371;SER@;21.10.2025;28.10.2025;;;;1676,00;;1596,00;0,00;0,00;0,000000;0,00;D;;;;;0,00;0;;0;;0;;0,00;80,00;;;;
24.10.2025;09:34:23;;;2;001357;REPTIL- radi[ani;100;\OR^E;1225;REPTIL DPTU;22.10.2025;21.11.2025;;;;3780,00;;3600,00;0,00;0,00;0,000000;0,00;D;;;;;0,00;0;;0;;0;;0,00;180,00;;;;
24.10.2025;09:36:19;;;2;001358;podr.ramstore karpo[;100;\OR^E;971;RAMSTORE MAKEDONIJA DOO SKOPJE;22.10.2025;21.12.2025;;;;3853,50;;3670,00;0,00;0,00;0,000000;0,00;D;;;;;0,00;0;;0;;0;;0,00;183,50;;;;
24.10.2025;09:37:23;;;2;001359;ZUR market-3 przino;100;\OR^E;874;T.D.GRANDPROM ZUR DOO;22.10.2025;21.11.2025;;;;2289,00;;2180,00;0,00;0,00;0,000000;0,00;D;;;;;0,00;0;;0;;0;;0,00;109,00;;;;
24.10.2025;09:38:28;;;2;001360;restoran fotka;100;\OR^E;902;LUKSEMURG KOMERC PERO DOOEL SKOPJE;22.10.2025;29.10.2025;;;;2835,00;;2700,00;0,00;0,00;0,000000;0,00;D;;;;;0,00;0;;0;;0;;0,00;135,00;;;;
24.10.2025;09:39:17;;;2;001361;centar;100;\OR^E;24;PLANET PI ES DOOOEL;22.10.2025;29.10.2025;;;;2220,00;;2114,50;0,00;0,00;0,000000;0,00;D;;;;;0,00;0;;0;;0;;0,00;105,50;;;;
28.10.2025;09:29:19;;;2;001362;magacin saraj;100;\OR^E;187;DAUTI-KOMERC KE[&KERI;27.10.2025;26.11.2025;;;;162792,00;;155040,00;0,00;0,00;0,000000;0,00;D;;;;;0,00;0;;0;;0;;0,00;7752,00;;;;
13.11.2025;08:36:58;;;2;001363;;100;\OR^E;160;DOOEL A.M. OHRID;27.10.2025;03.11.2025;;;;23625,00;;22500,50;0,00;0,00;0,000000;0,00;D;;;;;0,00;0;;0;;0;;0,00;1124,50;;;;
28.10.2025;09:31:29;;;2;001364;Zur market- n.lisi^e;100;\OR^E;874;T.D.GRANDPROM ZUR DOO;27.10.2025;26.11.2025;;;;3654,00;;3480,00;0,00;0,00;0,000000;0,00;D;;;;;0,00;0;;0;;0;;0,00;174,00;;;;
28.10.2025;09:31:58;;;2;001365;REPTIL-10 butel;100;\OR^E;1225;REPTIL DPTU;27.10.2025;26.11.2025;;;;2487,00;;2368,50;0,00;0,00;0,000000;0,00;D;;;;;0,00;0;;0;;0;;0,00;118,50;;;;
28.10.2025;09:32:47;;;2;001366;;100;\OR^E;75;BURGER ZONE GRIL DOOEL SKOPJE;27.10.2025;03.11.2025;;;;9261,00;;8820,00;0,00;0,00;0,000000;0,00;D;;;;;0,00;0;;0;;0;;0,00;441,00;;;;
29.10.2025;14:57:25;;;9;000088;;100;\OR^E;1423;GRADOTE DOOEL;29.10.2025;29.10.2025;;;;1365,00;;1300,00;0,00;0,00;0,000000;0,00;D;;;;;0,00;0;;0;;0;;0,00;65,00;;;;
29.10.2025;08:52:24;;;2;001367;makpetrol;100;\OR^E;1168;TP SENDVI^ARA 7;28.10.2025;04.11.2025;;;;13197,00;;12568,50;0,00;0,00;0,000000;0,00;D;;;;;0,00;0;;0;;0;;0,00;628,50;;;;
10.11.2025;10:26:07;;;5;000109;;100;\OR^E;100;MAGACIN \OR^E;28.10.2025;28.10.2025;;;;;;0,00;0,00;0,00;1,000000;0,00;;;;;;0,00;0;;0;;0;;0,00;0,00;;;;
29.10.2025;08:53:06;;;2;001368;;100;\OR^E;1028;MAKROPROM;28.10.2025;04.11.2025;;;;32758,00;;31198,00;0,00;0,00;0,000000;0,00;D;;;;;0,00;0;;0;;0;;0,00;1560,00;;;;
31.10.2025;08:12:11;;;2;001369;;100;\OR^E;38;TRADICIONAL DOOEL SKOPJE;28.10.2025;04.11.2025;;;;7528,50;;7170,00;0,00;0,00;0,000000;0,00;D;;;;;0,00;0;;0;;0;;0,00;358,50;;;;
31.10.2025;08:12:57;;;2;001370;GIGO TREJD-2 gor^e;100;\OR^E;2008;GIGO-TREJD;28.10.2025;04.11.2025;;;;3471,50;;3306,00;0,00;0,00;0,000000;0,00;D;;;;;0,00;0;;0;;0;;0,00;165,50;;;;
13.11.2025;08:36:34;;;2;001371;;100;\OR^E;1371;SER@;31.10.2025;07.11.2025;;;;2094,50;;1995,00;0,00;0,00;0,000000;0,00;D;;;;;0,00;0;;0;;0;;0,00;99,50;;;;
03.11.2025;10:35:43;;;2;001372;;100;\OR^E;57;NOA GIRADIKO SKOPJE;30.10.2025;06.11.2025;;;;7805,50;;7434,00;0,00;0,00;0,000000;0,00;D;;;;;0,00;0;;0;;0;;0,00;371,50;;;;
03.11.2025;10:38:03;;;2;001373;REPTIL-7 porta;100;\OR^E;1225;REPTIL DPTU;30.10.2025;29.11.2025;;;;4326,00;;4120,00;0,00;0,00;0,000000;0,00;D;;;;;0,00;0;;0;;0;;0,00;206,00;;;;
03.11.2025;10:40:14;;;2;001374;REPTIL-4 aerodrom;100;\OR^E;1225;REPTIL DPTU;30.10.2025;29.11.2025;;;;3213,00;;3060,00;0,00;0,00;0,000000;0,00;D;;;;;0,00;0;;0;;0;;0,00;153,00;;;;
03.11.2025;10:40:37;;;2;001375;REPTIL-14 (mesara);100;\OR^E;1225;REPTIL DPTU;30.10.2025;29.11.2025;;;;3822,00;;3640,00;0,00;0,00;0,000000;0,00;D;;;;;0,00;0;;0;;0;;0,00;182,00;;;;
31.10.2025;08:17:49;;;2;001376;podr.burgerslat;100;\OR^E;1433;LILAN MONTING DOOELSKOPJE;30.10.2025;06.11.2025;;;;10080,00;;9600,00;0,00;0,00;0,000000;0,00;D;;;;;0,00;0;;0;;0;;0,00;480,00;;;;
31.10.2025;08:21:44;;;2;001377;centar;100;\OR^E;65;RESTORAN BURGERSLAT DOO SKOPJE;30.10.2025;06.11.2025;;;;10080,00;;9600,00;0,00;0,00;0,000000;0,00;D;;;;;0,00;0;;0;;0;;0,00;480,00;;;;
10.11.2025;10:24:46;;;5;000110;;100;\OR^E;100;MAGACIN \OR^E;30.10.2025;30.10.2025;;;;;;0,00;0,00;0,00;1,000000;0,00;;;;;;0,00;0;;0;;0;;0,00;0,00;;;;
31.10.2025;15:19:30;;;2;001378;podr.ramstore capitol moll;100;\OR^E;971;RAMSTORE MAKEDONIJA DOO SKOPJE;30.10.2025;29.12.2025;;;;6914,50;;6585,00;0,00;0,00;0,000000;0,00;D;;;;;0,00;0;;0;;0;;0,00;329,50;;;;
31.10.2025;15:20:32;;;2;001379;;100;\OR^E;883;SPECIJAL PRODUKT DOOEL;31.10.2025;31.10.2025;;;;54243,00;;51660,00;0,00;0,00;0,000000;0,00;D;;;;;0,00;0;;0;;0;;0,00;2583,00;;;;
31.10.2025;15:22:14;;;2;001380;rabotilnica;100;\OR^E;1168;TP SENDVI^ARA 7;31.10.2025;07.11.2025;;;;21995,00;;20947,50;0,00;0,00;0,000000;0,00;D;;;;;0,00;0;;0;;0;;0,00;1047,50;;;;
31.10.2025;15:22:46;;;2;001381;;100;\OR^E;959;EKSTRA MEIN BORIS DOOEL KUMANOVO;31.10.2025;07.11.2025;;;;107879,50;;102742,50;0,00;0,00;0,000000;0,00;D;;;;;0,00;0;;0;;0;;0,00;5137,00;;;;
31.10.2025;15:23:23;;;2;001382;;100;\OR^E;156;BOSA DVA;31.10.2025;07.11.2025;;;;20588,50;;19608,00;0,00;0,00;0,000000;0,00;D;;;;;0,00;0;;0;;0;;0,00;980,50;;;;
31.10.2025;15:24:03;;;2;001383;;100;\OR^E;1348;KVATRO;31.10.2025;07.11.2025;;;;11717,50;;11159,00;0,00;0,00;0,000000;0,00;D;;;;;0,00;0;;0;;0;;0,00;558,50;;;;
31.10.2025;15:26:06;;;2;001384;;100;\OR^E;1321;MB-DOO;31.10.2025;07.11.2025;;;;10342,50;;9850,00;0,00;0,00;0,000000;0,00;D;;;;;0,00;0;;0;;0;;0,00;492,50;;;;
05.11.2025;14:48:42;;;2;001385;podr.ramstore vardar;100;\OR^E;971;RAMSTORE MAKEDONIJA DOO SKOPJE;31.10.2025;30.12.2025;;;;7686,00;;7320,00;0,00;0,00;0,000000;0,00;D;;;;;0,00;0;;0;;0;;0,00;366,00;;;;
07.11.2025;08:29:18;;;2;001386;podr.ramstore xevahir;100;\OR^E;971;RAMSTORE MAKEDONIJA DOO SKOPJE;06.11.2025;05.01.2026;;;;5166,00;;4920,00;0,00;0,00;0,000000;0,00;D;;;;;0,00;0;;0;;0;;0,00;246,00;;;;
06.11.2025;08:25:06;;;2;001387;REPTIL-19avtokomanda;100;\OR^E;1225;REPTIL DPTU;05.11.2025;05.12.2025;;;;2709,00;;2580,00;0,00;0,00;0,000000;0,00;D;;;;;0,00;0;;0;;0;;0,00;129,00;;;;
06.11.2025;08:26:02;;;2;001388;REPTIL-17 kozle;100;\OR^E;1225;REPTIL DPTU;05.11.2025;05.12.2025;;;;2667,00;;2540,00;0,00;0,00;0,000000;0,00;D;;;;;0,00;0;;0;;0;;0,00;127,00;;;;
06.11.2025;08:26:53;;;2;001389;REPTIL-16 leninova;100;\OR^E;1225;REPTIL DPTU;05.11.2025;05.12.2025;;;;1827,00;;1740,00;0,00;0,00;0,000000;0,00;D;;;;;0,00;0;;0;;0;;0,00;87,00;;;;
06.11.2025;08:27:33;;;2;001390;REPTIL-12 nerezi;100;\OR^E;1225;REPTIL DPTU;05.11.2025;05.12.2025;;;;1890,00;;1800,00;0,00;0,00;0,000000;0,00;D;;;;;0,00;0;;0;;0;;0,00;90,00;;;;
06.11.2025;08:28:29;;;2;001391;REPTIL-5 karpo[;100;\OR^E;1225;REPTIL DPTU;05.11.2025;05.12.2025;;;;2667,00;;2540,00;0,00;0,00;0,000000;0,00;D;;;;;0,00;0;;0;;0;;0,00;127,00;;;;
06.11.2025;08:29:13;;;2;001392;REPTIL-1 ruzveltova;100;\OR^E;1225;REPTIL DPTU;05.11.2025;05.12.2025;;;;9870,00;;9400,00;0,00;0,00;0,000000;0,00;D;;;;;0,00;0;;0;;0;;0,00;470,00;;;;
07.11.2025;08:29:52;;;2;001393;ZUR market-14 maxari;100;\OR^E;874;T.D.GRANDPROM ZUR DOO;05.11.2025;05.12.2025;;;;3654,00;;3480,00;0,00;0,00;0,000000;0,00;D;;;;;0,00;0;;0;;0;;0,00;174,00;;;;
07.11.2025;08:30:06;;;2;001394;ZUR market-20 karpo[;100;\OR^E;874;T.D.GRANDPROM ZUR DOO;06.11.2025;06.12.2025;;;;2667,00;;2540,00;0,00;0,00;0,000000;0,00;D;;;;;0,00;0;;0;;0;;0,00;127,00;;;;
07.11.2025;08:30:26;;;2;001395;ZUR market-1 rasdnik;100;\OR^E;874;T.D.GRANDPROM ZUR DOO;06.11.2025;06.12.2025;;;;2709,00;;2580,00;0,00;0,00;0,000000;0,00;D;;;;;0,00;0;;0;;0;;0,00;129,00;;;;
07.11.2025;08:31:16;;;2;001396;ZUR market-9 maxari;100;\OR^E;874;T.D.GRANDPROM ZUR DOO;06.11.2025;06.12.2025;;;;5481,00;;5220,00;0,00;0,00;0,000000;0,00;D;;;;;0,00;0;;0;;0;;0,00;261,00;;;;
07.11.2025;08:31:42;;;2;001397;ZUR market-15 k.voda;100;\OR^E;874;T.D.GRANDPROM ZUR DOO;06.11.2025;06.12.2025;;;;1212,00;;1154,50;0,00;0,00;0,000000;0,00;D;;;;;0,00;0;;0;;0;;0,00;57,50;;;;
10.11.2025;09:58:21;;;2;001398;ZUR market-1 s.zelenikovo;100;\OR^E;874;T.D.GRANDPROM ZUR DOO;06.11.2025;06.12.2025;;;;4536,00;;4320,00;0,00;0,00;0,000000;0,00;D;;;;;0,00;0;;0;;0;;0,00;216,00;;;;
07.11.2025;08:31:57;;;2;001399;podr.ramstore g.lisi^e;100;\OR^E;971;RAMSTORE MAKEDONIJA DOO SKOPJE;06.11.2025;05.01.2026;;;;3570,50;;3400,50;0,00;0,00;0,000000;0,00;D;;;;;0,00;0;;0;;0;;0,00;170,00;;;;
10.11.2025;10:09:10;;;2;001400;s.petrovec;100;\OR^E;920;BORJAN DIM DOOEL SKOPJE;06.11.2025;13.11.2025;;;;11355,50;;10815,00;0,00;0,00;0,000000;0,00;D;;;;;0,00;0;;0;;0;;0,00;540,50;;;;
07.11.2025;08:27:27;;;2;001401;;100;\OR^E;914;SONJA ISAEVA;05.11.2025;05.11.2025;;;;1367,00;;1302,00;0,00;0,00;0,000000;0,00;D;;;;;0,00;0;;0;;0;;0,00;65,00;;;;
07.11.2025;08:32:23;;;2;001402;;100;\OR^E;877;INTEGRAL DOOEL;05.11.2025;20.11.2025;;;;17090,00;;16276,50;0,00;0,00;0,000000;0,00;D;;;;;0,00;0;;0;;0;;0,00;813,50;;;;
06.11.2025;08:49:49;;;2;001403;VERO-10 k.voda;100;\OR^E;1050;VEROPULOS DOOEL SKOPJE;05.11.2025;04.01.2026;;;;10841,00;;10325,00;0,00;0,00;0,000000;0,00;D;;;;;0,00;0;;0;;0;;0,00;516,00;;;;
06.11.2025;08:50:42;;;2;001404;VERO-1 aerodrom;100;\OR^E;1050;VEROPULOS DOOEL SKOPJE;05.11.2025;04.01.2026;;;;3480,00;;3314,50;0,00;0,00;0,000000;0,00;D;;;;;0,00;0;;0;;0;;0,00;165,50;;;;
06.11.2025;08:51:28;;;2;001405;VERO-2 taftalixe;100;\OR^E;1050;VEROPULOS DOOEL SKOPJE;05.11.2025;04.01.2026;;;;6315,00;;6014,50;0,00;0,00;0,000000;0,00;D;;;;;0,00;0;;0;;0;;0,00;300,50;;;;
06.11.2025;08:52:43;;;2;001406;VERO-5 centar;100;\OR^E;1050;VEROPULOS DOOEL SKOPJE;05.11.2025;04.01.2026;;;;4795,50;;4567,00;0,00;0,00;0,000000;0,00;D;;;;;0,00;0;;0;;0;;0,00;228,50;;;;
07.11.2025;08:32:38;;;2;001407;VERO-8^air;100;\OR^E;1050;VEROPULOS DOOEL SKOPJE;05.11.2025;04.01.2026;;;;9656,00;;9196,50;0,00;0,00;0,000000;0,00;D;;;;;0,00;0;;0;;0;;0,00;459,50;;;;
07.11.2025;08:33:20;;;2;001408;VERO-7 gtc;100;\OR^E;1050;VEROPULOS DOOEL SKOPJE;05.11.2025;04.01.2026;;;;7218,00;;6874,00;0,00;0,00;0,000000;0,00;D;;;;;0,00;0;;0;;0;;0,00;344,00;;;;
07.11.2025;08:33:47;;;2;001409;leptokarija;100;\OR^E;1168;TP SENDVI^ARA 7;05.11.2025;12.11.2025;;;;8798,00;;8379,00;0,00;0,00;0,000000;0,00;D;;;;;0,00;0;;0;;0;;0,00;419,00;;;;
07.11.2025;08:33:59;;;2;001410;REPTIL-23 aerodrom;100;\OR^E;1225;REPTIL DPTU;05.11.2025;05.12.2025;;;;1953,00;;1860,00;0,00;0,00;0,000000;0,00;D;;;;;0,00;0;;0;;0;;0,00;93,00;;;;
12.11.2025;09:18:34;;;2;001411;;100;\OR^E;37;GALEKS RA DOOEL;05.11.2025;12.11.2025;;;;6835,50;;6510,00;0,00;0,00;0,000000;0,00;D;;;;;0,00;0;;0;;0;;0,00;325,50;;;;
07.11.2025;08:35:29;;;2;001412;n.lisi^e;100;\OR^E;56;BEJKING BREAD DOOEL NOVO LISI^E;05.11.2025;12.11.2025;;;;1092,00;;1040,00;0,00;0,00;0,000000;0,00;D;;;;;0,00;0;;0;;0;;0,00;52,00;;;;
10.11.2025;10:09:34;;;2;001413;ZUR market-13 dra^evo;100;\OR^E;874;T.D.GRANDPROM ZUR DOO;06.11.2025;06.12.2025;;;;11811,00;;11248,50;0,00;0,00;0,000000;0,00;D;;;;;0,00;0;;0;;0;;0,00;562,50;;;;
10.11.2025;10:18:35;;;2;001414;ZUR market-13 dra^evo;100;\OR^E;874;T.D.GRANDPROM ZUR DOO;06.11.2025;06.12.2025;;;;8031,00;;7648,50;0,00;0,00;0,000000;0,00;D;;;;;0,00;0;;0;;0;;0,00;382,50;;;;
10.11.2025;10:18:47;;;2;001415;ZUR market-7 dra^evo;100;\OR^E;874;T.D.GRANDPROM ZUR DOO;06.11.2025;06.12.2025;;;;4734,00;;4509,00;0,00;0,00;0,000000;0,00;D;;;;;0,00;0;;0;;0;;0,00;225,00;;;;
07.11.2025;08:43:20;;;2;001416;VERO-4 bitola;100;\OR^E;1050;VEROPULOS DOOEL SKOPJE;06.11.2025;05.01.2026;;;;18156,00;;17291,50;0,00;0,00;0,000000;0,00;D;;;;;0,00;0;;0;;0;;0,00;864,50;;;;
10.11.2025;10:34:27;;;5;000111;;100;\OR^E;100;MAGACIN \OR^E;05.11.2025;05.11.2025;;;;;;0,00;0,00;0,00;1,000000;0,00;;;;;;0,00;0;;0;;0;;0,00;0,00;;;;
07.11.2025;08:49:56;;;2;001417;VERO-3 tetovo;100;\OR^E;1050;VEROPULOS DOOEL SKOPJE;06.11.2025;05.01.2026;;;;7371,00;;7020,00;0,00;0,00;0,000000;0,00;D;;;;;0,00;0;;0;;0;;0,00;351,00;;;;
07.11.2025;08:49:29;;;2;001418;VERO- n.banka;100;\OR^E;1050;VEROPULOS DOOEL SKOPJE;06.11.2025;05.01.2026;;;;9786,00;;9320,00;0,00;0,00;0,000000;0,00;D;;;;;0,00;0;;0;;0;;0,00;466,00;;;;
07.11.2025;08:50:46;;;2;001419;VERO-13 limak;100;\OR^E;1050;VEROPULOS DOOEL SKOPJE;06.11.2025;05.01.2026;;;;5079,00;;4837,00;0,00;0,00;0,000000;0,00;D;;;;;0,00;0;;0;;0;;0,00;242,00;;;;
10.11.2025;10:19:06;;;2;001420;podr.ramstore city moll;100;\OR^E;971;RAMSTORE MAKEDONIJA DOO SKOPJE;06.11.2025;05.01.2026;;;;9429,50;;8980,50;0,00;0,00;0,000000;0,00;D;;;;;0,00;0;;0;;0;;0,00;449,00;;;;
10.11.2025;10:19:30;;;2;001421;ZUR market-2 dra^evo;100;\OR^E;874;T.D.GRANDPROM ZUR DOO;07.11.2025;07.12.2025;;;;3654,00;;3480,00;0,00;0,00;0,000000;0,00;D;;;;;0,00;0;;0;;0;;0,00;174,00;;;;
07.11.2025;08:55:08;;;2;001422;ambasada;100;\OR^E;1168;TP SENDVI^ARA 7;06.11.2025;13.11.2025;;;;8798,00;;8379,00;0,00;0,00;0,000000;0,00;D;;;;;0,00;0;;0;;0;;0,00;419,00;;;;
07.11.2025;08:55:34;;;2;001423;;100;\OR^E;1028;MAKROPROM;06.11.2025;13.11.2025;;;;11730,50;;11172,00;0,00;0,00;0,000000;0,00;D;;;;;0,00;0;;0;;0;;0,00;558,50;;;;
13.11.2025;08:37:11;;;2;001424;;100;\OR^E;160;DOOEL A.M. OHRID;06.11.2025;13.11.2025;;;;10473,50;;9975,00;0,00;0,00;0,000000;0,00;D;;;;;0,00;0;;0;;0;;0,00;498,50;;;;
07.11.2025;08:57:44;;;2;001425;REPTIL-8 radi[ani;100;\OR^E;1225;REPTIL DPTU;06.11.2025;06.12.2025;;;;3654,00;;3480,00;0,00;0,00;0,000000;0,00;D;;;;;0,00;0;;0;;0;;0,00;174,00;;;;
07.11.2025;08:58:21;;;2;001426;REPTIL-10 butel;100;\OR^E;1225;REPTIL DPTU;06.11.2025;06.12.2025;;;;3780,00;;3600,00;0,00;0,00;0,000000;0,00;D;;;;;0,00;0;;0;;0;;0,00;180,00;;;;
07.11.2025;08:58:51;;;2;001427;REPTIL-3 k.voda;100;\OR^E;1225;REPTIL DPTU;06.11.2025;06.12.2025;;;;4440,00;;4228,50;0,00;0,00;0,000000;0,00;D;;;;;0,00;0;;0;;0;;0,00;211,50;;;;
10.11.2025;10:19:45;;;2;001428;DIM market-5 dra^evo;100;\OR^E;874;T.D.GRANDPROM ZUR DOO;07.11.2025;07.12.2025;;;;5814,00;;5537,00;0,00;0,00;0,000000;0,00;D;;;;;0,00;0;;0;;0;;0,00;277,00;;;;
10.11.2025;10:20:25;;;2;001429;DIM market-8 d.lisi^e;100;\OR^E;874;T.D.GRANDPROM ZUR DOO;07.11.2025;07.12.2025;;;;6078,00;;5788,50;0,00;0,00;0,000000;0,00;D;;;;;0,00;0;;0;;0;;0,00;289,50;;;;
13.11.2025;08:38:25;;;2;001430;DIM market s.stajkovci;100;\OR^E;874;T.D.GRANDPROM ZUR DOO;12.11.2025;12.12.2025;;;;6927,00;;6597,00;0,00;0,00;0,000000;0,00;D;;;;;0,00;0;;0;;0;;0,00;330,00;;;;
12.11.2025;08:16:07;;;2;001431;DIM market-2 k.voda;100;\OR^E;874;T.D.GRANDPROM ZUR DOO;11.11.2025;11.12.2025;;;;8094,00;;7708,50;0,00;0,00;0,000000;0,00;D;;;;;0,00;0;;0;;0;;0,00;385,50;;;;
12.11.2025;08:16:24;;;2;001432;DIM market-3 gazi baba;100;\OR^E;874;T.D.GRANDPROM ZUR DOO;11.11.2025;11.12.2025;;;;8565,00;;8157,00;0,00;0,00;0,000000;0,00;D;;;;;0,00;0;;0;;0;;0,00;408,00;;;;
11.11.2025;09:22:08;;;2;001433;DIM market-4 hrom;100;\OR^E;874;T.D.GRANDPROM ZUR DOO;10.11.2025;10.12.2025;;;;7107,00;;6768,50;0,00;0,00;0,000000;0,00;D;;;;;0,00;0;;0;;0;;0,00;338,50;;;;
11.11.2025;09:26:35;;;2;001434;DIM market-6 gor^e;100;\OR^E;874;T.D.GRANDPROM ZUR DOO;10.11.2025;10.12.2025;;;;4974,00;;4737,00;0,00;0,00;0,000000;0,00;D;;;;;0,00;0;;0;;0;;0,00;237,00;;;;
12.11.2025;08:16:47;;;2;001435;DIM market-7-aerodrom;100;\OR^E;874;T.D.GRANDPROM ZUR DOO;11.11.2025;11.12.2025;;;;7905,00;;7528,50;0,00;0,00;0,000000;0,00;D;;;;;0,00;0;;0;;0;;0,00;376,50;;;;
11.11.2025;09:32:42;;;2;001436;DIM market-14 karpo[-4;100;\OR^E;874;T.D.GRANDPROM ZUR DOO;10.11.2025;10.12.2025;;;;10698,00;;10188,50;0,00;0,00;0,000000;0,00;D;;;;;0,00;0;;0;;0;;0,00;509,50;;;;
13.11.2025;08:38:12;;;2;001437;DIM market-17 singelik;100;\OR^E;874;T.D.GRANDPROM ZUR DOO;12.11.2025;12.12.2025;;;;8691,00;;8277,00;0,00;0,00;0,000000;0,00;D;;;;;0,00;0;;0;;0;;0,00;414,00;;;;
13.11.2025;08:37:44;;;2;001438;DIM market-18 singelik;100;\OR^E;874;T.D.GRANDPROM ZUR DOO;10.11.2025;10.12.2025;;;;10518,00;;10017,00;0,00;0,00;0,000000;0,00;D;;;;;0,00;0;;0;;0;;0,00;501,00;;;;
12.11.2025;08:17:19;;;2;001439;DIM market-19centar;100;\OR^E;874;T.D.GRANDPROM ZUR DOO;11.11.2025;11.12.2025;;;;3654,00;;3480,00;0,00;0,00;0,000000;0,00;D;;;;;0,00;0;;0;;0;;0,00;174,00;;;;
11.11.2025;09:36:20;;;2;001440;DIM market-21 voena bolnica;100;\OR^E;874;T.D.GRANDPROM ZUR DOO;10.11.2025;10.12.2025;;;;6204,00;;5908,50;0,00;0,00;0,000000;0,00;D;;;;;0,00;0;;0;;0;;0,00;295,50;;;;
11.11.2025;09:36:30;;;2;001441;DIM market-22 gor^e;100;\OR^E;874;T.D.GRANDPROM ZUR DOO;10.11.2025;10.12.2025;;;;8031,00;;7648,50;0,00;0,00;0,000000;0,00;D;;;;;0,00;0;;0;;0;;0,00;382,50;;;;
12.11.2025;08:17:30;;;2;001442;DIM market-23 k.voda;100;\OR^E;874;T.D.GRANDPROM ZUR DOO;11.11.2025;11.12.2025;;;;3987,00;;3797,00;0,00;0,00;0,000000;0,00;D;;;;;0,00;0;;0;;0;;0,00;190,00;;;;
11.11.2025;09:39:07;;;2;001443;DIM market-9 kumanovo;100;\OR^E;874;T.D.GRANDPROM ZUR DOO;11.11.2025;11.12.2025;;;;2487,00;;2368,50;0,00;0,00;0,000000;0,00;D;;;;;0,00;0;;0;;0;;0,00;118,50;;;;
11.11.2025;09:39:49;;;2;001444;DIM market-13 kumanovo;100;\OR^E;874;T.D.GRANDPROM ZUR DOO;11.11.2025;11.12.2025;;;;2487,00;;2368,50;0,00;0,00;0,000000;0,00;D;;;;;0,00;0;;0;;0;;0,00;118,50;;;;
10.11.2025;10:34:50;;;2;001445;gtc;100;\OR^E;1432;RESTORAN KAJ XINO DOOOEL;07.11.2025;14.11.2025;;;;10925,00;;10405,00;0,00;0,00;0,000000;0,00;D;;;;;0,00;0;;0;;0;;0,00;520,00;;;;
10.11.2025;10:35:44;;;2;001446;restoran;100;\OR^E;1168;TP SENDVI^ARA 7;07.11.2025;14.11.2025;;;;4399,00;;4189,50;0,00;0,00;0,000000;0,00;D;;;;;0,00;0;;0;;0;;0,00;209,50;;;;
10.11.2025;14:16:56;;;2;001447;magacin saraj;100;\OR^E;187;DAUTI-KOMERC KE[&KERI;10.11.2025;10.12.2025;;;;50274,00;;47880,00;0,00;0,00;0,000000;0,00;D;;;;;0,00;0;;0;;0;;0,00;2394,00;;;;
10.11.2025;14:18:01;;;5;000112;;100;\OR^E;100;MAGACIN \OR^E;10.11.2025;10.11.2025;;;;;;0,00;0,00;0,00;1,000000;0,00;;;;;;0,00;0;;0;;0;;0,00;0,00;;;;
10.11.2025;14:18:50;;;2;001448;s.glumovo;100;\OR^E;836;EURO-IS-GRUP S.GLUMOVO;10.11.2025;17.11.2025;;;;37486,00;;35701,00;0,00;0,00;0,000000;0,00;D;;;;;0,00;0;;0;;0;;0,00;1785,00;;;;
11.11.2025;09:14:23;;;9;000089;;100;\OR^E;1;ZORAN BITOLA;29.10.2025;13.11.2025;;;;2940,00;;2800,00;0,00;0,00;0,000000;0,00;D;;;;;0,00;0;;0;;0;;0,00;140,00;;;;
11.11.2025;09:16:06;;;9;000090;;100;\OR^E;8;RESTORAN FA-FA SKOPJE;07.11.2025;07.11.2025;;;;4200,00;;4000,00;0,00;0,00;0,000000;0,00;D;;;;;0,00;0;;0;;0;;0,00;200,00;;;;
12.11.2025;08:15:02;;;9;000091;;100;\OR^E;1;ZORAN BITOLA;12.11.2025;27.11.2025;;;;5880,00;;5600,00;0,00;0,00;0,000000;0,00;D;;;;;0,00;0;;0;;0;;0,00;280,00;;;;
12.11.2025;08:20:10;;;2;001449;;100;\OR^E;874;T.D.GRANDPROM ZUR DOO;12.11.2025;12.12.2025;;;;0,00;;0,00;0,00;0,00;0,000000;0,00;D;;;;;0,00;0;;0;;0;;0,00;0,00;;;;
12.11.2025;08:20:20;;;2;001450;;100;\OR^E;874;T.D.GRANDPROM ZUR DOO;12.11.2025;12.12.2025;;;;0,00;;0,00;0,00;0,00;0,000000;0,00;D;;;;;0,00;0;;0;;0;;0,00;0,00;;;;
12.11.2025;08:20:49;;;2;001451;;100;\OR^E;80;SORANI M PET DOOEL [TIP;12.11.2025;19.11.2025;;;;2184,00;;2080,00;0,00;0,00;0,000000;0,00;D;;;;;0,00;0;;0;;0;;0,00;104,00;;;;
13.11.2025;08:38:45;;;2;001452;ZUR market-11 lisi^e;100;\OR^E;874;T.D.GRANDPROM ZUR DOO;12.11.2025;12.12.2025;;;;5481,00;;5220,00;0,00;0,00;0,000000;0,00;D;;;;;0,00;0;;0;;0;;0,00;261,00;;;;
13.11.2025;08:38:58;;;2;001453;;100;\OR^E;1301;MEDISON T.P.;12.11.2025;19.11.2025;;;;15561,00;;14820,00;0,00;0,00;0,000000;0,00;D;;;;;0,00;0;;0;;0;;0,00;741,00;;;;
12.11.2025;14:24:17;;;5;000113;;100;\OR^E;100;MAGACIN \OR^E;12.11.2025;12.11.2025;;;;;;0,00;0,00;0,00;1,000000;0,00;;;;;;0,00;0;;0;;0;;0,00;0,00;;;;
13.11.2025;08:39:10;;;2;001454;;100;\OR^E;1158;SEQ-IS;12.11.2025;19.11.2025;;;;7780,50;;7410,00;0,00;0,00;0,000000;0,00;D;;;;;0,00;0;;0;;0;;0,00;370,50;;;;
13.11.2025;08:39:29;;;2;001455;;100;\OR^E;1371;SER@;12.11.2025;19.11.2025;;;;1764,00;;1680,00;0,00;0,00;0,000000;0,00;D;;;;;0,00;0;;0;;0;;0,00;84,00;;;;
13.11.2025;09:27:38;;;9;000092;;100;\OR^E;81;DAN^E PAZAR GOR^E;13.11.2025;13.11.2025;;;;1500,00;;1428,50;0,00;0,00;0,000000;0,00;D;;;;;0,00;0;;0;;0;;0,00;71,50;;;;
14.11.2025;08:19:17;;;2;001456;ilinden;100;\OR^E;908;OK RESTORANTS & BARS DOOEL;13.11.2025;20.11.2025;;;;4630,50;;4410,00;0,00;0,00;0,000000;0,00;D;;;;;0,00;0;;0;;0;;0,00;220,50;;;;
14.11.2025;08:20:18;;;2;001457;restoran fotka;100;\OR^E;902;LUKSEMURG KOMERC PERO DOOEL SKOPJE;13.11.2025;20.11.2025;;;;2835,00;;2700,00;0,00;0,00;0,000000;0,00;D;;;;;0,00;0;;0;;0;;0,00;135,00;;;;
14.11.2025;08:21:10;;;2;001458;REPTIL-7 porta;100;\OR^E;1225;REPTIL DPTU;13.11.2025;13.12.2025;;;;2667,00;;2540,00;0,00;0,00;0,000000;0,00;D;;;;;0,00;0;;0;;0;;0,00;127,00;;;;
14.11.2025;08:22:41;;;2;001459;podr.ramstore vodno;100;\OR^E;971;RAMSTORE MAKEDONIJA DOO SKOPJE;13.11.2025;12.01.2026;;;;5066,50;;4825,00;0,00;0,00;0,000000;0,00;D;;;;;0,00;0;;0;;0;;0,00;241,50;;;;
14.11.2025;08:24:43;;;2;001460;REPTIL-10 butel;100;\OR^E;1225;REPTIL DPTU;13.11.2025;13.12.2025;;;;3780,00;;3600,00;0,00;0,00;0,000000;0,00;D;;;;;0,00;0;;0;;0;;0,00;180,00;;;;
14.11.2025;08:25:25;;;2;001461;VERO- n.banka;100;\OR^E;1050;VEROPULOS DOOEL SKOPJE;13.11.2025;12.01.2026;;;;5370,00;;5114,00;0,00;0,00;0,000000;0,00;D;;;;;0,00;0;;0;;0;;0,00;256,00;;;;
14.11.2025;08:27:31;;;2;001462;saraj;100;\OR^E;63;DERVENT PRODUKT DOOEL SKOPJE;13.11.2025;20.11.2025;;;;34673,50;;33022,50;0,00;0,00;0,000000;0,00;D;;;;;0,00;0;;0;;0;;0,00;1651,00;;;;
14.11.2025;08:30:21;;;2;001463;s.glumovo;100;\OR^E;167;DOOEL ADRIJUS SKOPJE;13.11.2025;20.11.2025;;;;93665,00;;89205,00;0,00;0,00;0,000000;0,00;D;;;;;0,00;0;;0;;0;;0,00;4460,00;;;;
14.11.2025;08:30:07;;;5;000114;;100;\OR^E;100;MAGACIN \OR^E;13.11.2025;13.11.2025;;;;;;0,00;0,00;0,00;1,000000;0,00;;;;;;0,00;0;;0;;0;;0,00;0,00;;;;
14.11.2025;08:31:24;;;2;001464;GIGO TREJD-2 goor^e;100;\OR^E;2008;GIGO-TREJD;13.11.2025;20.11.2025;;;;2114,50;;2014,00;0,00;0,00;0,000000;0,00;D;;;;;0,00;0;;0;;0;;0,00;100,50;;;;
14.11.2025;08:32:13;;;2;001465;ZUR market-21gor^e;100;\OR^E;874;T.D.GRANDPROM ZUR DOO;13.11.2025;13.12.2025;;;;3654,00;;3480,00;0,00;0,00;0,000000;0,00;D;;;;;0,00;0;;0;;0;;0,00;174,00;;;;
14.11.2025;10:49:23;;;9;000093;;100;\OR^E;1423;GRADOTE DOOEL;14.11.2025;14.11.2025;;;;2730,00;;2600,00;0,00;0,00;0,000000;0,00;D;;;;;0,00;0;;0;;0;;0,00;130,00;;;;
17.11.2025;09:10:42;;;2;001466;REPTIL-2 crni^e;100;\OR^E;1225;REPTIL DPTU;14.11.2025;14.12.2025;;;;11760,00;;11200,00;0,00;0,00;0,000000;0,00;D;;;;;0,00;0;;0;;0;;0,00;560,00;;;;
17.11.2025;09:11:31;;;2;001467;;100;\OR^E;1028;MAKROPROM;14.11.2025;21.11.2025;;;;29087,00;;27702,00;0,00;0,00;0,000000;0,00;D;;;;;0,00;0;;0;;0;;0,00;1385,00;;;;
18.11.2025;10:15:33;;;2;001468;magacin saraj;100;\OR^E;187;DAUTI-KOMERC KE[&KERI;17.11.2025;17.12.2025;;;;111321,00;;106020,00;0,00;0,00;0,000000;0,00;D;;;;;0,00;0;;0;;0;;0,00;5301,00;;;;
19.11.2025;08:19:00;;;5;000115;;100;\OR^E;100;MAGACIN \OR^E;17.11.2025;17.11.2025;;;;;;0,00;0,00;0,00;1,000000;0,00;;;;;;0,00;0;;0;;0;;0,00;0,00;;;;
18.11.2025;10:17:54;;;2;001469;VERO-5 centar;100;\OR^E;1050;VEROPULOS DOOEL SKOPJE;17.11.2025;16.01.2026;;;;7253,00;;6908,00;0,00;0,00;0,000000;0,00;D;;;;;0,00;0;;0;;0;;0,00;345,00;;;;
18.11.2025;10:19:39;;;2;001470;podr.ramstore kapi[tec;100;\OR^E;971;RAMSTORE MAKEDONIJA DOO SKOPJE;17.11.2025;16.01.2026;;;;4363,00;;4155,00;0,00;0,00;0,000000;0,00;D;;;;;0,00;0;;0;;0;;0,00;208,00;;;;
18.11.2025;10:21:19;;;2;001471;;100;\OR^E;877;INTEGRAL DOOEL;17.11.2025;02.12.2025;;;;8366,50;;7967,50;0,00;0,00;0,000000;0,00;D;;;;;0,00;0;;0;;0;;0,00;399,00;;;;
18.11.2025;10:22:22;;;2;001472;;100;\OR^E;1095;BOMAGO;17.11.2025;24.11.2025;;;;28302,00;;26954,50;0,00;0,00;0,000000;0,00;D;;;;;0,00;0;;0;;0;;0,00;1347,50;;;;
19.11.2025;08:15:35;;;2;001473;VERO-6 bitola;100;\OR^E;1050;VEROPULOS DOOEL SKOPJE;18.11.2025;17.01.2026;;;;7020,00;;6685,50;0,00;0,00;0,000000;0,00;D;;;;;0,00;0;;0;;0;;0,00;334,50;;;;
19.11.2025;08:16:33;;;2;001474;GIGO TREJD-3 crni^e;100;\OR^E;2008;GIGO-TREJD;18.11.2025;25.11.2025;;;;4074,00;;3880,00;0,00;0,00;0,000000;0,00;D;;;;;0,00;0;;0;;0;;0,00;194,00;;;;
19.11.2025;08:19:30;;;2;001475;VERO-7 gtc;100;\OR^E;1050;VEROPULOS DOOEL SKOPJE;18.11.2025;17.01.2026;;;;10266,00;;9777,00;0,00;0,00;0,000000;0,00;D;;;;;0,00;0;;0;;0;;0,00;489,00;;;;
19.11.2025;08:19:21;;;5;000116;;100;\OR^E;100;MAGACIN \OR^E;18.11.2025;18.11.2025;;;;;;0,00;0,00;0,00;1,000000;0,00;;;;;;0,00;0;;0;;0;;0,00;0,00;;;;
19.11.2025;08:21:09;;;2;001476;s.zelino;100;\OR^E;1020;DERVENT PROMET;19.11.2025;26.11.2025;;;;22518,00;;21446,00;0,00;0,00;0,000000;0,00;D;;;;;0,00;0;;0;;0;;0,00;1072,00;;;;
19.11.2025;08:22:01;;;2;001477;podr.ramstore g.lisi^e;100;\OR^E;971;RAMSTORE MAKEDONIJA DOO SKOPJE;19.11.2025;18.01.2026;;;;2866,50;;2730,00;0,00;0,00;0,000000;0,00;D;;;;;0,00;0;;0;;0;;0,00;136,50;;;;
19.11.2025;08:23:01;;;2;001478;VERO-12 city moll;100;\OR^E;1050;VEROPULOS DOOEL SKOPJE;18.11.2025;17.01.2026;;;;9055,50;;8624,50;0,00;0,00;0,000000;0,00;D;;;;;0,00;0;;0;;0;;0,00;431,00;;;;
